status_of_existing_checking_account,duration_in_month,credit_history,purpose,credit_amount,savings_account_bonds,present_employment_since,installment_rate_in_percentage_of_disposable_income,personal_status_and_sex,other_debtors_guarantors,present_residence_since,property,age_in_years,other_installment_plans,housing,number_of_existing_credits_at_this_bank,job,number_of_people_being_liable_to_provide_maintenance_for,telephone,foreign_worker,credit_risk
no checking account,36,critical account/ other credits existing (not at this bank),radio/television,3342,A65,.. >= 7 years,4,male : single,none,2,"if not A121/A122 : car or other, not in attribute 6",51,none,own,1,skilled employee / official,1,"yes, registered under the customers name",yes,0
no checking account,15,critical account/ other credits existing (not at this bank),furniture/equipment,3343,A61,1 <= ... < 4 years,4,male : single,none,2,unknown / no property,28,none,for free,1,skilled employee / official,1,"yes, registered under the customers name",yes,0
no checking account,18,existing credits paid back duly till now,car (used),3378,A65,1 <= ... < 4 years,2,male : single,none,1,if not A121 : building society savings agreement/ life insurance,31,none,own,1,skilled employee / official,1,"yes, registered under the customers name",yes,0
no checking account,24,critical account/ other credits existing (not at this bank),furniture/equipment,3777,A64,1 <= ... < 4 years,4,male : single,none,4,real estate,50,none,own,1,skilled employee / official,1,"yes, registered under the customers name",yes,0
no checking account,36,critical account/ other credits existing (not at this bank),car (new),3535,A61,4 <= ... < 7 years,4,male : single,none,4,"if not A121/A122 : car or other, not in attribute 6",37,none,own,2,skilled employee / official,1,"yes, registered under the customers name",yes,0
no checking account,24,delay in paying off in the past,furniture/equipment,4151,A62,1 <= ... < 4 years,2,male : single,none,3,if not A121 : building society savings agreement/ life insurance,35,none,own,2,skilled employee / official,1,none,yes,0
no checking account,24,critical account/ other credits existing (not at this bank),business,4139,A62,1 <= ... < 4 years,3,male : single,none,3,if not A121 : building society savings agreement/ life insurance,27,none,own,2,unskilled - resident,1,"yes, registered under the customers name",yes,0
no checking account,30,delay in paying off in the past,business,4272,A62,1 <= ... < 4 years,2,male : single,none,2,if not A121 : building society savings agreement/ life insurance,26,none,own,2,unskilled - resident,1,none,yes,0
no checking account,24,critical account/ other credits existing (not at this bank),business,4526,A61,1 <= ... < 4 years,3,male : single,none,2,real estate,74,none,own,1,management/ self-employed/ highly qualified employee/ officer,1,"yes, registered under the customers name",yes,0
no checking account,24,critical account/ other credits existing (not at this bank),car (used),4042,A65,4 <= ... < 7 years,3,male : single,none,4,if not A121 : building society savings agreement/ life insurance,43,none,own,2,skilled employee / official,1,"yes, registered under the customers name",yes,0
0 <= ... < 200 DM,24,existing credits paid back duly till now,furniture/equipment,3069,A62,.. >= 7 years,4,male : single,none,4,unknown / no property,30,none,for free,1,skilled employee / official,1,none,yes,0
no checking account,36,existing credits paid back duly till now,car (new),3079,A65,1 <= ... < 4 years,4,male : single,none,4,real estate,36,none,own,1,skilled employee / official,1,none,yes,0
... >= 200 DM / salary assignments for at least 1 year,8,critical account/ other credits existing (not at this bank),car (new),2957,A64,4 <= ... < 7 years,4,male : single,none,4,real estate,39,bank,own,1,unskilled - resident,1,"yes, registered under the customers name",yes,0
no checking account,18,existing credits paid back duly till now,radio/television,2957,A61,... < 1 year,4,male : divorced/separated,none,1,real estate,25,none,own,1,skilled employee / official,1,"yes, registered under the customers name",yes,0
no checking account,36,critical account/ other credits existing (not at this bank),car (new),3535,A61,4 <= ... < 7 years,4,male : single,none,4,"if not A121/A122 : car or other, not in attribute 6",37,none,own,2,skilled employee / official,1,"yes, registered under the customers name",yes,0
no checking account,24,existing credits paid back duly till now,car (used),9277,A65,1 <= ... < 4 years,2,male : divorced/separated,none,4,unknown / no property,48,none,for free,1,skilled employee / official,1,"yes, registered under the customers name",yes,0
no checking account,42,existing credits paid back duly till now,radio/television,7166,A65,4 <= ... < 7 years,2,male : married/widowed,none,4,if not A121 : building society savings agreement/ life insurance,29,none,rent,1,skilled employee / official,1,"yes, registered under the customers name",yes,0
no checking account,60,existing credits paid back duly till now,car (new),10366,A61,.. >= 7 years,2,male : single,none,4,if not A121 : building society savings agreement/ life insurance,42,none,own,1,management/ self-employed/ highly qualified employee/ officer,1,"yes, registered under the customers name",yes,0
no checking account,36,critical account/ other credits existing (not at this bank),car (used),10477,A65,.. >= 7 years,2,male : single,none,4,unknown / no property,42,none,for free,2,skilled employee / official,1,none,yes,0
no checking account,11,critical account/ other credits existing (not at this bank),car (new),7228,A61,1 <= ... < 4 years,1,male : single,none,4,if not A121 : building society savings agreement/ life insurance,39,none,own,2,unskilled - resident,1,none,yes,0
no checking account,24,critical account/ other credits existing (not at this bank),radio/television,2684,A61,1 <= ... < 4 years,4,male : single,none,2,real estate,35,none,own,2,unskilled - resident,1,none,yes,0
0 <= ... < 200 DM,30,delay in paying off in the past,business,2503,A62,.. >= 7 years,4,male : single,none,2,if not A121 : building society savings agreement/ life insurance,41,stores,own,2,skilled employee / official,1,none,yes,0
0 <= ... < 200 DM,24,delay in paying off in the past,furniture/equipment,2333,A65,... < 1 year,4,male : single,none,2,if not A121 : building society savings agreement/ life insurance,29,bank,own,1,unskilled - resident,1,none,yes,0
no checking account,24,critical account/ other credits existing (not at this bank),radio/television,2424,A65,.. >= 7 years,4,male : single,none,4,if not A121 : building society savings agreement/ life insurance,53,none,own,2,skilled employee / official,1,none,yes,0
... < 0 DM,36,critical account/ other credits existing (not at this bank),furniture/equipment,2348,A61,1 <= ... < 4 years,3,male : married/widowed,none,2,if not A121 : building society savings agreement/ life insurance,46,none,own,2,skilled employee / official,1,"yes, registered under the customers name",yes,0
no checking account,24,critical account/ other credits existing (not at this bank),radio/television,2684,A61,1 <= ... < 4 years,4,male : single,none,2,real estate,35,none,own,2,unskilled - resident,1,none,yes,0
no checking account,18,all credits at this bank paid back duly,furniture/equipment,2659,A64,4 <= ... < 7 years,4,male : single,none,2,"if not A121/A122 : car or other, not in attribute 6",28,none,own,1,skilled employee / official,1,none,no,0
no checking account,15,existing credits paid back duly till now,car (used),3029,A61,4 <= ... < 7 years,2,male : single,none,2,"if not A121/A122 : car or other, not in attribute 6",33,none,own,1,skilled employee / official,1,none,yes,0
no checking account,6,existing credits paid back duly till now,furniture/equipment,2978,A63,1 <= ... < 4 years,1,male : single,none,2,"if not A121/A122 : car or other, not in attribute 6",32,none,own,1,skilled employee / official,1,"yes, registered under the customers name",yes,0
0 <= ... < 200 DM,21,critical account/ other credits existing (not at this bank),furniture/equipment,2745,A64,4 <= ... < 7 years,3,male : single,none,2,"if not A121/A122 : car or other, not in attribute 6",32,none,own,2,skilled employee / official,1,"yes, registered under the customers name",yes,0
no checking account,6,existing credits paid back duly till now,domestic appliances,1338,A63,1 <= ... < 4 years,1,male : divorced/separated,none,4,real estate,62,none,own,1,skilled employee / official,1,none,yes,0
no checking account,24,existing credits paid back duly till now,car (new),1393,A61,1 <= ... < 4 years,2,male : single,guarantor,2,real estate,31,none,own,1,skilled employee / official,1,"yes, registered under the customers name",yes,0
no checking account,12,critical account/ other credits existing (not at this bank),furniture/equipment,1402,A63,4 <= ... < 7 years,3,female : divorced/separated/married,none,4,"if not A121/A122 : car or other, not in attribute 6",37,none,rent,1,skilled employee / official,1,"yes, registered under the customers name",yes,0
no checking account,22,existing credits paid back duly till now,car (new),1283,A65,4 <= ... < 7 years,4,female : divorced/separated/married,none,4,if not A121 : building society savings agreement/ life insurance,25,none,rent,1,skilled employee / official,1,none,yes,0
... < 0 DM,6,existing credits paid back duly till now,education,276,A65,1 <= ... < 4 years,1,female : divorced/separated/married,guarantor,4,if not A121 : building society savings agreement/ life insurance,19,none,rent,1,skilled employee / official,1,"yes, registered under the customers name",no,0
no checking account,12,existing credits paid back duly till now,furniture/equipment,1574,A61,1 <= ... < 4 years,4,male : single,none,2,real estate,50,none,own,1,skilled employee / official,1,none,yes,0
0 <= ... < 200 DM,15,existing credits paid back duly till now,radio/television,1444,A65,... < 1 year,4,male : single,none,1,if not A121 : building society savings agreement/ life insurance,23,none,own,1,skilled employee / official,1,none,yes,0
no checking account,6,existing credits paid back duly till now,furniture/equipment,1543,A64,1 <= ... < 4 years,4,male : divorced/separated,none,2,real estate,33,none,own,1,skilled employee / official,1,none,yes,0
no checking account,10,existing credits paid back duly till now,car (new),1418,A62,1 <= ... < 4 years,3,male : single,none,2,real estate,35,none,rent,1,unskilled - resident,1,none,no,0
no checking account,24,existing credits paid back duly till now,car (new),1474,A62,... < 1 year,4,male : married/widowed,none,3,real estate,33,none,own,1,skilled employee / official,1,"yes, registered under the customers name",yes,0
no checking account,24,existing credits paid back duly till now,business,1258,A61,4 <= ... < 7 years,4,male : single,none,1,real estate,25,none,own,1,skilled employee / official,1,"yes, registered under the customers name",yes,0
no checking account,24,existing credits paid back duly till now,car (new),1249,A61,... < 1 year,4,male : married/widowed,none,2,real estate,28,none,own,1,skilled employee / official,1,none,yes,0
no checking account,24,existing credits paid back duly till now,radio/television,1278,A61,.. >= 7 years,4,male : single,none,1,real estate,36,none,own,1,management/ self-employed/ highly qualified employee/ officer,1,"yes, registered under the customers name",yes,0
... < 0 DM,12,delay in paying off in the past,furniture/equipment,1344,A62,.. >= 7 years,4,male : single,none,1,real estate,19,none,own,1,skilled employee / official,1,"yes, registered under the customers name",no,0
no checking account,24,existing credits paid back duly till now,radio/television,1413,A61,1 <= ... < 4 years,4,male : married/widowed,none,2,if not A121 : building society savings agreement/ life insurance,28,none,own,1,skilled employee / official,1,none,yes,0
... < 0 DM,24,existing credits paid back duly till now,furniture/equipment,7721,A65,... < 1 year,1,female : divorced/separated/married,none,2,if not A121 : building society savings agreement/ life insurance,30,none,own,1,skilled employee / official,1,"yes, registered under the customers name",no,0
no checking account,18,critical account/ other credits existing (not at this bank),furniture/equipment,8072,A65,unemployed,1,male : single,none,2,"if not A121/A122 : car or other, not in attribute 6",55,none,own,2,management/ self-employed/ highly qualified employee/ officer,1,none,yes,0
0 <= ... < 200 DM,36,existing credits paid back duly till now,car (used),6948,A61,1 <= ... < 4 years,2,male : single,none,2,"if not A121/A122 : car or other, not in attribute 6",35,none,rent,1,management/ self-employed/ highly qualified employee/ officer,1,"yes, registered under the customers name",yes,0
... < 0 DM,24,existing credits paid back duly till now,others,10722,A64,... < 1 year,1,female : divorced/separated/married,none,4,if not A121 : building society savings agreement/ life insurance,19,none,own,1,management/ self-employed/ highly qualified employee/ officer,1,"yes, registered under the customers name",no,0
no checking account,60,existing credits paid back duly till now,car (new),10366,A61,.. >= 7 years,2,male : single,none,4,if not A121 : building society savings agreement/ life insurance,42,none,own,1,management/ self-employed/ highly qualified employee/ officer,1,"yes, registered under the customers name",yes,0
no checking account,12,critical account/ other credits existing (not at this bank),furniture/equipment,5801,A65,.. >= 7 years,2,male : single,none,4,if not A121 : building society savings agreement/ life insurance,49,none,rent,1,skilled employee / official,1,"yes, registered under the customers name",yes,0
0 <= ... < 200 DM,24,delay in paying off in the past,business,6967,A62,4 <= ... < 7 years,4,male : single,none,4,"if not A121/A122 : car or other, not in attribute 6",36,none,rent,1,management/ self-employed/ highly qualified employee/ officer,1,"yes, registered under the customers name",yes,0
no checking account,42,existing credits paid back duly till now,radio/television,7166,A65,4 <= ... < 7 years,2,male : married/widowed,none,4,if not A121 : building society savings agreement/ life insurance,29,none,rent,1,skilled employee / official,1,"yes, registered under the customers name",yes,0
no checking account,24,existing credits paid back duly till now,furniture/equipment,5511,A62,1 <= ... < 4 years,4,male : single,none,1,"if not A121/A122 : car or other, not in attribute 6",25,stores,own,1,skilled employee / official,1,none,yes,0
0 <= ... < 200 DM,48,existing credits paid back duly till now,others,5381,A65,unemployed,3,male : single,none,4,unknown / no property,40,bank,for free,1,unemployed/ unskilled - non-resident,1,"yes, registered under the customers name",yes,0
0 <= ... < 200 DM,9,critical account/ other credits existing (not at this bank),radio/television,1154,A61,.. >= 7 years,2,male : single,none,4,real estate,37,none,own,3,unskilled - resident,1,none,yes,0
no checking account,9,critical account/ other credits existing (not at this bank),education,1244,A65,.. >= 7 years,4,female : divorced/separated/married,none,4,if not A121 : building society savings agreement/ life insurance,41,none,rent,2,unskilled - resident,1,none,yes,0
0 <= ... < 200 DM,9,critical account/ other credits existing (not at this bank),radio/television,1048,A61,.. >= 7 years,2,male : single,none,4,real estate,37,none,own,3,unskilled - resident,1,none,yes,0
... < 0 DM,24,critical account/ other credits existing (not at this bank),radio/television,1231,A64,.. >= 7 years,4,female : divorced/separated/married,none,4,if not A121 : building society savings agreement/ life insurance,57,none,rent,2,management/ self-employed/ highly qualified employee/ officer,1,"yes, registered under the customers name",yes,0
no checking account,12,critical account/ other credits existing (not at this bank),business,1264,A65,.. >= 7 years,4,male : single,none,4,unknown / no property,57,none,rent,1,unskilled - resident,1,none,yes,0
no checking account,36,existing credits paid back duly till now,car (new),3079,A65,1 <= ... < 4 years,4,male : single,none,4,real estate,36,none,own,1,skilled employee / official,1,none,yes,0
0 <= ... < 200 DM,24,existing credits paid back duly till now,furniture/equipment,3069,A62,.. >= 7 years,4,male : single,none,4,unknown / no property,30,none,for free,1,skilled employee / official,1,none,yes,0
no checking account,12,existing credits paid back duly till now,radio/television,3077,A61,1 <= ... < 4 years,2,male : single,none,4,"if not A121/A122 : car or other, not in attribute 6",52,none,own,1,skilled employee / official,1,"yes, registered under the customers name",yes,0
no checking account,36,critical account/ other credits existing (not at this bank),radio/television,3342,A65,.. >= 7 years,4,male : single,none,2,"if not A121/A122 : car or other, not in attribute 6",51,none,own,1,skilled employee / official,1,"yes, registered under the customers name",yes,0
no checking account,24,existing credits paid back duly till now,radio/television,3235,A63,.. >= 7 years,3,male : divorced/separated,none,2,"if not A121/A122 : car or other, not in attribute 6",26,none,own,1,management/ self-employed/ highly qualified employee/ officer,1,"yes, registered under the customers name",yes,0
no checking account,24,existing credits paid back duly till now,radio/television,1901,A62,1 <= ... < 4 years,4,male : single,none,4,"if not A121/A122 : car or other, not in attribute 6",29,none,rent,1,management/ self-employed/ highly qualified employee/ officer,1,"yes, registered under the customers name",yes,0
no checking account,30,existing credits paid back duly till now,radio/television,1867,A65,.. >= 7 years,4,male : single,none,4,"if not A121/A122 : car or other, not in attribute 6",58,none,own,1,skilled employee / official,1,"yes, registered under the customers name",yes,0
0 <= ... < 200 DM,9,critical account/ other credits existing (not at this bank),furniture/equipment,1919,A61,4 <= ... < 7 years,4,male : single,none,3,"if not A121/A122 : car or other, not in attribute 6",35,none,rent,1,skilled employee / official,1,"yes, registered under the customers name",yes,0
no checking account,15,existing credits paid back duly till now,radio/television,1979,A65,.. >= 7 years,4,male : single,none,2,"if not A121/A122 : car or other, not in attribute 6",35,none,own,1,skilled employee / official,1,none,yes,0
0 <= ... < 200 DM,24,delay in paying off in the past,car (new),1965,A65,1 <= ... < 4 years,4,female : divorced/separated/married,none,4,"if not A121/A122 : car or other, not in attribute 6",42,none,rent,2,skilled employee / official,1,"yes, registered under the customers name",yes,0
no checking account,12,critical account/ other credits existing (not at this bank),car (new),276,A64,1 <= ... < 4 years,4,male : single,none,4,if not A121 : building society savings agreement/ life insurance,19,none,own,2,management/ self-employed/ highly qualified employee/ officer,1,"yes, registered under the customers name",yes,0
... < 0 DM,24,critical account/ other credits existing (not at this bank),radio/television,1231,A64,.. >= 7 years,4,female : divorced/separated/married,none,4,if not A121 : building society savings agreement/ life insurance,57,none,rent,2,management/ self-employed/ highly qualified employee/ officer,1,"yes, registered under the customers name",yes,0
no checking account,6,existing credits paid back duly till now,domestic appliances,1338,A63,1 <= ... < 4 years,1,male : divorced/separated,none,4,real estate,62,none,own,1,skilled employee / official,1,none,yes,0
no checking account,6,existing credits paid back duly till now,car (used),1236,A63,1 <= ... < 4 years,2,male : single,none,4,if not A121 : building society savings agreement/ life insurance,50,none,rent,1,skilled employee / official,1,none,yes,0
no checking account,24,critical account/ other credits existing (not at this bank),car (new),1299,A61,1 <= ... < 4 years,1,male : single,none,4,"if not A121/A122 : car or other, not in attribute 6",28,none,own,1,unskilled - resident,1,none,yes,0
no checking account,24,existing credits paid back duly till now,car (new),1469,A62,.. >= 7 years,4,male : married/widowed,none,4,real estate,41,none,rent,1,unskilled - resident,1,none,yes,0
no checking account,18,existing credits paid back duly till now,radio/television,1473,A61,... < 1 year,3,male : married/widowed,none,4,real estate,39,none,own,1,skilled employee / official,1,"yes, registered under the customers name",yes,0
no checking account,24,existing credits paid back duly till now,car (new),1474,A62,... < 1 year,4,male : married/widowed,none,3,real estate,33,none,own,1,skilled employee / official,1,"yes, registered under the customers name",yes,0
no checking account,12,existing credits paid back duly till now,furniture/equipment,1574,A61,1 <= ... < 4 years,4,male : single,none,2,real estate,50,none,own,1,skilled employee / official,1,none,yes,0
no checking account,12,existing credits paid back duly till now,business,1542,A61,4 <= ... < 7 years,2,male : single,none,4,"if not A121/A122 : car or other, not in attribute 6",36,none,own,1,skilled employee / official,1,"yes, registered under the customers name",yes,0
no checking account,24,existing credits paid back duly till now,radio/television,999,A65,.. >= 7 years,4,male : single,none,2,"if not A121/A122 : car or other, not in attribute 6",25,none,own,2,skilled employee / official,1,none,yes,0
no checking account,18,critical account/ other credits existing (not at this bank),radio/television,1169,A65,1 <= ... < 4 years,4,male : single,none,3,if not A121 : building society savings agreement/ life insurance,29,none,own,2,skilled employee / official,1,"yes, registered under the customers name",yes,0
no checking account,18,critical account/ other credits existing (not at this bank),radio/television,1149,A64,1 <= ... < 4 years,4,male : single,none,3,real estate,46,none,own,2,skilled employee / official,1,none,yes,0
no checking account,12,critical account/ other credits existing (not at this bank),car (new),1163,A63,1 <= ... < 4 years,4,male : single,none,4,real estate,44,none,own,1,skilled employee / official,1,"yes, registered under the customers name",yes,0
no checking account,36,existing credits paid back duly till now,car (new),909,A63,.. >= 7 years,4,male : single,none,4,if not A121 : building society savings agreement/ life insurance,36,none,own,1,skilled employee / official,1,none,yes,0
no checking account,11,critical account/ other credits existing (not at this bank),car (new),7228,A61,1 <= ... < 4 years,1,male : single,none,4,if not A121 : building society savings agreement/ life insurance,39,none,own,2,unskilled - resident,1,none,yes,0
no checking account,30,critical account/ other credits existing (not at this bank),radio/television,6742,A65,4 <= ... < 7 years,2,male : single,none,3,if not A121 : building society savings agreement/ life insurance,36,none,own,2,skilled employee / official,1,none,yes,0
0 <= ... < 200 DM,20,existing credits paid back duly till now,car (used),6468,A65,unemployed,1,male : divorced/separated,none,4,real estate,60,none,own,1,management/ self-employed/ highly qualified employee/ officer,1,"yes, registered under the customers name",yes,0
no checking account,27,delay in paying off in the past,car (used),8613,A64,1 <= ... < 4 years,2,male : single,none,2,"if not A121/A122 : car or other, not in attribute 6",27,none,own,2,skilled employee / official,1,none,yes,0
0 <= ... < 200 DM,20,no credits taken/ all credits paid back duly,car (used),6148,A62,.. >= 7 years,3,male : married/widowed,none,4,"if not A121/A122 : car or other, not in attribute 6",31,bank,own,2,skilled employee / official,1,"yes, registered under the customers name",yes,0
no checking account,24,existing credits paid back duly till now,car (new),1469,A62,.. >= 7 years,4,male : married/widowed,none,4,real estate,41,none,rent,1,unskilled - resident,1,none,yes,0
no checking account,18,existing credits paid back duly till now,radio/television,1473,A61,... < 1 year,3,male : married/widowed,none,4,real estate,39,none,own,1,skilled employee / official,1,"yes, registered under the customers name",yes,0
no checking account,12,critical account/ other credits existing (not at this bank),car (new),1424,A61,4 <= ... < 7 years,2,male : single,none,4,real estate,55,none,own,1,skilled employee / official,1,none,yes,0
no checking account,15,critical account/ other credits existing (not at this bank),radio/television,1471,A61,1 <= ... < 4 years,4,male : single,none,4,unknown / no property,35,none,for free,2,skilled employee / official,1,"yes, registered under the customers name",yes,0
no checking account,12,critical account/ other credits existing (not at this bank),furniture/equipment,1402,A63,4 <= ... < 7 years,3,female : divorced/separated/married,none,4,"if not A121/A122 : car or other, not in attribute 6",37,none,rent,1,skilled employee / official,1,"yes, registered under the customers name",yes,0
no checking account,24,existing credits paid back duly till now,car (new),1393,A61,1 <= ... < 4 years,2,male : single,guarantor,2,real estate,31,none,own,1,skilled employee / official,1,"yes, registered under the customers name",yes,0
no checking account,15,critical account/ other credits existing (not at this bank),radio/television,1316,A63,1 <= ... < 4 years,2,male : married/widowed,none,2,if not A121 : building society savings agreement/ life insurance,47,none,own,2,unskilled - resident,1,none,yes,0
no checking account,12,existing credits paid back duly till now,car (used),1413,A64,4 <= ... < 7 years,3,male : single,none,2,if not A121 : building society savings agreement/ life insurance,55,none,own,1,skilled employee / official,1,none,no,0
no checking account,24,existing credits paid back duly till now,radio/television,1413,A61,1 <= ... < 4 years,4,male : married/widowed,none,2,if not A121 : building society savings agreement/ life insurance,28,none,own,1,skilled employee / official,1,none,yes,0
no checking account,10,existing credits paid back duly till now,car (new),1418,A62,1 <= ... < 4 years,3,male : single,none,2,real estate,35,none,rent,1,unskilled - resident,1,none,no,0
0 <= ... < 200 DM,10,existing credits paid back duly till now,car (used),276,A62,4 <= ... < 7 years,4,male : single,none,4,if not A121 : building society savings agreement/ life insurance,36,none,own,1,management/ self-employed/ highly qualified employee/ officer,1,"yes, registered under the customers name",yes,0
no checking account,12,critical account/ other credits existing (not at this bank),furniture/equipment,5801,A65,.. >= 7 years,2,male : single,none,4,if not A121 : building society savings agreement/ life insurance,49,none,rent,1,skilled employee / official,1,"yes, registered under the customers name",yes,0
0 <= ... < 200 DM,24,delay in paying off in the past,business,6967,A62,4 <= ... < 7 years,4,male : single,none,4,"if not A121/A122 : car or other, not in attribute 6",36,none,rent,1,management/ self-employed/ highly qualified employee/ officer,1,"yes, registered under the customers name",yes,0
no checking account,42,existing credits paid back duly till now,radio/television,7166,A65,4 <= ... < 7 years,2,male : married/widowed,none,4,if not A121 : building society savings agreement/ life insurance,29,none,rent,1,skilled employee / official,1,"yes, registered under the customers name",yes,0
no checking account,24,existing credits paid back duly till now,furniture/equipment,5511,A62,1 <= ... < 4 years,4,male : single,none,1,"if not A121/A122 : car or other, not in attribute 6",25,stores,own,1,skilled employee / official,1,none,yes,0
no checking account,24,existing credits paid back duly till now,business,1258,A61,4 <= ... < 7 years,4,male : single,none,1,real estate,25,none,own,1,skilled employee / official,1,"yes, registered under the customers name",yes,0
no checking account,24,existing credits paid back duly till now,car (new),1249,A61,... < 1 year,4,male : married/widowed,none,2,real estate,28,none,own,1,skilled employee / official,1,none,yes,0
no checking account,24,existing credits paid back duly till now,radio/television,1278,A61,.. >= 7 years,4,male : single,none,1,real estate,36,none,own,1,management/ self-employed/ highly qualified employee/ officer,1,"yes, registered under the customers name",yes,0
no checking account,24,existing credits paid back duly till now,radio/television,1413,A61,1 <= ... < 4 years,4,male : married/widowed,none,2,if not A121 : building society savings agreement/ life insurance,28,none,own,1,skilled employee / official,1,none,yes,0
no checking account,10,critical account/ other credits existing (not at this bank),furniture/equipment,1347,A65,1 <= ... < 4 years,4,male : single,none,1,if not A121 : building society savings agreement/ life insurance,27,none,own,2,skilled employee / official,1,none,yes,0
no checking account,6,critical account/ other credits existing (not at this bank),radio/television,1740,A61,.. >= 7 years,2,male : married/widowed,none,2,real estate,30,none,rent,2,skilled employee / official,1,none,yes,0
no checking account,6,critical account/ other credits existing (not at this bank),car (new),2080,A63,1 <= ... < 4 years,1,male : married/widowed,none,2,"if not A121/A122 : car or other, not in attribute 6",24,none,own,1,skilled employee / official,1,none,yes,0
no checking account,24,critical account/ other credits existing (not at this bank),furniture/equipment,2028,A61,4 <= ... < 7 years,2,male : single,none,2,if not A121 : building society savings agreement/ life insurance,30,none,own,2,unskilled - resident,1,none,yes,0
no checking account,6,existing credits paid back duly till now,furniture/equipment,1766,A61,1 <= ... < 4 years,1,male : married/widowed,none,2,if not A121 : building society savings agreement/ life insurance,21,none,rent,1,skilled employee / official,1,none,yes,0
no checking account,24,critical account/ other credits existing (not at this bank),education,1927,A65,1 <= ... < 4 years,3,female : divorced/separated/married,none,2,"if not A121/A122 : car or other, not in attribute 6",33,none,own,2,skilled employee / official,1,"yes, registered under the customers name",yes,0
no checking account,24,delay in paying off in the past,furniture/equipment,4151,A62,1 <= ... < 4 years,2,male : single,none,3,if not A121 : building society savings agreement/ life insurance,35,none,own,2,skilled employee / official,1,none,yes,0
no checking account,24,critical account/ other credits existing (not at this bank),business,4139,A62,1 <= ... < 4 years,3,male : single,none,3,if not A121 : building society savings agreement/ life insurance,27,none,own,2,unskilled - resident,1,"yes, registered under the customers name",yes,0
no checking account,30,delay in paying off in the past,business,4272,A62,1 <= ... < 4 years,2,male : single,none,2,if not A121 : building society savings agreement/ life insurance,26,none,own,2,unskilled - resident,1,none,yes,0
no checking account,24,critical account/ other credits existing (not at this bank),business,4526,A61,1 <= ... < 4 years,3,male : single,none,2,real estate,74,none,own,1,management/ self-employed/ highly qualified employee/ officer,1,"yes, registered under the customers name",yes,0
no checking account,24,critical account/ other credits existing (not at this bank),car (used),4042,A65,4 <= ... < 7 years,3,male : single,none,4,if not A121 : building society savings agreement/ life insurance,43,none,own,2,skilled employee / official,1,"yes, registered under the customers name",yes,0
no checking account,15,existing credits paid back duly till now,car (used),3812,A62,... < 1 year,1,female : divorced/separated/married,none,4,"if not A121/A122 : car or other, not in attribute 6",23,none,own,1,skilled employee / official,1,"yes, registered under the customers name",yes,0
no checking account,24,existing credits paid back duly till now,furniture/equipment,3972,A61,4 <= ... < 7 years,2,female : divorced/separated/married,none,4,if not A121 : building society savings agreement/ life insurance,25,none,rent,1,skilled employee / official,1,"yes, registered under the customers name",yes,0
no checking account,9,existing credits paid back duly till now,education,3832,A65,.. >= 7 years,1,male : single,none,4,real estate,64,none,own,1,unskilled - resident,1,none,yes,0
no checking account,24,delay in paying off in the past,furniture/equipment,4151,A62,1 <= ... < 4 years,2,male : single,none,3,if not A121 : building society savings agreement/ life insurance,35,none,own,2,skilled employee / official,1,none,yes,0
no checking account,24,critical account/ other credits existing (not at this bank),car (used),4042,A65,4 <= ... < 7 years,3,male : single,none,4,if not A121 : building society savings agreement/ life insurance,43,none,own,2,skilled employee / official,1,"yes, registered under the customers name",yes,0
no checking account,24,critical account/ other credits existing (not at this bank),radio/television,2684,A61,1 <= ... < 4 years,4,male : single,none,2,real estate,35,none,own,2,unskilled - resident,1,none,yes,0
no checking account,18,existing credits paid back duly till now,furniture/equipment,2515,A61,1 <= ... < 4 years,3,male : single,none,4,real estate,43,none,own,1,skilled employee / official,1,"yes, registered under the customers name",yes,0
0 <= ... < 200 DM,21,critical account/ other credits existing (not at this bank),furniture/equipment,2745,A64,4 <= ... < 7 years,3,male : single,none,2,"if not A121/A122 : car or other, not in attribute 6",32,none,own,2,skilled employee / official,1,"yes, registered under the customers name",yes,0
no checking account,36,existing credits paid back duly till now,radio/television,2394,A65,1 <= ... < 4 years,4,female : divorced/separated/married,none,4,"if not A121/A122 : car or other, not in attribute 6",25,none,own,1,skilled employee / official,1,none,yes,0
... < 0 DM,4,existing credits paid back duly till now,furniture/equipment,2577,A62,... < 1 year,4,female : divorced/separated/married,none,1,if not A121 : building society savings agreement/ life insurance,19,none,own,1,management/ self-employed/ highly qualified employee/ officer,1,"yes, registered under the customers name",no,0
no checking account,12,existing credits paid back duly till now,car (new),2133,A65,.. >= 7 years,4,female : divorced/separated/married,none,4,unknown / no property,52,none,for free,1,management/ self-employed/ highly qualified employee/ officer,1,"yes, registered under the customers name",yes,0
no checking account,36,existing credits paid back duly till now,radio/television,2394,A65,1 <= ... < 4 years,4,female : divorced/separated/married,none,4,"if not A121/A122 : car or other, not in attribute 6",25,none,own,1,skilled employee / official,1,none,yes,0
no checking account,21,critical account/ other credits existing (not at this bank),furniture/equipment,2288,A61,... < 1 year,4,female : divorced/separated/married,none,4,if not A121 : building society savings agreement/ life insurance,23,none,own,1,skilled employee / official,1,"yes, registered under the customers name",yes,0
no checking account,24,critical account/ other credits existing (not at this bank),radio/television,2424,A65,.. >= 7 years,4,male : single,none,4,if not A121 : building society savings agreement/ life insurance,53,none,own,2,skilled employee / official,1,none,yes,0
no checking account,24,existing credits paid back duly till now,radio/television,2284,A61,4 <= ... < 7 years,4,male : single,none,2,"if not A121/A122 : car or other, not in attribute 6",28,none,own,1,skilled employee / official,1,"yes, registered under the customers name",yes,0
no checking account,12,critical account/ other credits existing (not at this bank),car (new),682,A62,4 <= ... < 7 years,4,female : divorced/separated/married,none,3,"if not A121/A122 : car or other, not in attribute 6",51,none,own,2,skilled employee / official,1,"yes, registered under the customers name",yes,0
no checking account,6,critical account/ other credits existing (not at this bank),radio/television,700,A65,.. >= 7 years,4,male : single,none,4,unknown / no property,36,none,for free,2,skilled employee / official,1,none,yes,0
no checking account,12,critical account/ other credits existing (not at this bank),radio/television,717,A61,.. >= 7 years,4,male : single,none,4,real estate,52,none,own,3,skilled employee / official,1,none,yes,0
no checking account,12,critical account/ other credits existing (not at this bank),education,701,A61,1 <= ... < 4 years,4,male : single,none,2,"if not A121/A122 : car or other, not in attribute 6",32,none,own,2,skilled employee / official,1,none,yes,0
no checking account,12,critical account/ other credits existing (not at this bank),radio/television,618,A61,.. >= 7 years,4,male : single,none,4,real estate,56,none,own,1,skilled employee / official,1,none,yes,0
no checking account,24,critical account/ other credits existing (not at this bank),radio/television,2684,A61,1 <= ... < 4 years,4,male : single,none,2,real estate,35,none,own,2,unskilled - resident,1,none,yes,0
0 <= ... < 200 DM,30,delay in paying off in the past,business,2503,A62,.. >= 7 years,4,male : single,none,2,if not A121 : building society savings agreement/ life insurance,41,stores,own,2,skilled employee / official,1,none,yes,0
0 <= ... < 200 DM,24,delay in paying off in the past,furniture/equipment,2333,A65,... < 1 year,4,male : single,none,2,if not A121 : building society savings agreement/ life insurance,29,bank,own,1,unskilled - resident,1,none,yes,0
no checking account,24,critical account/ other credits existing (not at this bank),radio/television,2424,A65,.. >= 7 years,4,male : single,none,4,if not A121 : building society savings agreement/ life insurance,53,none,own,2,skilled employee / official,1,none,yes,0
... < 0 DM,36,critical account/ other credits existing (not at this bank),furniture/equipment,2348,A61,1 <= ... < 4 years,3,male : married/widowed,none,2,if not A121 : building society savings agreement/ life insurance,46,none,own,2,skilled employee / official,1,"yes, registered under the customers name",yes,0
... < 0 DM,18,existing credits paid back duly till now,car (new),2249,A62,4 <= ... < 7 years,4,male : single,none,3,"if not A121/A122 : car or other, not in attribute 6",30,none,own,1,management/ self-employed/ highly qualified employee/ officer,2,"yes, registered under the customers name",yes,0
no checking account,24,critical account/ other credits existing (not at this bank),radio/television,2424,A65,.. >= 7 years,4,male : single,none,4,if not A121 : building society savings agreement/ life insurance,53,none,own,2,skilled employee / official,1,none,yes,0
no checking account,24,critical account/ other credits existing (not at this bank),car (used),2346,A61,4 <= ... < 7 years,4,male : single,none,3,"if not A121/A122 : car or other, not in attribute 6",35,none,own,2,skilled employee / official,1,"yes, registered under the customers name",yes,0
... < 0 DM,24,all credits at this bank paid back duly,furniture/equipment,2483,A63,1 <= ... < 4 years,4,male : single,none,4,real estate,22,stores,own,1,skilled employee / official,1,"yes, registered under the customers name",yes,0
no checking account,21,critical account/ other credits existing (not at this bank),furniture/equipment,2288,A61,... < 1 year,4,female : divorced/separated/married,none,4,if not A121 : building society savings agreement/ life insurance,23,none,own,1,skilled employee / official,1,"yes, registered under the customers name",yes,0
no checking account,12,critical account/ other credits existing (not at this bank),radio/television,1655,A61,.. >= 7 years,2,male : single,none,4,real estate,63,none,own,2,unskilled - resident,1,"yes, registered under the customers name",yes,0
0 <= ... < 200 DM,24,delay in paying off in the past,radio/television,1965,A65,.. >= 7 years,4,male : single,guarantor,4,if not A121 : building society savings agreement/ life insurance,42,none,rent,2,unskilled - resident,1,none,yes,0
0 <= ... < 200 DM,24,delay in paying off in the past,car (new),1965,A65,1 <= ... < 4 years,4,female : divorced/separated/married,none,4,"if not A121/A122 : car or other, not in attribute 6",42,none,rent,2,skilled employee / official,1,"yes, registered under the customers name",yes,0
no checking account,12,critical account/ other credits existing (not at this bank),furniture/equipment,1935,A61,.. >= 7 years,4,male : single,none,4,real estate,43,none,own,3,skilled employee / official,1,"yes, registered under the customers name",yes,0
0 <= ... < 200 DM,12,critical account/ other credits existing (not at this bank),car (used),1804,A62,... < 1 year,3,male : single,none,4,if not A121 : building society savings agreement/ life insurance,44,none,own,1,skilled employee / official,1,none,yes,0
no checking account,15,existing credits paid back duly till now,furniture/equipment,2221,A63,1 <= ... < 4 years,2,female : divorced/separated/married,none,4,"if not A121/A122 : car or other, not in attribute 6",20,none,rent,1,skilled employee / official,1,none,yes,0
no checking account,10,existing credits paid back duly till now,radio/television,1924,A61,1 <= ... < 4 years,1,male : single,none,4,if not A121 : building society savings agreement/ life insurance,38,none,own,1,skilled employee / official,1,"yes, registered under the customers name",no,0
no checking account,6,existing credits paid back duly till now,radio/television,2108,A61,4 <= ... < 7 years,2,male : married/widowed,none,2,real estate,29,none,rent,1,skilled employee / official,1,none,yes,0
no checking account,12,existing credits paid back duly till now,furniture/equipment,276,A61,4 <= ... < 7 years,1,male : single,none,3,real estate,19,none,own,1,skilled employee / official,1,none,yes,0
no checking account,24,critical account/ other credits existing (not at this bank),furniture/equipment,2028,A61,4 <= ... < 7 years,2,male : single,none,2,if not A121 : building society savings agreement/ life insurance,30,none,own,2,unskilled - resident,1,none,yes,0
no checking account,24,critical account/ other credits existing (not at this bank),education,1927,A65,1 <= ... < 4 years,3,female : divorced/separated/married,none,2,"if not A121/A122 : car or other, not in attribute 6",33,none,own,2,skilled employee / official,1,"yes, registered under the customers name",yes,0
no checking account,18,existing credits paid back duly till now,business,1950,A61,4 <= ... < 7 years,4,male : single,none,1,"if not A121/A122 : car or other, not in attribute 6",34,stores,own,2,skilled employee / official,1,"yes, registered under the customers name",yes,0
no checking account,24,critical account/ other credits existing (not at this bank),furniture/equipment,2028,A61,4 <= ... < 7 years,2,male : single,none,2,if not A121 : building society savings agreement/ life insurance,30,none,own,2,unskilled - resident,1,none,yes,0
0 <= ... < 200 DM,18,existing credits paid back duly till now,business,1941,A64,1 <= ... < 4 years,4,male : single,none,2,if not A121 : building society savings agreement/ life insurance,35,none,own,1,unskilled - resident,1,"yes, registered under the customers name",yes,0
no checking account,15,existing credits paid back duly till now,radio/television,1979,A65,.. >= 7 years,4,male : single,none,2,"if not A121/A122 : car or other, not in attribute 6",35,none,own,1,skilled employee / official,1,none,yes,0
no checking account,24,existing credits paid back duly till now,furniture/equipment,5511,A62,1 <= ... < 4 years,4,male : single,none,1,"if not A121/A122 : car or other, not in attribute 6",25,stores,own,1,skilled employee / official,1,none,yes,0
no checking account,24,critical account/ other credits existing (not at this bank),furniture/equipment,5150,A61,.. >= 7 years,4,male : single,none,4,"if not A121/A122 : car or other, not in attribute 6",33,none,own,1,skilled employee / official,1,"yes, registered under the customers name",yes,0
0 <= ... < 200 DM,24,delay in paying off in the past,business,4712,A65,1 <= ... < 4 years,4,male : single,none,2,if not A121 : building society savings agreement/ life insurance,37,bank,own,2,management/ self-employed/ highly qualified employee/ officer,1,"yes, registered under the customers name",yes,0
no checking account,24,critical account/ other credits existing (not at this bank),business,4526,A61,1 <= ... < 4 years,3,male : single,none,2,real estate,74,none,own,1,management/ self-employed/ highly qualified employee/ officer,1,"yes, registered under the customers name",yes,0
no checking account,30,critical account/ other credits existing (not at this bank),radio/television,4530,A61,4 <= ... < 7 years,4,female : divorced/separated/married,none,4,"if not A121/A122 : car or other, not in attribute 6",26,none,rent,1,management/ self-employed/ highly qualified employee/ officer,1,"yes, registered under the customers name",yes,0
... < 0 DM,12,critical account/ other credits existing (not at this bank),car (new),2122,A61,1 <= ... < 4 years,3,male : single,none,2,real estate,39,none,rent,2,unskilled - resident,2,none,no,0
... < 0 DM,12,critical account/ other credits existing (not at this bank),car (new),276,A65,... < 1 year,2,male : single,none,2,real estate,19,none,rent,2,unskilled - resident,1,none,no,0
... < 0 DM,10,critical account/ other credits existing (not at this bank),furniture/equipment,2132,A65,... < 1 year,2,female : divorced/separated/married,co-applicant,3,real estate,27,none,rent,2,skilled employee / official,1,none,no,0
... < 0 DM,12,critical account/ other credits existing (not at this bank),radio/television,276,A65,... < 1 year,1,male : single,guarantor,2,if not A121 : building society savings agreement/ life insurance,45,none,rent,2,skilled employee / official,1,none,no,0
... < 0 DM,12,existing credits paid back duly till now,furniture/equipment,2122,A63,4 <= ... < 7 years,3,male : single,none,2,if not A121 : building society savings agreement/ life insurance,19,none,for free,2,skilled employee / official,2,none,no,0
no checking account,12,existing credits paid back duly till now,furniture/equipment,1574,A61,1 <= ... < 4 years,4,male : single,none,2,real estate,50,none,own,1,skilled employee / official,1,none,yes,0
no checking account,12,critical account/ other credits existing (not at this bank),furniture/equipment,1592,A64,4 <= ... < 7 years,3,female : divorced/separated/married,none,2,if not A121 : building society savings agreement/ life insurance,35,none,own,1,skilled employee / official,1,none,no,0
no checking account,6,existing credits paid back duly till now,furniture/equipment,1766,A61,1 <= ... < 4 years,1,male : married/widowed,none,2,if not A121 : building society savings agreement/ life insurance,21,none,rent,1,skilled employee / official,1,none,yes,0
no checking account,18,existing credits paid back duly till now,car (new),1820,A61,1 <= ... < 4 years,2,male : married/widowed,none,2,if not A121 : building society savings agreement/ life insurance,30,none,own,1,management/ self-employed/ highly qualified employee/ officer,1,"yes, registered under the customers name",yes,0
0 <= ... < 200 DM,18,existing credits paid back duly till now,business,1941,A64,1 <= ... < 4 years,4,male : single,none,2,if not A121 : building society savings agreement/ life insurance,35,none,own,1,unskilled - resident,1,"yes, registered under the customers name",yes,0
... < 0 DM,30,existing credits paid back duly till now,furniture/equipment,3622,A64,.. >= 7 years,4,female : divorced/separated/married,none,4,if not A121 : building society savings agreement/ life insurance,57,none,rent,2,skilled employee / official,1,"yes, registered under the customers name",yes,0
no checking account,36,critical account/ other credits existing (not at this bank),car (new),3535,A61,4 <= ... < 7 years,4,male : single,none,4,"if not A121/A122 : car or other, not in attribute 6",37,none,own,2,skilled employee / official,1,"yes, registered under the customers name",yes,0
0 <= ... < 200 DM,30,all credits at this bank paid back duly,furniture/equipment,3496,A64,1 <= ... < 4 years,4,male : single,none,2,"if not A121/A122 : car or other, not in attribute 6",34,stores,own,1,skilled employee / official,2,"yes, registered under the customers name",yes,0
no checking account,12,existing credits paid back duly till now,car (new),3527,A65,... < 1 year,2,male : single,none,3,if not A121 : building society savings agreement/ life insurance,45,none,own,1,management/ self-employed/ highly qualified employee/ officer,2,"yes, registered under the customers name",yes,0
... < 0 DM,6,critical account/ other credits existing (not at this bank),car (new),3676,A61,1 <= ... < 4 years,1,male : single,none,3,real estate,37,none,rent,3,skilled employee / official,2,none,yes,0
no checking account,12,existing credits paid back duly till now,radio/television,776,A61,1 <= ... < 4 years,4,male : married/widowed,none,2,real estate,28,none,own,1,skilled employee / official,1,none,yes,0
no checking account,12,existing credits paid back duly till now,car (new),640,A61,1 <= ... < 4 years,4,male : divorced/separated,none,2,real estate,49,none,own,1,unskilled - resident,1,none,yes,0
no checking account,12,existing credits paid back duly till now,radio/television,886,A65,1 <= ... < 4 years,4,female : divorced/separated/married,none,2,"if not A121/A122 : car or other, not in attribute 6",21,none,own,1,skilled employee / official,1,none,yes,0
no checking account,15,delay in paying off in the past,furniture/equipment,960,A64,4 <= ... < 7 years,3,female : divorced/separated/married,none,2,if not A121 : building society savings agreement/ life insurance,30,none,own,2,skilled employee / official,1,none,yes,0
no checking account,12,critical account/ other credits existing (not at this bank),car (new),926,A61,unemployed,1,female : divorced/separated/married,none,2,if not A121 : building society savings agreement/ life insurance,38,none,own,1,unemployed/ unskilled - non-resident,1,none,yes,0
0 <= ... < 200 DM,15,existing credits paid back duly till now,radio/television,1444,A65,... < 1 year,4,male : single,none,1,if not A121 : building society savings agreement/ life insurance,23,none,own,1,skilled employee / official,1,none,yes,0
no checking account,6,existing credits paid back duly till now,furniture/equipment,1543,A64,1 <= ... < 4 years,4,male : divorced/separated,none,2,real estate,33,none,own,1,skilled employee / official,1,none,yes,0
no checking account,12,existing credits paid back duly till now,furniture/equipment,1574,A61,1 <= ... < 4 years,4,male : single,none,2,real estate,50,none,own,1,skilled employee / official,1,none,yes,0
no checking account,4,critical account/ other credits existing (not at this bank),car (new),1433,A61,1 <= ... < 4 years,4,male : single,none,1,real estate,25,none,for free,1,skilled employee / official,1,"yes, registered under the customers name",yes,0
no checking account,24,existing credits paid back duly till now,car (new),1474,A62,... < 1 year,4,male : married/widowed,none,3,real estate,33,none,own,1,skilled employee / official,1,"yes, registered under the customers name",yes,0
no checking account,24,existing credits paid back duly till now,radio/television,999,A65,.. >= 7 years,4,male : single,none,2,"if not A121/A122 : car or other, not in attribute 6",25,none,own,2,skilled employee / official,1,none,yes,0
no checking account,18,critical account/ other credits existing (not at this bank),radio/television,1169,A65,1 <= ... < 4 years,4,male : single,none,3,if not A121 : building society savings agreement/ life insurance,29,none,own,2,skilled employee / official,1,"yes, registered under the customers name",yes,0
no checking account,18,critical account/ other credits existing (not at this bank),radio/television,1149,A64,1 <= ... < 4 years,4,male : single,none,3,real estate,46,none,own,2,skilled employee / official,1,none,yes,0
no checking account,12,critical account/ other credits existing (not at this bank),car (new),1163,A63,1 <= ... < 4 years,4,male : single,none,4,real estate,44,none,own,1,skilled employee / official,1,"yes, registered under the customers name",yes,0
no checking account,36,existing credits paid back duly till now,car (new),909,A63,.. >= 7 years,4,male : single,none,4,if not A121 : building society savings agreement/ life insurance,36,none,own,1,skilled employee / official,1,none,yes,0
no checking account,24,existing credits paid back duly till now,radio/television,1311,A62,4 <= ... < 7 years,4,male : married/widowed,none,3,if not A121 : building society savings agreement/ life insurance,26,none,own,1,skilled employee / official,1,"yes, registered under the customers name",yes,0
no checking account,24,existing credits paid back duly till now,radio/television,1278,A61,.. >= 7 years,4,male : single,none,1,real estate,36,none,own,1,management/ self-employed/ highly qualified employee/ officer,1,"yes, registered under the customers name",yes,0
no checking account,15,existing credits paid back duly till now,radio/television,1386,A65,1 <= ... < 4 years,4,male : married/widowed,none,2,real estate,40,none,rent,1,skilled employee / official,1,"yes, registered under the customers name",yes,0
no checking account,24,existing credits paid back duly till now,radio/television,1413,A61,1 <= ... < 4 years,4,male : married/widowed,none,2,if not A121 : building society savings agreement/ life insurance,28,none,own,1,skilled employee / official,1,none,yes,0
0 <= ... < 200 DM,15,existing credits paid back duly till now,radio/television,1444,A65,... < 1 year,4,male : single,none,1,if not A121 : building society savings agreement/ life insurance,23,none,own,1,skilled employee / official,1,none,yes,0
... < 0 DM,4,existing credits paid back duly till now,repairs,1374,A62,1 <= ... < 4 years,3,male : single,guarantor,3,real estate,48,none,own,1,skilled employee / official,1,none,no,0
no checking account,12,critical account/ other credits existing (not at this bank),furniture/equipment,1402,A63,4 <= ... < 7 years,3,female : divorced/separated/married,none,4,"if not A121/A122 : car or other, not in attribute 6",37,none,rent,1,skilled employee / official,1,"yes, registered under the customers name",yes,0
no checking account,22,existing credits paid back duly till now,car (new),1283,A65,4 <= ... < 7 years,4,female : divorced/separated/married,none,4,if not A121 : building society savings agreement/ life insurance,25,none,rent,1,skilled employee / official,1,none,yes,0
no checking account,6,existing credits paid back duly till now,domestic appliances,1338,A63,1 <= ... < 4 years,1,male : divorced/separated,none,4,real estate,62,none,own,1,skilled employee / official,1,none,yes,0
no checking account,12,existing credits paid back duly till now,car (used),1413,A64,4 <= ... < 7 years,3,male : single,none,2,if not A121 : building society savings agreement/ life insurance,55,none,own,1,skilled employee / official,1,none,no,0
no checking account,30,existing credits paid back duly till now,radio/television,1867,A65,.. >= 7 years,4,male : single,none,4,"if not A121/A122 : car or other, not in attribute 6",58,none,own,1,skilled employee / official,1,"yes, registered under the customers name",yes,0
no checking account,24,existing credits paid back duly till now,radio/television,1901,A62,1 <= ... < 4 years,4,male : single,none,4,"if not A121/A122 : car or other, not in attribute 6",29,none,rent,1,management/ self-employed/ highly qualified employee/ officer,1,"yes, registered under the customers name",yes,0
... >= 200 DM / salary assignments for at least 1 year,6,all credits at this bank paid back duly,business,1940,A61,4 <= ... < 7 years,4,female : divorced/separated/married,co-applicant,4,"if not A121/A122 : car or other, not in attribute 6",19,stores,rent,1,unemployed/ unskilled - non-resident,1,"yes, registered under the customers name",yes,0
no checking account,12,critical account/ other credits existing (not at this bank),furniture/equipment,1935,A61,.. >= 7 years,4,male : single,none,4,real estate,43,none,own,3,skilled employee / official,1,"yes, registered under the customers name",yes,0
no checking account,18,existing credits paid back duly till now,business,1568,A62,1 <= ... < 4 years,3,female : divorced/separated/married,none,4,if not A121 : building society savings agreement/ life insurance,24,none,rent,1,unskilled - resident,1,none,yes,0
no checking account,24,critical account/ other credits existing (not at this bank),radio/television,2684,A61,1 <= ... < 4 years,4,male : single,none,2,real estate,35,none,own,2,unskilled - resident,1,none,yes,0
0 <= ... < 200 DM,21,critical account/ other credits existing (not at this bank),furniture/equipment,2745,A64,4 <= ... < 7 years,3,male : single,none,2,"if not A121/A122 : car or other, not in attribute 6",32,none,own,2,skilled employee / official,1,"yes, registered under the customers name",yes,0
0 <= ... < 200 DM,30,delay in paying off in the past,business,2503,A62,.. >= 7 years,4,male : single,none,2,if not A121 : building society savings agreement/ life insurance,41,stores,own,2,skilled employee / official,1,none,yes,0
0 <= ... < 200 DM,24,existing credits paid back duly till now,car (used),2760,A65,.. >= 7 years,4,male : single,none,4,unknown / no property,36,bank,for free,1,skilled employee / official,1,"yes, registered under the customers name",yes,0
no checking account,18,existing credits paid back duly till now,car (new),2662,A65,4 <= ... < 7 years,4,male : single,none,3,if not A121 : building society savings agreement/ life insurance,32,none,own,1,skilled employee / official,1,none,no,0
no checking account,12,critical account/ other credits existing (not at this bank),furniture/equipment,5801,A65,.. >= 7 years,2,male : single,none,4,if not A121 : building society savings agreement/ life insurance,49,none,rent,1,skilled employee / official,1,"yes, registered under the customers name",yes,0
0 <= ... < 200 DM,24,delay in paying off in the past,business,6967,A62,4 <= ... < 7 years,4,male : single,none,4,"if not A121/A122 : car or other, not in attribute 6",36,none,rent,1,management/ self-employed/ highly qualified employee/ officer,1,"yes, registered under the customers name",yes,0
no checking account,42,existing credits paid back duly till now,radio/television,7166,A65,4 <= ... < 7 years,2,male : married/widowed,none,4,if not A121 : building society savings agreement/ life insurance,29,none,rent,1,skilled employee / official,1,"yes, registered under the customers name",yes,0
no checking account,24,existing credits paid back duly till now,furniture/equipment,5511,A62,1 <= ... < 4 years,4,male : single,none,1,"if not A121/A122 : car or other, not in attribute 6",25,stores,own,1,skilled employee / official,1,none,yes,0
0 <= ... < 200 DM,48,existing credits paid back duly till now,others,5381,A65,unemployed,3,male : single,none,4,unknown / no property,40,bank,for free,1,unemployed/ unskilled - non-resident,1,"yes, registered under the customers name",yes,0
0 <= ... < 200 DM,18,existing credits paid back duly till now,business,1941,A64,1 <= ... < 4 years,4,male : single,none,2,if not A121 : building society savings agreement/ life insurance,35,none,own,1,unskilled - resident,1,"yes, registered under the customers name",yes,0
0 <= ... < 200 DM,12,critical account/ other credits existing (not at this bank),car (used),1804,A62,... < 1 year,3,male : single,none,4,if not A121 : building society savings agreement/ life insurance,44,none,own,1,skilled employee / official,1,none,yes,0
0 <= ... < 200 DM,9,critical account/ other credits existing (not at this bank),furniture/equipment,1919,A61,4 <= ... < 7 years,4,male : single,none,3,"if not A121/A122 : car or other, not in attribute 6",35,none,rent,1,skilled employee / official,1,"yes, registered under the customers name",yes,0
no checking account,18,existing credits paid back duly till now,car (new),1820,A61,1 <= ... < 4 years,2,male : married/widowed,none,2,if not A121 : building society savings agreement/ life insurance,30,none,own,1,management/ self-employed/ highly qualified employee/ officer,1,"yes, registered under the customers name",yes,0
... < 0 DM,18,all credits at this bank paid back duly,furniture/equipment,1887,A63,... < 1 year,4,male : single,co-applicant,4,real estate,36,bank,own,1,management/ self-employed/ highly qualified employee/ officer,1,none,no,0
no checking account,24,critical account/ other credits existing (not at this bank),radio/television,2684,A61,1 <= ... < 4 years,4,male : single,none,2,real estate,35,none,own,2,unskilled - resident,1,none,yes,0
no checking account,18,existing credits paid back duly till now,furniture/equipment,2515,A61,1 <= ... < 4 years,3,male : single,none,4,real estate,43,none,own,1,skilled employee / official,1,"yes, registered under the customers name",yes,0
0 <= ... < 200 DM,21,critical account/ other credits existing (not at this bank),furniture/equipment,2745,A64,4 <= ... < 7 years,3,male : single,none,2,"if not A121/A122 : car or other, not in attribute 6",32,none,own,2,skilled employee / official,1,"yes, registered under the customers name",yes,0
no checking account,36,existing credits paid back duly till now,radio/television,2394,A65,1 <= ... < 4 years,4,female : divorced/separated/married,none,4,"if not A121/A122 : car or other, not in attribute 6",25,none,own,1,skilled employee / official,1,none,yes,0
0 <= ... < 200 DM,30,delay in paying off in the past,business,2503,A62,.. >= 7 years,4,male : single,none,2,if not A121 : building society savings agreement/ life insurance,41,stores,own,2,skilled employee / official,1,none,yes,0
no checking account,24,existing credits paid back duly till now,car (new),1469,A62,.. >= 7 years,4,male : married/widowed,none,4,real estate,41,none,rent,1,unskilled - resident,1,none,yes,0
no checking account,18,existing credits paid back duly till now,radio/television,1473,A61,... < 1 year,3,male : married/widowed,none,4,real estate,39,none,own,1,skilled employee / official,1,"yes, registered under the customers name",yes,0
no checking account,24,existing credits paid back duly till now,car (new),1474,A62,... < 1 year,4,male : married/widowed,none,3,real estate,33,none,own,1,skilled employee / official,1,"yes, registered under the customers name",yes,0
no checking account,12,existing credits paid back duly till now,furniture/equipment,1574,A61,1 <= ... < 4 years,4,male : single,none,2,real estate,50,none,own,1,skilled employee / official,1,none,yes,0
no checking account,12,existing credits paid back duly till now,business,1542,A61,4 <= ... < 7 years,2,male : single,none,4,"if not A121/A122 : car or other, not in attribute 6",36,none,own,1,skilled employee / official,1,"yes, registered under the customers name",yes,0
0 <= ... < 200 DM,24,delay in paying off in the past,radio/television,1553,A62,4 <= ... < 7 years,3,female : divorced/separated/married,none,2,if not A121 : building society savings agreement/ life insurance,23,none,rent,2,skilled employee / official,1,"yes, registered under the customers name",yes,0
no checking account,15,critical account/ other credits existing (not at this bank),radio/television,1602,A61,.. >= 7 years,1,male : married/widowed,guarantor,4,real estate,19,none,own,2,skilled employee / official,1,none,yes,0
no checking account,12,critical account/ other credits existing (not at this bank),radio/television,1655,A61,.. >= 7 years,2,male : single,none,4,real estate,63,none,own,2,unskilled - resident,1,"yes, registered under the customers name",yes,0
no checking account,12,existing credits paid back duly till now,retraining,1424,A63,.. >= 7 years,1,female : divorced/separated/married,none,4,real estate,19,none,for free,1,skilled employee / official,1,"yes, registered under the customers name",yes,0
no checking account,12,critical account/ other credits existing (not at this bank),furniture/equipment,1592,A64,4 <= ... < 7 years,3,female : divorced/separated/married,none,2,if not A121 : building society savings agreement/ life insurance,35,none,own,1,skilled employee / official,1,none,no,0
no checking account,36,critical account/ other credits existing (not at this bank),radio/television,3342,A65,.. >= 7 years,4,male : single,none,2,"if not A121/A122 : car or other, not in attribute 6",51,none,own,1,skilled employee / official,1,"yes, registered under the customers name",yes,0
no checking account,24,existing credits paid back duly till now,radio/television,3235,A63,.. >= 7 years,3,male : divorced/separated,none,2,"if not A121/A122 : car or other, not in attribute 6",26,none,own,1,management/ self-employed/ highly qualified employee/ officer,1,"yes, registered under the customers name",yes,0
no checking account,15,critical account/ other credits existing (not at this bank),furniture/equipment,3343,A61,1 <= ... < 4 years,4,male : single,none,2,unknown / no property,28,none,for free,1,skilled employee / official,1,"yes, registered under the customers name",yes,0
no checking account,15,existing credits paid back duly till now,car (used),3029,A61,4 <= ... < 7 years,2,male : single,none,2,"if not A121/A122 : car or other, not in attribute 6",33,none,own,1,skilled employee / official,1,none,yes,0
no checking account,36,existing credits paid back duly till now,car (new),3079,A65,1 <= ... < 4 years,4,male : single,none,4,real estate,36,none,own,1,skilled employee / official,1,none,yes,0
no checking account,12,existing credits paid back duly till now,radio/television,776,A61,1 <= ... < 4 years,4,male : married/widowed,none,2,real estate,28,none,own,1,skilled employee / official,1,none,yes,0
no checking account,6,existing credits paid back duly till now,repairs,660,A63,4 <= ... < 7 years,2,male : married/widowed,none,4,real estate,23,none,rent,1,unskilled - resident,1,none,yes,0
0 <= ... < 200 DM,6,existing credits paid back duly till now,radio/television,368,A65,.. >= 7 years,4,male : single,none,4,if not A121 : building society savings agreement/ life insurance,38,none,own,1,skilled employee / official,1,none,yes,0
no checking account,12,existing credits paid back duly till now,car (new),640,A61,1 <= ... < 4 years,4,male : divorced/separated,none,2,real estate,49,none,own,1,unskilled - resident,1,none,yes,0
0 <= ... < 200 DM,12,existing credits paid back duly till now,business,841,A62,4 <= ... < 7 years,2,female : divorced/separated/married,none,4,real estate,23,none,rent,1,unskilled - resident,1,none,yes,0
no checking account,9,critical account/ other credits existing (not at this bank),education,1244,A65,.. >= 7 years,4,female : divorced/separated/married,none,4,if not A121 : building society savings agreement/ life insurance,41,none,rent,2,unskilled - resident,1,none,yes,0
no checking account,12,critical account/ other credits existing (not at this bank),radio/television,1291,A61,1 <= ... < 4 years,4,female : divorced/separated/married,none,2,if not A121 : building society savings agreement/ life insurance,35,none,own,2,skilled employee / official,1,none,yes,0
0 <= ... < 200 DM,4,critical account/ other credits existing (not at this bank),radio/television,1318,A63,.. >= 7 years,4,male : single,none,4,if not A121 : building society savings agreement/ life insurance,27,none,own,1,skilled employee / official,1,"yes, registered under the customers name",yes,0
no checking account,22,existing credits paid back duly till now,car (new),1283,A65,4 <= ... < 7 years,4,female : divorced/separated/married,none,4,if not A121 : building society savings agreement/ life insurance,25,none,rent,1,skilled employee / official,1,none,yes,0
0 <= ... < 200 DM,18,existing credits paid back duly till now,education,1239,A65,1 <= ... < 4 years,4,male : single,none,4,unknown / no property,61,none,for free,1,skilled employee / official,1,none,yes,0
no checking account,24,existing credits paid back duly till now,radio/television,999,A65,.. >= 7 years,4,male : single,none,2,"if not A121/A122 : car or other, not in attribute 6",25,none,own,2,skilled employee / official,1,none,yes,0
no checking account,18,critical account/ other credits existing (not at this bank),radio/television,1149,A64,1 <= ... < 4 years,4,male : single,none,3,real estate,46,none,own,2,skilled employee / official,1,none,yes,0
no checking account,12,existing credits paid back duly till now,car (new),1101,A61,1 <= ... < 4 years,3,male : married/widowed,none,2,real estate,27,none,own,2,skilled employee / official,1,"yes, registered under the customers name",yes,0
no checking account,12,existing credits paid back duly till now,radio/television,776,A61,1 <= ... < 4 years,4,male : married/widowed,none,2,real estate,28,none,own,1,skilled employee / official,1,none,yes,0
... >= 200 DM / salary assignments for at least 1 year,18,existing credits paid back duly till now,retraining,276,A61,1 <= ... < 4 years,4,male : married/widowed,guarantor,2,real estate,22,none,own,1,skilled employee / official,1,none,yes,0
0 <= ... < 200 DM,24,delay in paying off in the past,business,6967,A62,4 <= ... < 7 years,4,male : single,none,4,"if not A121/A122 : car or other, not in attribute 6",36,none,rent,1,management/ self-employed/ highly qualified employee/ officer,1,"yes, registered under the customers name",yes,0
0 <= ... < 200 DM,36,existing credits paid back duly till now,car (used),6948,A61,1 <= ... < 4 years,2,male : single,none,2,"if not A121/A122 : car or other, not in attribute 6",35,none,rent,1,management/ self-employed/ highly qualified employee/ officer,1,"yes, registered under the customers name",yes,0
no checking account,11,critical account/ other credits existing (not at this bank),car (new),7228,A61,1 <= ... < 4 years,1,male : single,none,4,if not A121 : building society savings agreement/ life insurance,39,none,own,2,unskilled - resident,1,none,yes,0
no checking account,27,delay in paying off in the past,car (used),8613,A64,1 <= ... < 4 years,2,male : single,none,2,"if not A121/A122 : car or other, not in attribute 6",27,none,own,2,skilled employee / official,1,none,yes,0
0 <= ... < 200 DM,20,existing credits paid back duly till now,car (used),6468,A65,unemployed,1,male : divorced/separated,none,4,real estate,60,none,own,1,management/ self-employed/ highly qualified employee/ officer,1,"yes, registered under the customers name",yes,0
no checking account,12,critical account/ other credits existing (not at this bank),car (new),1163,A63,1 <= ... < 4 years,4,male : single,none,4,real estate,44,none,own,1,skilled employee / official,1,"yes, registered under the customers name",yes,0
0 <= ... < 200 DM,9,existing credits paid back duly till now,education,1199,A61,4 <= ... < 7 years,4,female : divorced/separated/married,none,4,if not A121 : building society savings agreement/ life insurance,67,none,own,2,management/ self-employed/ highly qualified employee/ officer,1,"yes, registered under the customers name",yes,0
... < 0 DM,24,critical account/ other credits existing (not at this bank),radio/television,1206,A62,.. >= 7 years,4,male : single,none,4,if not A121 : building society savings agreement/ life insurance,57,none,rent,1,unskilled - resident,1,"yes, registered under the customers name",yes,0
0 <= ... < 200 DM,18,existing credits paid back duly till now,education,1239,A65,1 <= ... < 4 years,4,male : single,none,4,unknown / no property,61,none,for free,1,skilled employee / official,1,none,yes,0
no checking account,22,existing credits paid back duly till now,car (new),1283,A65,4 <= ... < 7 years,4,female : divorced/separated/married,none,4,if not A121 : building society savings agreement/ life insurance,25,none,rent,1,skilled employee / official,1,none,yes,0
no checking account,21,existing credits paid back duly till now,car (used),5248,A65,1 <= ... < 4 years,1,male : single,none,3,"if not A121/A122 : car or other, not in attribute 6",26,none,own,1,skilled employee / official,1,none,yes,0
no checking account,24,existing credits paid back duly till now,car (used),5433,A65,unemployed,2,female : divorced/separated/married,none,4,if not A121 : building society savings agreement/ life insurance,26,none,rent,1,management/ self-employed/ highly qualified employee/ officer,1,"yes, registered under the customers name",yes,0
no checking account,30,existing credits paid back duly till now,car (used),4811,A65,4 <= ... < 7 years,2,female : divorced/separated/married,none,4,if not A121 : building society savings agreement/ life insurance,24,stores,rent,1,unskilled - resident,1,none,yes,0
no checking account,24,existing credits paid back duly till now,furniture/equipment,3972,A61,4 <= ... < 7 years,2,female : divorced/separated/married,none,4,if not A121 : building society savings agreement/ life insurance,25,none,rent,1,skilled employee / official,1,"yes, registered under the customers name",yes,0
0 <= ... < 200 DM,24,existing credits paid back duly till now,radio/television,5084,A65,.. >= 7 years,2,female : divorced/separated/married,none,4,"if not A121/A122 : car or other, not in attribute 6",42,none,own,1,skilled employee / official,1,"yes, registered under the customers name",yes,0
0 <= ... < 200 DM,18,existing credits paid back duly till now,education,1239,A65,1 <= ... < 4 years,4,male : single,none,4,unknown / no property,61,none,for free,1,skilled employee / official,1,none,yes,0
no checking account,10,critical account/ other credits existing (not at this bank),car (new),1231,A61,.. >= 7 years,3,male : single,none,4,real estate,32,none,own,2,unskilled - resident,2,none,no,0
no checking account,12,critical account/ other credits existing (not at this bank),car (new),1163,A63,1 <= ... < 4 years,4,male : single,none,4,real estate,44,none,own,1,skilled employee / official,1,"yes, registered under the customers name",yes,0
0 <= ... < 200 DM,9,existing credits paid back duly till now,education,1199,A61,4 <= ... < 7 years,4,female : divorced/separated/married,none,4,if not A121 : building society savings agreement/ life insurance,67,none,own,2,management/ self-employed/ highly qualified employee/ officer,1,"yes, registered under the customers name",yes,0
no checking account,24,existing credits paid back duly till now,car (new),1249,A61,... < 1 year,4,male : married/widowed,none,2,real estate,28,none,own,1,skilled employee / official,1,none,yes,0
no checking account,24,existing credits paid back duly till now,car (new),1249,A61,... < 1 year,4,male : married/widowed,none,2,real estate,28,none,own,1,skilled employee / official,1,none,yes,0
no checking account,15,critical account/ other credits existing (not at this bank),radio/television,1360,A61,1 <= ... < 4 years,4,male : single,none,2,if not A121 : building society savings agreement/ life insurance,31,none,own,2,skilled employee / official,1,none,yes,0
no checking account,12,critical account/ other credits existing (not at this bank),radio/television,1291,A61,1 <= ... < 4 years,4,female : divorced/separated/married,none,2,if not A121 : building society savings agreement/ life insurance,35,none,own,2,skilled employee / official,1,none,yes,0
no checking account,9,critical account/ other credits existing (not at this bank),car (new),1224,A61,1 <= ... < 4 years,3,male : single,none,1,real estate,30,none,own,2,skilled employee / official,1,none,yes,0
no checking account,24,existing credits paid back duly till now,business,1258,A61,4 <= ... < 7 years,4,male : single,none,1,real estate,25,none,own,1,skilled employee / official,1,"yes, registered under the customers name",yes,0
no checking account,12,critical account/ other credits existing (not at this bank),furniture/equipment,1935,A61,.. >= 7 years,4,male : single,none,4,real estate,43,none,own,3,skilled employee / official,1,"yes, registered under the customers name",yes,0
no checking account,9,critical account/ other credits existing (not at this bank),car (new),2134,A61,1 <= ... < 4 years,4,male : single,none,4,"if not A121/A122 : car or other, not in attribute 6",48,none,own,3,skilled employee / official,1,"yes, registered under the customers name",yes,0
0 <= ... < 200 DM,24,delay in paying off in the past,car (new),1965,A65,1 <= ... < 4 years,4,female : divorced/separated/married,none,4,"if not A121/A122 : car or other, not in attribute 6",42,none,rent,2,skilled employee / official,1,"yes, registered under the customers name",yes,0
no checking account,12,existing credits paid back duly till now,car (new),2133,A65,.. >= 7 years,4,female : divorced/separated/married,none,4,unknown / no property,52,none,for free,1,management/ self-employed/ highly qualified employee/ officer,1,"yes, registered under the customers name",yes,0
no checking account,24,existing credits paid back duly till now,radio/television,1901,A62,1 <= ... < 4 years,4,male : single,none,4,"if not A121/A122 : car or other, not in attribute 6",29,none,rent,1,management/ self-employed/ highly qualified employee/ officer,1,"yes, registered under the customers name",yes,0
0 <= ... < 200 DM,18,existing credits paid back duly till now,business,1941,A64,1 <= ... < 4 years,4,male : single,none,2,if not A121 : building society savings agreement/ life insurance,35,none,own,1,unskilled - resident,1,"yes, registered under the customers name",yes,0
0 <= ... < 200 DM,12,critical account/ other credits existing (not at this bank),car (used),1804,A62,... < 1 year,3,male : single,none,4,if not A121 : building society savings agreement/ life insurance,44,none,own,1,skilled employee / official,1,none,yes,0
0 <= ... < 200 DM,9,critical account/ other credits existing (not at this bank),furniture/equipment,1919,A61,4 <= ... < 7 years,4,male : single,none,3,"if not A121/A122 : car or other, not in attribute 6",35,none,rent,1,skilled employee / official,1,"yes, registered under the customers name",yes,0
no checking account,18,existing credits paid back duly till now,car (new),1820,A61,1 <= ... < 4 years,2,male : married/widowed,none,2,if not A121 : building society savings agreement/ life insurance,30,none,own,1,management/ self-employed/ highly qualified employee/ officer,1,"yes, registered under the customers name",yes,0
0 <= ... < 200 DM,12,existing credits paid back duly till now,car (used),2028,A65,1 <= ... < 4 years,4,male : single,none,2,"if not A121/A122 : car or other, not in attribute 6",30,none,own,1,skilled employee / official,1,none,yes,0
... < 0 DM,24,critical account/ other credits existing (not at this bank),radio/television,1231,A64,.. >= 7 years,4,female : divorced/separated/married,none,4,if not A121 : building society savings agreement/ life insurance,57,none,rent,2,management/ self-employed/ highly qualified employee/ officer,1,"yes, registered under the customers name",yes,0
no checking account,6,existing credits paid back duly till now,domestic appliances,1338,A63,1 <= ... < 4 years,1,male : divorced/separated,none,4,real estate,62,none,own,1,skilled employee / official,1,none,yes,0
no checking account,6,existing credits paid back duly till now,car (used),1236,A63,1 <= ... < 4 years,2,male : single,none,4,if not A121 : building society savings agreement/ life insurance,50,none,rent,1,skilled employee / official,1,none,yes,0
no checking account,15,critical account/ other credits existing (not at this bank),radio/television,1316,A63,1 <= ... < 4 years,2,male : married/widowed,none,2,if not A121 : building society savings agreement/ life insurance,47,none,own,2,unskilled - resident,1,none,yes,0
... < 0 DM,6,critical account/ other credits existing (not at this bank),car (used),1236,A64,.. >= 7 years,1,male : single,guarantor,4,if not A121 : building society savings agreement/ life insurance,50,none,rent,1,skilled employee / official,1,"yes, registered under the customers name",yes,0
no checking account,24,existing credits paid back duly till now,car (new),7393,A61,1 <= ... < 4 years,1,male : single,none,4,if not A121 : building society savings agreement/ life insurance,43,none,own,1,unskilled - resident,2,none,yes,0
... >= 200 DM / salary assignments for at least 1 year,4,existing credits paid back duly till now,car (used),276,A65,1 <= ... < 4 years,1,male : divorced/separated,none,2,if not A121 : building society savings agreement/ life insurance,30,none,for free,1,skilled employee / official,2,none,no,0
no checking account,24,critical account/ other credits existing (not at this bank),car (used),6842,A65,1 <= ... < 4 years,2,male : single,none,4,if not A121 : building society savings agreement/ life insurance,46,none,own,2,management/ self-employed/ highly qualified employee/ officer,2,"yes, registered under the customers name",yes,0
no checking account,60,existing credits paid back duly till now,car (new),6527,A65,1 <= ... < 4 years,4,male : single,none,4,unknown / no property,34,none,for free,1,skilled employee / official,2,"yes, registered under the customers name",yes,0
0 <= ... < 200 DM,20,existing credits paid back duly till now,car (used),6468,A65,unemployed,1,male : divorced/separated,none,4,real estate,60,none,own,1,management/ self-employed/ highly qualified employee/ officer,1,"yes, registered under the customers name",yes,0
... < 0 DM,9,critical account/ other credits existing (not at this bank),car (new),2799,A61,1 <= ... < 4 years,2,male : single,none,2,real estate,36,none,rent,2,skilled employee / official,2,none,yes,0
no checking account,9,existing credits paid back duly till now,radio/television,2697,A61,1 <= ... < 4 years,1,male : single,none,2,real estate,32,none,own,1,skilled employee / official,2,none,yes,0
no checking account,9,existing credits paid back duly till now,furniture/equipment,2828,A61,1 <= ... < 4 years,4,male : single,none,4,real estate,22,none,own,1,skilled employee / official,2,none,yes,0
no checking account,9,critical account/ other credits existing (not at this bank),furniture/equipment,2406,A61,unemployed,2,male : single,none,3,"if not A121/A122 : car or other, not in attribute 6",31,none,own,1,management/ self-employed/ highly qualified employee/ officer,1,none,yes,0
no checking account,9,existing credits paid back duly till now,car (new),2507,A63,.. >= 7 years,2,male : single,none,4,unknown / no property,51,none,for free,1,unskilled - resident,1,none,yes,0
no checking account,36,existing credits paid back duly till now,car (new),3079,A65,1 <= ... < 4 years,4,male : single,none,4,real estate,36,none,own,1,skilled employee / official,1,none,yes,0
0 <= ... < 200 DM,24,existing credits paid back duly till now,furniture/equipment,3069,A62,.. >= 7 years,4,male : single,none,4,unknown / no property,30,none,for free,1,skilled employee / official,1,none,yes,0
no checking account,12,existing credits paid back duly till now,radio/television,3077,A61,1 <= ... < 4 years,2,male : single,none,4,"if not A121/A122 : car or other, not in attribute 6",52,none,own,1,skilled employee / official,1,"yes, registered under the customers name",yes,0
no checking account,36,critical account/ other credits existing (not at this bank),radio/television,3342,A65,.. >= 7 years,4,male : single,none,2,"if not A121/A122 : car or other, not in attribute 6",51,none,own,1,skilled employee / official,1,"yes, registered under the customers name",yes,0
no checking account,24,existing credits paid back duly till now,radio/television,3235,A63,.. >= 7 years,3,male : divorced/separated,none,2,"if not A121/A122 : car or other, not in attribute 6",26,none,own,1,management/ self-employed/ highly qualified employee/ officer,1,"yes, registered under the customers name",yes,0
no checking account,6,existing credits paid back duly till now,car (used),1236,A63,1 <= ... < 4 years,2,male : single,none,4,if not A121 : building society savings agreement/ life insurance,50,none,rent,1,skilled employee / official,1,none,yes,0
no checking account,6,existing credits paid back duly till now,domestic appliances,1338,A63,1 <= ... < 4 years,1,male : divorced/separated,none,4,real estate,62,none,own,1,skilled employee / official,1,none,yes,0
no checking account,12,critical account/ other credits existing (not at this bank),business,1264,A65,.. >= 7 years,4,male : single,none,4,unknown / no property,57,none,rent,1,unskilled - resident,1,none,yes,0
no checking account,12,critical account/ other credits existing (not at this bank),car (new),1163,A63,1 <= ... < 4 years,4,male : single,none,4,real estate,44,none,own,1,skilled employee / official,1,"yes, registered under the customers name",yes,0
no checking account,22,existing credits paid back duly till now,car (new),1283,A65,4 <= ... < 7 years,4,female : divorced/separated/married,none,4,if not A121 : building society savings agreement/ life insurance,25,none,rent,1,skilled employee / official,1,none,yes,0
no checking account,12,existing credits paid back duly till now,radio/television,776,A61,1 <= ... < 4 years,4,male : married/widowed,none,2,real estate,28,none,own,1,skilled employee / official,1,none,yes,0
no checking account,12,existing credits paid back duly till now,car (new),640,A61,1 <= ... < 4 years,4,male : divorced/separated,none,2,real estate,49,none,own,1,unskilled - resident,1,none,yes,0
no checking account,12,existing credits paid back duly till now,radio/television,886,A65,1 <= ... < 4 years,4,female : divorced/separated/married,none,2,"if not A121/A122 : car or other, not in attribute 6",21,none,own,1,skilled employee / official,1,none,yes,0
... < 0 DM,6,critical account/ other credits existing (not at this bank),car (new),276,A62,... < 1 year,3,female : divorced/separated/married,guarantor,1,if not A121 : building society savings agreement/ life insurance,19,none,own,1,management/ self-employed/ highly qualified employee/ officer,1,"yes, registered under the customers name",yes,0
no checking account,12,critical account/ other credits existing (not at this bank),radio/television,618,A61,.. >= 7 years,4,male : single,none,4,real estate,56,none,own,1,skilled employee / official,1,none,yes,0
0 <= ... < 200 DM,36,existing credits paid back duly till now,education,3711,A65,1 <= ... < 4 years,2,male : married/widowed,none,2,"if not A121/A122 : car or other, not in attribute 6",27,none,own,1,skilled employee / official,1,none,yes,0
no checking account,24,delay in paying off in the past,furniture/equipment,4151,A62,1 <= ... < 4 years,2,male : single,none,3,if not A121 : building society savings agreement/ life insurance,35,none,own,2,skilled employee / official,1,none,yes,0
no checking account,24,existing credits paid back duly till now,furniture/equipment,3972,A61,4 <= ... < 7 years,2,female : divorced/separated/married,none,4,if not A121 : building society savings agreement/ life insurance,25,none,rent,1,skilled employee / official,1,"yes, registered under the customers name",yes,0
... >= 200 DM / salary assignments for at least 1 year,36,existing credits paid back duly till now,radio/television,3913,A61,1 <= ... < 4 years,2,male : single,none,2,real estate,23,none,own,1,skilled employee / official,1,"yes, registered under the customers name",yes,0
... < 0 DM,21,existing credits paid back duly till now,car (new),3763,A65,4 <= ... < 7 years,2,male : single,co-applicant,2,real estate,24,none,own,1,unskilled - resident,1,none,no,0
0 <= ... < 200 DM,24,delay in paying off in the past,business,4712,A65,1 <= ... < 4 years,4,male : single,none,2,if not A121 : building society savings agreement/ life insurance,37,bank,own,2,management/ self-employed/ highly qualified employee/ officer,1,"yes, registered under the customers name",yes,0
no checking account,24,existing credits paid back duly till now,furniture/equipment,5511,A62,1 <= ... < 4 years,4,male : single,none,1,"if not A121/A122 : car or other, not in attribute 6",25,stores,own,1,skilled employee / official,1,none,yes,0
0 <= ... < 200 DM,18,existing credits paid back duly till now,car (new),5866,A62,1 <= ... < 4 years,2,male : single,none,2,"if not A121/A122 : car or other, not in attribute 6",30,none,own,2,skilled employee / official,1,"yes, registered under the customers name",yes,0
no checking account,24,critical account/ other credits existing (not at this bank),furniture/equipment,5150,A61,.. >= 7 years,4,male : single,none,4,"if not A121/A122 : car or other, not in attribute 6",33,none,own,1,skilled employee / official,1,"yes, registered under the customers name",yes,0
no checking account,30,critical account/ other credits existing (not at this bank),radio/television,6742,A65,4 <= ... < 7 years,2,male : single,none,3,if not A121 : building society savings agreement/ life insurance,36,none,own,2,skilled employee / official,1,none,yes,0
0 <= ... < 200 DM,30,delay in paying off in the past,business,2503,A62,.. >= 7 years,4,male : single,none,2,if not A121 : building society savings agreement/ life insurance,41,stores,own,2,skilled employee / official,1,none,yes,0
0 <= ... < 200 DM,24,delay in paying off in the past,furniture/equipment,2333,A65,... < 1 year,4,male : single,none,2,if not A121 : building society savings agreement/ life insurance,29,bank,own,1,unskilled - resident,1,none,yes,0
no checking account,24,critical account/ other credits existing (not at this bank),radio/television,2424,A65,.. >= 7 years,4,male : single,none,4,if not A121 : building society savings agreement/ life insurance,53,none,own,2,skilled employee / official,1,none,yes,0
0 <= ... < 200 DM,18,existing credits paid back duly till now,car (used),2622,A65,... < 1 year,4,male : single,none,4,if not A121 : building society savings agreement/ life insurance,34,none,own,1,skilled employee / official,1,none,yes,0
no checking account,24,critical account/ other credits existing (not at this bank),car (used),2346,A61,4 <= ... < 7 years,4,male : single,none,3,"if not A121/A122 : car or other, not in attribute 6",35,none,own,2,skilled employee / official,1,"yes, registered under the customers name",yes,0
no checking account,27,delay in paying off in the past,car (used),8613,A64,1 <= ... < 4 years,2,male : single,none,2,"if not A121/A122 : car or other, not in attribute 6",27,none,own,2,skilled employee / official,1,none,yes,0
no checking account,48,critical account/ other credits existing (not at this bank),car (used),8858,A65,4 <= ... < 7 years,2,male : single,none,1,unknown / no property,35,none,for free,2,skilled employee / official,1,"yes, registered under the customers name",yes,0
0 <= ... < 200 DM,36,existing credits paid back duly till now,car (used),6948,A61,1 <= ... < 4 years,2,male : single,none,2,"if not A121/A122 : car or other, not in attribute 6",35,none,rent,1,management/ self-employed/ highly qualified employee/ officer,1,"yes, registered under the customers name",yes,0
no checking account,24,existing credits paid back duly till now,car (used),9277,A65,1 <= ... < 4 years,2,male : divorced/separated,none,4,unknown / no property,48,none,for free,1,skilled employee / official,1,"yes, registered under the customers name",yes,0
no checking account,36,critical account/ other credits existing (not at this bank),car (used),10477,A65,.. >= 7 years,2,male : single,none,4,unknown / no property,42,none,for free,2,skilled employee / official,1,none,yes,0
0 <= ... < 200 DM,36,existing credits paid back duly till now,education,3711,A65,1 <= ... < 4 years,2,male : married/widowed,none,2,"if not A121/A122 : car or other, not in attribute 6",27,none,own,1,skilled employee / official,1,none,yes,0
no checking account,24,delay in paying off in the past,furniture/equipment,4151,A62,1 <= ... < 4 years,2,male : single,none,3,if not A121 : building society savings agreement/ life insurance,35,none,own,2,skilled employee / official,1,none,yes,0
no checking account,24,existing credits paid back duly till now,furniture/equipment,3972,A61,4 <= ... < 7 years,2,female : divorced/separated/married,none,4,if not A121 : building society savings agreement/ life insurance,25,none,rent,1,skilled employee / official,1,"yes, registered under the customers name",yes,0
... >= 200 DM / salary assignments for at least 1 year,36,existing credits paid back duly till now,radio/television,3913,A61,1 <= ... < 4 years,2,male : single,none,2,real estate,23,none,own,1,skilled employee / official,1,"yes, registered under the customers name",yes,0
... < 0 DM,21,existing credits paid back duly till now,car (new),3763,A65,4 <= ... < 7 years,2,male : single,co-applicant,2,real estate,24,none,own,1,unskilled - resident,1,none,no,0
... < 0 DM,18,existing credits paid back duly till now,car (new),2249,A62,4 <= ... < 7 years,4,male : single,none,3,"if not A121/A122 : car or other, not in attribute 6",30,none,own,1,management/ self-employed/ highly qualified employee/ officer,2,"yes, registered under the customers name",yes,0
no checking account,24,critical account/ other credits existing (not at this bank),radio/television,2424,A65,.. >= 7 years,4,male : single,none,4,if not A121 : building society savings agreement/ life insurance,53,none,own,2,skilled employee / official,1,none,yes,0
no checking account,24,critical account/ other credits existing (not at this bank),car (used),2346,A61,4 <= ... < 7 years,4,male : single,none,3,"if not A121/A122 : car or other, not in attribute 6",35,none,own,2,skilled employee / official,1,"yes, registered under the customers name",yes,0
... < 0 DM,24,all credits at this bank paid back duly,furniture/equipment,2483,A63,1 <= ... < 4 years,4,male : single,none,4,real estate,22,stores,own,1,skilled employee / official,1,"yes, registered under the customers name",yes,0
no checking account,21,critical account/ other credits existing (not at this bank),furniture/equipment,2288,A61,... < 1 year,4,female : divorced/separated/married,none,4,if not A121 : building society savings agreement/ life insurance,23,none,own,1,skilled employee / official,1,"yes, registered under the customers name",yes,0
no checking account,36,critical account/ other credits existing (not at this bank),radio/television,3342,A65,.. >= 7 years,4,male : single,none,2,"if not A121/A122 : car or other, not in attribute 6",51,none,own,1,skilled employee / official,1,"yes, registered under the customers name",yes,0
no checking account,15,critical account/ other credits existing (not at this bank),furniture/equipment,3343,A61,1 <= ... < 4 years,4,male : single,none,2,unknown / no property,28,none,for free,1,skilled employee / official,1,"yes, registered under the customers name",yes,0
0 <= ... < 200 DM,36,existing credits paid back duly till now,education,3711,A65,1 <= ... < 4 years,2,male : married/widowed,none,2,"if not A121/A122 : car or other, not in attribute 6",27,none,own,1,skilled employee / official,1,none,yes,0
no checking account,36,critical account/ other credits existing (not at this bank),car (new),3535,A61,4 <= ... < 7 years,4,male : single,none,4,"if not A121/A122 : car or other, not in attribute 6",37,none,own,2,skilled employee / official,1,"yes, registered under the customers name",yes,0
no checking account,24,critical account/ other credits existing (not at this bank),furniture/equipment,3777,A64,1 <= ... < 4 years,4,male : single,none,4,real estate,50,none,own,1,skilled employee / official,1,"yes, registered under the customers name",yes,0
... < 0 DM,10,critical account/ other credits existing (not at this bank),furniture/equipment,2132,A65,... < 1 year,2,female : divorced/separated/married,co-applicant,3,real estate,27,none,rent,2,skilled employee / official,1,none,no,0
no checking account,18,delay in paying off in the past,radio/television,2320,A61,unemployed,2,male : married/widowed,none,3,real estate,34,none,own,2,skilled employee / official,1,none,yes,0
no checking account,24,critical account/ other credits existing (not at this bank),furniture/equipment,2028,A61,4 <= ... < 7 years,2,male : single,none,2,if not A121 : building society savings agreement/ life insurance,30,none,own,2,unskilled - resident,1,none,yes,0
no checking account,9,existing credits paid back duly till now,furniture/equipment,2301,A62,... < 1 year,2,female : divorced/separated/married,none,4,if not A121 : building society savings agreement/ life insurance,22,none,rent,1,skilled employee / official,1,none,yes,0
no checking account,6,critical account/ other credits existing (not at this bank),car (new),2080,A63,1 <= ... < 4 years,1,male : married/widowed,none,2,"if not A121/A122 : car or other, not in attribute 6",24,none,own,1,skilled employee / official,1,none,yes,0
no checking account,15,existing credits paid back duly till now,furniture/equipment,2221,A63,1 <= ... < 4 years,2,female : divorced/separated/married,none,4,"if not A121/A122 : car or other, not in attribute 6",20,none,rent,1,skilled employee / official,1,none,yes,0
no checking account,10,existing credits paid back duly till now,radio/television,1924,A61,1 <= ... < 4 years,1,male : single,none,4,if not A121 : building society savings agreement/ life insurance,38,none,own,1,skilled employee / official,1,"yes, registered under the customers name",no,0
no checking account,6,existing credits paid back duly till now,radio/television,2108,A61,4 <= ... < 7 years,2,male : married/widowed,none,2,real estate,29,none,rent,1,skilled employee / official,1,none,yes,0
... < 0 DM,4,delay in paying off in the past,furniture/equipment,276,A65,1 <= ... < 4 years,2,male : single,co-applicant,3,if not A121 : building society savings agreement/ life insurance,19,none,rent,1,unskilled - resident,1,"yes, registered under the customers name",no,0
no checking account,24,critical account/ other credits existing (not at this bank),furniture/equipment,2028,A61,4 <= ... < 7 years,2,male : single,none,2,if not A121 : building society savings agreement/ life insurance,30,none,own,2,unskilled - resident,1,none,yes,0
0 <= ... < 200 DM,18,existing credits paid back duly till now,education,1239,A65,1 <= ... < 4 years,4,male : single,none,4,unknown / no property,61,none,for free,1,skilled employee / official,1,none,yes,0
no checking account,22,existing credits paid back duly till now,car (new),1283,A65,4 <= ... < 7 years,4,female : divorced/separated/married,none,4,if not A121 : building society savings agreement/ life insurance,25,none,rent,1,skilled employee / official,1,none,yes,0
no checking account,12,critical account/ other credits existing (not at this bank),car (new),1163,A63,1 <= ... < 4 years,4,male : single,none,4,real estate,44,none,own,1,skilled employee / official,1,"yes, registered under the customers name",yes,0
no checking account,6,existing credits paid back duly till now,car (used),1236,A63,1 <= ... < 4 years,2,male : single,none,4,if not A121 : building society savings agreement/ life insurance,50,none,rent,1,skilled employee / official,1,none,yes,0
0 <= ... < 200 DM,9,existing credits paid back duly till now,education,1199,A61,4 <= ... < 7 years,4,female : divorced/separated/married,none,4,if not A121 : building society savings agreement/ life insurance,67,none,own,2,management/ self-employed/ highly qualified employee/ officer,1,"yes, registered under the customers name",yes,0
no checking account,24,critical account/ other credits existing (not at this bank),radio/television,1851,A61,4 <= ... < 7 years,4,male : married/widowed,guarantor,2,"if not A121/A122 : car or other, not in attribute 6",33,none,own,2,skilled employee / official,1,"yes, registered under the customers name",yes,0
0 <= ... < 200 DM,12,existing credits paid back duly till now,car (used),2028,A65,1 <= ... < 4 years,4,male : single,none,2,"if not A121/A122 : car or other, not in attribute 6",30,none,own,1,skilled employee / official,1,none,yes,0
no checking account,18,existing credits paid back duly till now,business,1950,A61,4 <= ... < 7 years,4,male : single,none,1,"if not A121/A122 : car or other, not in attribute 6",34,stores,own,2,skilled employee / official,1,"yes, registered under the customers name",yes,0
0 <= ... < 200 DM,18,existing credits paid back duly till now,business,1941,A64,1 <= ... < 4 years,4,male : single,none,2,if not A121 : building society savings agreement/ life insurance,35,none,own,1,unskilled - resident,1,"yes, registered under the customers name",yes,0
no checking account,24,critical account/ other credits existing (not at this bank),education,1927,A65,1 <= ... < 4 years,3,female : divorced/separated/married,none,2,"if not A121/A122 : car or other, not in attribute 6",33,none,own,2,skilled employee / official,1,"yes, registered under the customers name",yes,0
... < 0 DM,24,all credits at this bank paid back duly,furniture/equipment,2828,A63,1 <= ... < 4 years,4,male : single,none,4,real estate,22,stores,own,1,skilled employee / official,1,"yes, registered under the customers name",yes,0
0 <= ... < 200 DM,24,existing credits paid back duly till now,car (used),2760,A65,.. >= 7 years,4,male : single,none,4,unknown / no property,36,bank,for free,1,skilled employee / official,1,"yes, registered under the customers name",yes,0
no checking account,12,existing credits paid back duly till now,radio/television,3059,A64,4 <= ... < 7 years,2,male : divorced/separated,none,4,real estate,61,none,own,1,unskilled - resident,1,none,yes,0
no checking account,24,existing credits paid back duly till now,car (used),2603,A64,1 <= ... < 4 years,2,female : divorced/separated/married,none,4,"if not A121/A122 : car or other, not in attribute 6",28,none,rent,1,skilled employee / official,1,"yes, registered under the customers name",yes,0
no checking account,18,existing credits paid back duly till now,car (new),2662,A65,4 <= ... < 7 years,4,male : single,none,3,if not A121 : building society savings agreement/ life insurance,32,none,own,1,skilled employee / official,1,none,no,0
no checking account,24,existing credits paid back duly till now,radio/television,999,A65,.. >= 7 years,4,male : single,none,2,"if not A121/A122 : car or other, not in attribute 6",25,none,own,2,skilled employee / official,1,none,yes,0
no checking account,18,critical account/ other credits existing (not at this bank),radio/television,1149,A64,1 <= ... < 4 years,4,male : single,none,3,real estate,46,none,own,2,skilled employee / official,1,none,yes,0
no checking account,12,existing credits paid back duly till now,car (new),1101,A61,1 <= ... < 4 years,3,male : married/widowed,none,2,real estate,27,none,own,2,skilled employee / official,1,"yes, registered under the customers name",yes,0
no checking account,12,existing credits paid back duly till now,radio/television,776,A61,1 <= ... < 4 years,4,male : married/widowed,none,2,real estate,28,none,own,1,skilled employee / official,1,none,yes,0
no checking account,12,existing credits paid back duly till now,radio/television,886,A65,1 <= ... < 4 years,4,female : divorced/separated/married,none,2,"if not A121/A122 : car or other, not in attribute 6",21,none,own,1,skilled employee / official,1,none,yes,0
... < 0 DM,24,all credits at this bank paid back duly,furniture/equipment,2828,A63,1 <= ... < 4 years,4,male : single,none,4,real estate,22,stores,own,1,skilled employee / official,1,"yes, registered under the customers name",yes,0
... < 0 DM,24,critical account/ other credits existing (not at this bank),furniture/equipment,2828,A65,.. >= 7 years,4,male : single,none,4,if not A121 : building society savings agreement/ life insurance,47,stores,rent,1,skilled employee / official,1,"yes, registered under the customers name",no,0
... < 0 DM,30,critical account/ other credits existing (not at this bank),radio/television,2812,A65,.. >= 7 years,4,male : single,none,4,if not A121 : building society savings agreement/ life insurance,47,none,rent,1,skilled employee / official,1,none,no,0
0 <= ... < 200 DM,24,existing credits paid back duly till now,car (used),2760,A65,.. >= 7 years,4,male : single,none,4,unknown / no property,36,bank,for free,1,skilled employee / official,1,"yes, registered under the customers name",yes,0
no checking account,12,existing credits paid back duly till now,radio/television,3059,A64,4 <= ... < 7 years,2,male : divorced/separated,none,4,real estate,61,none,own,1,unskilled - resident,1,none,yes,0
no checking account,24,critical account/ other credits existing (not at this bank),car (used),2346,A61,4 <= ... < 7 years,4,male : single,none,3,"if not A121/A122 : car or other, not in attribute 6",35,none,own,2,skilled employee / official,1,"yes, registered under the customers name",yes,0
no checking account,24,existing credits paid back duly till now,radio/television,2284,A61,4 <= ... < 7 years,4,male : single,none,2,"if not A121/A122 : car or other, not in attribute 6",28,none,own,1,skilled employee / official,1,"yes, registered under the customers name",yes,0
no checking account,36,critical account/ other credits existing (not at this bank),furniture/equipment,2348,A61,1 <= ... < 4 years,3,male : single,none,2,if not A121 : building society savings agreement/ life insurance,30,none,own,2,skilled employee / official,1,none,yes,0
no checking account,24,critical account/ other credits existing (not at this bank),car (new),2463,A62,4 <= ... < 7 years,4,male : married/widowed,none,3,if not A121 : building society savings agreement/ life insurance,27,none,own,2,skilled employee / official,1,"yes, registered under the customers name",yes,0
... < 0 DM,36,critical account/ other credits existing (not at this bank),furniture/equipment,2348,A61,1 <= ... < 4 years,3,male : married/widowed,none,2,if not A121 : building society savings agreement/ life insurance,46,none,own,2,skilled employee / official,1,"yes, registered under the customers name",yes,0
no checking account,12,critical account/ other credits existing (not at this bank),furniture/equipment,1935,A61,.. >= 7 years,4,male : single,none,4,real estate,43,none,own,3,skilled employee / official,1,"yes, registered under the customers name",yes,0
no checking account,9,critical account/ other credits existing (not at this bank),car (new),2134,A61,1 <= ... < 4 years,4,male : single,none,4,"if not A121/A122 : car or other, not in attribute 6",48,none,own,3,skilled employee / official,1,"yes, registered under the customers name",yes,0
0 <= ... < 200 DM,24,delay in paying off in the past,car (new),1965,A65,1 <= ... < 4 years,4,female : divorced/separated/married,none,4,"if not A121/A122 : car or other, not in attribute 6",42,none,rent,2,skilled employee / official,1,"yes, registered under the customers name",yes,0
no checking account,12,existing credits paid back duly till now,car (new),2133,A65,.. >= 7 years,4,female : divorced/separated/married,none,4,unknown / no property,52,none,for free,1,management/ self-employed/ highly qualified employee/ officer,1,"yes, registered under the customers name",yes,0
no checking account,24,existing credits paid back duly till now,radio/television,1901,A62,1 <= ... < 4 years,4,male : single,none,4,"if not A121/A122 : car or other, not in attribute 6",29,none,rent,1,management/ self-employed/ highly qualified employee/ officer,1,"yes, registered under the customers name",yes,0
no checking account,24,existing credits paid back duly till now,car (new),1393,A61,1 <= ... < 4 years,2,male : single,guarantor,2,real estate,31,none,own,1,skilled employee / official,1,"yes, registered under the customers name",yes,0
no checking account,15,critical account/ other credits existing (not at this bank),radio/television,1316,A63,1 <= ... < 4 years,2,male : married/widowed,none,2,if not A121 : building society savings agreement/ life insurance,47,none,own,2,unskilled - resident,1,none,yes,0
no checking account,12,existing credits paid back duly till now,car (used),1413,A64,4 <= ... < 7 years,3,male : single,none,2,if not A121 : building society savings agreement/ life insurance,55,none,own,1,skilled employee / official,1,none,no,0
no checking account,24,existing credits paid back duly till now,radio/television,1413,A61,1 <= ... < 4 years,4,male : married/widowed,none,2,if not A121 : building society savings agreement/ life insurance,28,none,own,1,skilled employee / official,1,none,yes,0
no checking account,10,existing credits paid back duly till now,car (new),1418,A62,1 <= ... < 4 years,3,male : single,none,2,real estate,35,none,rent,1,unskilled - resident,1,none,no,0
no checking account,9,existing credits paid back duly till now,car (new),2507,A63,.. >= 7 years,2,male : single,none,4,unknown / no property,51,none,for free,1,unskilled - resident,1,none,yes,0
no checking account,24,existing credits paid back duly till now,car (used),2603,A64,1 <= ... < 4 years,2,female : divorced/separated/married,none,4,"if not A121/A122 : car or other, not in attribute 6",28,none,rent,1,skilled employee / official,1,"yes, registered under the customers name",yes,0
no checking account,21,existing credits paid back duly till now,domestic appliances,2745,A65,.. >= 7 years,1,male : married/widowed,none,4,unknown / no property,42,none,rent,1,skilled employee / official,1,none,yes,0
no checking account,12,existing credits paid back duly till now,furniture/equipment,276,A65,.. >= 7 years,1,male : single,none,4,unknown / no property,19,none,for free,1,unemployed/ unskilled - non-resident,1,"yes, registered under the customers name",no,0
no checking account,10,existing credits paid back duly till now,car (used),2901,A65,... < 1 year,1,female : divorced/separated/married,none,4,real estate,31,none,rent,1,skilled employee / official,1,none,yes,0
... < 0 DM,15,critical account/ other credits existing (not at this bank),furniture/equipment,1433,A61,1 <= ... < 4 years,4,female : divorced/separated/married,none,3,if not A121 : building society savings agreement/ life insurance,25,none,rent,2,skilled employee / official,1,none,yes,0
no checking account,15,critical account/ other credits existing (not at this bank),radio/television,1471,A61,1 <= ... < 4 years,4,male : single,none,4,unknown / no property,35,none,for free,2,skilled employee / official,1,"yes, registered under the customers name",yes,0
no checking account,24,existing credits paid back duly till now,car (new),1474,A62,... < 1 year,4,male : married/widowed,none,3,real estate,33,none,own,1,skilled employee / official,1,"yes, registered under the customers name",yes,0
no checking account,24,existing credits paid back duly till now,radio/television,1413,A61,1 <= ... < 4 years,4,male : married/widowed,none,2,if not A121 : building society savings agreement/ life insurance,28,none,own,1,skilled employee / official,1,none,yes,0
no checking account,6,existing credits paid back duly till now,furniture/equipment,1543,A64,1 <= ... < 4 years,4,male : divorced/separated,none,2,real estate,33,none,own,1,skilled employee / official,1,none,yes,0
0 <= ... < 200 DM,24,delay in paying off in the past,car (new),1965,A65,1 <= ... < 4 years,4,female : divorced/separated/married,none,4,"if not A121/A122 : car or other, not in attribute 6",42,none,rent,2,skilled employee / official,1,"yes, registered under the customers name",yes,0
no checking account,12,existing credits paid back duly till now,car (new),2133,A65,.. >= 7 years,4,female : divorced/separated/married,none,4,unknown / no property,52,none,for free,1,management/ self-employed/ highly qualified employee/ officer,1,"yes, registered under the customers name",yes,0
no checking account,9,critical account/ other credits existing (not at this bank),car (new),2134,A61,1 <= ... < 4 years,4,male : single,none,4,"if not A121/A122 : car or other, not in attribute 6",48,none,own,3,skilled employee / official,1,"yes, registered under the customers name",yes,0
no checking account,12,critical account/ other credits existing (not at this bank),furniture/equipment,1935,A61,.. >= 7 years,4,male : single,none,4,real estate,43,none,own,3,skilled employee / official,1,"yes, registered under the customers name",yes,0
no checking account,30,existing credits paid back duly till now,radio/television,1867,A65,.. >= 7 years,4,male : single,none,4,"if not A121/A122 : car or other, not in attribute 6",58,none,own,1,skilled employee / official,1,"yes, registered under the customers name",yes,0
no checking account,24,existing credits paid back duly till now,radio/television,1413,A61,1 <= ... < 4 years,4,male : married/widowed,none,2,if not A121 : building society savings agreement/ life insurance,28,none,own,1,skilled employee / official,1,none,yes,0
no checking account,6,existing credits paid back duly till now,furniture/equipment,1543,A64,1 <= ... < 4 years,4,male : divorced/separated,none,2,real estate,33,none,own,1,skilled employee / official,1,none,yes,0
no checking account,24,delay in paying off in the past,domestic appliances,1553,A62,4 <= ... < 7 years,4,female : divorced/separated/married,none,2,if not A121 : building society savings agreement/ life insurance,19,none,own,1,skilled employee / official,1,"yes, registered under the customers name",yes,0
0 <= ... < 200 DM,15,existing credits paid back duly till now,radio/television,1444,A65,... < 1 year,4,male : single,none,1,if not A121 : building society savings agreement/ life insurance,23,none,own,1,skilled employee / official,1,none,yes,0
0 <= ... < 200 DM,15,existing credits paid back duly till now,radio/television,276,A65,... < 1 year,4,male : single,none,1,if not A121 : building society savings agreement/ life insurance,23,none,own,1,skilled employee / official,1,none,yes,0
no checking account,9,critical account/ other credits existing (not at this bank),education,1244,A65,.. >= 7 years,4,female : divorced/separated/married,none,4,if not A121 : building society savings agreement/ life insurance,41,none,rent,2,unskilled - resident,1,none,yes,0
no checking account,12,critical account/ other credits existing (not at this bank),business,1264,A65,.. >= 7 years,4,male : single,none,4,unknown / no property,57,none,rent,1,unskilled - resident,1,none,yes,0
no checking account,12,critical account/ other credits existing (not at this bank),car (new),1163,A63,1 <= ... < 4 years,4,male : single,none,4,real estate,44,none,own,1,skilled employee / official,1,"yes, registered under the customers name",yes,0
0 <= ... < 200 DM,9,existing credits paid back duly till now,education,1199,A61,4 <= ... < 7 years,4,female : divorced/separated/married,none,4,if not A121 : building society savings agreement/ life insurance,67,none,own,2,management/ self-employed/ highly qualified employee/ officer,1,"yes, registered under the customers name",yes,0
... < 0 DM,24,critical account/ other credits existing (not at this bank),radio/television,1231,A64,.. >= 7 years,4,female : divorced/separated/married,none,4,if not A121 : building society savings agreement/ life insurance,57,none,rent,2,management/ self-employed/ highly qualified employee/ officer,1,"yes, registered under the customers name",yes,0
no checking account,15,existing credits paid back duly till now,car (used),3812,A62,... < 1 year,1,female : divorced/separated/married,none,4,"if not A121/A122 : car or other, not in attribute 6",23,none,own,1,skilled employee / official,1,"yes, registered under the customers name",yes,0
no checking account,24,existing credits paid back duly till now,furniture/equipment,3972,A61,4 <= ... < 7 years,2,female : divorced/separated/married,none,4,if not A121 : building society savings agreement/ life insurance,25,none,rent,1,skilled employee / official,1,"yes, registered under the customers name",yes,0
no checking account,9,existing credits paid back duly till now,education,3832,A65,.. >= 7 years,1,male : single,none,4,real estate,64,none,own,1,unskilled - resident,1,none,yes,0
no checking account,24,critical account/ other credits existing (not at this bank),furniture/equipment,276,A62,... < 1 year,4,female : divorced/separated/married,none,4,"if not A121/A122 : car or other, not in attribute 6",26,none,rent,1,skilled employee / official,1,none,no,0
... < 0 DM,4,critical account/ other credits existing (not at this bank),business,3643,A62,.. >= 7 years,1,male : single,guarantor,4,if not A121 : building society savings agreement/ life insurance,19,none,rent,2,management/ self-employed/ highly qualified employee/ officer,1,none,no,0
no checking account,24,existing credits paid back duly till now,radio/television,1901,A62,1 <= ... < 4 years,4,male : single,none,4,"if not A121/A122 : car or other, not in attribute 6",29,none,rent,1,management/ self-employed/ highly qualified employee/ officer,1,"yes, registered under the customers name",yes,0
no checking account,30,existing credits paid back duly till now,radio/television,1867,A65,.. >= 7 years,4,male : single,none,4,"if not A121/A122 : car or other, not in attribute 6",58,none,own,1,skilled employee / official,1,"yes, registered under the customers name",yes,0
0 <= ... < 200 DM,9,critical account/ other credits existing (not at this bank),furniture/equipment,1919,A61,4 <= ... < 7 years,4,male : single,none,3,"if not A121/A122 : car or other, not in attribute 6",35,none,rent,1,skilled employee / official,1,"yes, registered under the customers name",yes,0
... < 0 DM,4,critical account/ other credits existing (not at this bank),furniture/equipment,1893,A62,1 <= ... < 4 years,3,male : single,none,4,if not A121 : building society savings agreement/ life insurance,35,none,rent,1,management/ self-employed/ highly qualified employee/ officer,1,"yes, registered under the customers name",yes,0
no checking account,15,existing credits paid back duly till now,radio/television,1979,A65,.. >= 7 years,4,male : single,none,2,"if not A121/A122 : car or other, not in attribute 6",35,none,own,1,skilled employee / official,1,none,yes,0
0 <= ... < 200 DM,24,existing credits paid back duly till now,furniture/equipment,3069,A62,.. >= 7 years,4,male : single,none,4,unknown / no property,30,none,for free,1,skilled employee / official,1,none,yes,0
no checking account,36,existing credits paid back duly till now,car (new),3079,A65,1 <= ... < 4 years,4,male : single,none,4,real estate,36,none,own,1,skilled employee / official,1,none,yes,0
0 <= ... < 200 DM,24,existing credits paid back duly till now,car (used),2760,A65,.. >= 7 years,4,male : single,none,4,unknown / no property,36,bank,for free,1,skilled employee / official,1,"yes, registered under the customers name",yes,0
... < 0 DM,24,all credits at this bank paid back duly,furniture/equipment,2828,A63,1 <= ... < 4 years,4,male : single,none,4,real estate,22,stores,own,1,skilled employee / official,1,"yes, registered under the customers name",yes,0
... < 0 DM,24,all credits at this bank paid back duly,furniture/equipment,2828,A63,1 <= ... < 4 years,4,male : single,none,4,real estate,22,stores,own,1,skilled employee / official,1,none,no,0
no checking account,24,existing credits paid back duly till now,radio/television,999,A65,.. >= 7 years,4,male : single,none,2,"if not A121/A122 : car or other, not in attribute 6",25,none,own,2,skilled employee / official,1,none,yes,0
no checking account,18,critical account/ other credits existing (not at this bank),radio/television,1169,A65,1 <= ... < 4 years,4,male : single,none,3,if not A121 : building society savings agreement/ life insurance,29,none,own,2,skilled employee / official,1,"yes, registered under the customers name",yes,0
no checking account,18,critical account/ other credits existing (not at this bank),radio/television,1149,A64,1 <= ... < 4 years,4,male : single,none,3,real estate,46,none,own,2,skilled employee / official,1,none,yes,0
no checking account,12,critical account/ other credits existing (not at this bank),car (new),1163,A63,1 <= ... < 4 years,4,male : single,none,4,real estate,44,none,own,1,skilled employee / official,1,"yes, registered under the customers name",yes,0
no checking account,36,existing credits paid back duly till now,car (new),909,A63,.. >= 7 years,4,male : single,none,4,if not A121 : building society savings agreement/ life insurance,36,none,own,1,skilled employee / official,1,none,yes,0
no checking account,60,existing credits paid back duly till now,car (new),10366,A61,.. >= 7 years,2,male : single,none,4,if not A121 : building society savings agreement/ life insurance,42,none,own,1,management/ self-employed/ highly qualified employee/ officer,1,"yes, registered under the customers name",yes,0
no checking account,24,existing credits paid back duly till now,car (used),9277,A65,1 <= ... < 4 years,2,male : divorced/separated,none,4,unknown / no property,48,none,for free,1,skilled employee / official,1,"yes, registered under the customers name",yes,0
no checking account,36,critical account/ other credits existing (not at this bank),car (used),10477,A65,.. >= 7 years,2,male : single,none,4,unknown / no property,42,none,for free,2,skilled employee / official,1,none,yes,0
no checking account,42,existing credits paid back duly till now,radio/television,7166,A65,4 <= ... < 7 years,2,male : married/widowed,none,4,if not A121 : building society savings agreement/ life insurance,29,none,rent,1,skilled employee / official,1,"yes, registered under the customers name",yes,0
no checking account,60,delay in paying off in the past,radio/television,15653,A61,4 <= ... < 7 years,2,male : single,none,4,"if not A121/A122 : car or other, not in attribute 6",21,none,own,2,skilled employee / official,1,"yes, registered under the customers name",yes,0
no checking account,24,critical account/ other credits existing (not at this bank),radio/television,2684,A61,1 <= ... < 4 years,4,male : single,none,2,real estate,35,none,own,2,unskilled - resident,1,none,yes,0
0 <= ... < 200 DM,21,critical account/ other credits existing (not at this bank),furniture/equipment,2745,A64,4 <= ... < 7 years,3,male : single,none,2,"if not A121/A122 : car or other, not in attribute 6",32,none,own,2,skilled employee / official,1,"yes, registered under the customers name",yes,0
0 <= ... < 200 DM,30,delay in paying off in the past,business,2503,A62,.. >= 7 years,4,male : single,none,2,if not A121 : building society savings agreement/ life insurance,41,stores,own,2,skilled employee / official,1,none,yes,0
0 <= ... < 200 DM,15,existing credits paid back duly till now,car (used),276,A65,4 <= ... < 7 years,4,male : single,none,4,if not A121 : building society savings agreement/ life insurance,26,none,own,1,skilled employee / official,1,"yes, registered under the customers name",yes,0
0 <= ... < 200 DM,24,existing credits paid back duly till now,car (used),2760,A65,.. >= 7 years,4,male : single,none,4,unknown / no property,36,bank,for free,1,skilled employee / official,1,"yes, registered under the customers name",yes,0
no checking account,24,existing credits paid back duly till now,radio/television,1413,A61,1 <= ... < 4 years,4,male : married/widowed,none,2,if not A121 : building society savings agreement/ life insurance,28,none,own,1,skilled employee / official,1,none,yes,0
no checking account,6,existing credits paid back duly till now,furniture/equipment,1543,A64,1 <= ... < 4 years,4,male : divorced/separated,none,2,real estate,33,none,own,1,skilled employee / official,1,none,yes,0
0 <= ... < 200 DM,15,existing credits paid back duly till now,radio/television,1444,A65,... < 1 year,4,male : single,none,1,if not A121 : building society savings agreement/ life insurance,23,none,own,1,skilled employee / official,1,none,yes,0
no checking account,12,existing credits paid back duly till now,car (used),1413,A64,4 <= ... < 7 years,3,male : single,none,2,if not A121 : building society savings agreement/ life insurance,55,none,own,1,skilled employee / official,1,none,no,0
no checking account,24,existing credits paid back duly till now,car (new),1474,A62,... < 1 year,4,male : married/widowed,none,3,real estate,33,none,own,1,skilled employee / official,1,"yes, registered under the customers name",yes,0
0 <= ... < 200 DM,24,delay in paying off in the past,business,6967,A62,4 <= ... < 7 years,4,male : single,none,4,"if not A121/A122 : car or other, not in attribute 6",36,none,rent,1,management/ self-employed/ highly qualified employee/ officer,1,"yes, registered under the customers name",yes,0
no checking account,60,existing credits paid back duly till now,car (new),6527,A65,1 <= ... < 4 years,4,male : single,none,4,unknown / no property,34,none,for free,1,skilled employee / official,2,"yes, registered under the customers name",yes,0
0 <= ... < 200 DM,48,existing credits paid back duly till now,others,5381,A65,unemployed,3,male : single,none,4,unknown / no property,40,bank,for free,1,unemployed/ unskilled - non-resident,1,"yes, registered under the customers name",yes,0
0 <= ... < 200 DM,4,existing credits paid back duly till now,car (used),6948,A62,4 <= ... < 7 years,2,male : single,none,4,if not A121 : building society savings agreement/ life insurance,36,none,own,1,unemployed/ unskilled - non-resident,1,"yes, registered under the customers name",yes,0
no checking account,24,existing credits paid back duly till now,furniture/equipment,5511,A62,1 <= ... < 4 years,4,male : single,none,1,"if not A121/A122 : car or other, not in attribute 6",25,stores,own,1,skilled employee / official,1,none,yes,0
... < 0 DM,24,existing credits paid back duly till now,furniture/equipment,7721,A65,... < 1 year,1,female : divorced/separated/married,none,2,if not A121 : building society savings agreement/ life insurance,30,none,own,1,skilled employee / official,1,"yes, registered under the customers name",no,0
... < 0 DM,24,existing credits paid back duly till now,furniture/equipment,276,A65,4 <= ... < 7 years,1,female : divorced/separated/married,none,2,if not A121 : building society savings agreement/ life insurance,35,none,own,1,unskilled - resident,1,"yes, registered under the customers name",no,0
... < 0 DM,24,existing credits paid back duly till now,furniture/equipment,276,A65,... < 1 year,1,male : single,none,2,if not A121 : building society savings agreement/ life insurance,30,none,own,1,unemployed/ unskilled - non-resident,1,"yes, registered under the customers name",no,0
0 <= ... < 200 DM,36,existing credits paid back duly till now,car (used),6948,A61,1 <= ... < 4 years,2,male : single,none,2,"if not A121/A122 : car or other, not in attribute 6",35,none,rent,1,management/ self-employed/ highly qualified employee/ officer,1,"yes, registered under the customers name",yes,0
no checking account,4,existing credits paid back duly till now,furniture/equipment,10722,A63,1 <= ... < 4 years,1,female : divorced/separated/married,co-applicant,1,if not A121 : building society savings agreement/ life insurance,19,none,own,1,skilled employee / official,1,"yes, registered under the customers name",yes,0
no checking account,15,existing credits paid back duly till now,car (used),3812,A62,... < 1 year,1,female : divorced/separated/married,none,4,"if not A121/A122 : car or other, not in attribute 6",23,none,own,1,skilled employee / official,1,"yes, registered under the customers name",yes,0
no checking account,24,existing credits paid back duly till now,furniture/equipment,3972,A61,4 <= ... < 7 years,2,female : divorced/separated/married,none,4,if not A121 : building society savings agreement/ life insurance,25,none,rent,1,skilled employee / official,1,"yes, registered under the customers name",yes,0
no checking account,9,existing credits paid back duly till now,education,3832,A65,.. >= 7 years,1,male : single,none,4,real estate,64,none,own,1,unskilled - resident,1,none,yes,0
no checking account,24,delay in paying off in the past,furniture/equipment,4151,A62,1 <= ... < 4 years,2,male : single,none,3,if not A121 : building society savings agreement/ life insurance,35,none,own,2,skilled employee / official,1,none,yes,0
no checking account,24,critical account/ other credits existing (not at this bank),car (used),4042,A65,4 <= ... < 7 years,3,male : single,none,4,if not A121 : building society savings agreement/ life insurance,43,none,own,2,skilled employee / official,1,"yes, registered under the customers name",yes,0
no checking account,24,critical account/ other credits existing (not at this bank),business,4139,A62,1 <= ... < 4 years,3,male : single,none,3,if not A121 : building society savings agreement/ life insurance,27,none,own,2,unskilled - resident,1,"yes, registered under the customers name",yes,0
no checking account,24,critical account/ other credits existing (not at this bank),car (used),4042,A65,4 <= ... < 7 years,3,male : single,none,4,if not A121 : building society savings agreement/ life insurance,43,none,own,2,skilled employee / official,1,"yes, registered under the customers name",yes,0
no checking account,24,critical account/ other credits existing (not at this bank),business,4526,A61,1 <= ... < 4 years,3,male : single,none,2,real estate,74,none,own,1,management/ self-employed/ highly qualified employee/ officer,1,"yes, registered under the customers name",yes,0
no checking account,24,delay in paying off in the past,furniture/equipment,4151,A62,1 <= ... < 4 years,2,male : single,none,3,if not A121 : building society savings agreement/ life insurance,35,none,own,2,skilled employee / official,1,none,yes,0
0 <= ... < 200 DM,20,no credits taken/ all credits paid back duly,car (used),6148,A62,.. >= 7 years,3,male : married/widowed,none,4,"if not A121/A122 : car or other, not in attribute 6",31,bank,own,2,skilled employee / official,1,"yes, registered under the customers name",yes,0
... < 0 DM,12,critical account/ other credits existing (not at this bank),radio/television,3905,A62,1 <= ... < 4 years,2,male : single,guarantor,2,if not A121 : building society savings agreement/ life insurance,36,none,rent,1,skilled employee / official,2,"yes, registered under the customers name",yes,0
0 <= ... < 200 DM,24,critical account/ other credits existing (not at this bank),car (new),3878,A62,... < 1 year,4,male : divorced/separated,none,2,"if not A121/A122 : car or other, not in attribute 6",37,none,own,1,skilled employee / official,1,"yes, registered under the customers name",yes,0
... < 0 DM,36,existing credits paid back duly till now,furniture/equipment,3620,A61,1 <= ... < 4 years,1,male : single,guarantor,2,if not A121 : building society savings agreement/ life insurance,37,none,own,1,skilled employee / official,2,none,yes,0
... < 0 DM,11,critical account/ other credits existing (not at this bank),car (new),3905,A61,1 <= ... < 4 years,2,male : single,none,2,real estate,36,none,rent,2,skilled employee / official,2,none,yes,0
... >= 200 DM / salary assignments for at least 1 year,36,existing credits paid back duly till now,radio/television,3913,A61,1 <= ... < 4 years,2,male : single,none,2,real estate,23,none,own,1,skilled employee / official,1,"yes, registered under the customers name",yes,0
... < 0 DM,24,existing credits paid back duly till now,car (new),1381,A65,1 <= ... < 4 years,4,female : divorced/separated/married,none,2,if not A121 : building society savings agreement/ life insurance,35,none,own,1,skilled employee / official,1,none,yes,1
... < 0 DM,12,existing credits paid back duly till now,car (new),1228,A61,1 <= ... < 4 years,4,female : divorced/separated/married,none,2,real estate,24,none,own,1,unskilled - resident,1,none,yes,1
... < 0 DM,12,existing credits paid back duly till now,car (new),276,A61,.. >= 7 years,4,female : divorced/separated/married,none,2,real estate,19,none,own,1,skilled employee / official,1,"yes, registered under the customers name",yes,1
0 <= ... < 200 DM,18,critical account/ other credits existing (not at this bank),radio/television,1245,A61,1 <= ... < 4 years,4,male : married/widowed,none,2,"if not A121/A122 : car or other, not in attribute 6",33,none,own,1,skilled employee / official,1,none,yes,1
... < 0 DM,24,existing credits paid back duly till now,car (new),1371,A65,1 <= ... < 4 years,4,female : divorced/separated/married,none,4,real estate,25,none,rent,1,skilled employee / official,1,none,yes,1
0 <= ... < 200 DM,36,no credits taken/ all credits paid back duly,radio/television,3804,A61,1 <= ... < 4 years,4,female : divorced/separated/married,none,1,"if not A121/A122 : car or other, not in attribute 6",42,none,own,1,skilled employee / official,1,"yes, registered under the customers name",yes,1
no checking account,36,existing credits paid back duly till now,furniture/equipment,3349,A61,1 <= ... < 4 years,4,female : divorced/separated/married,none,2,"if not A121/A122 : car or other, not in attribute 6",28,none,own,1,management/ self-employed/ highly qualified employee/ officer,1,"yes, registered under the customers name",yes,1
... < 0 DM,12,existing credits paid back duly till now,business,3161,A61,... < 1 year,4,male : single,none,1,"if not A121/A122 : car or other, not in attribute 6",19,none,own,1,skilled employee / official,1,none,yes,1
... < 0 DM,4,existing credits paid back duly till now,radio/television,3931,A61,4 <= ... < 7 years,4,male : single,co-applicant,1,unknown / no property,19,none,own,1,skilled employee / official,1,none,yes,1
... < 0 DM,18,no credits taken/ all credits paid back duly,furniture/equipment,3931,A61,... < 1 year,4,male : single,none,1,"if not A121/A122 : car or other, not in attribute 6",33,none,own,1,skilled employee / official,1,none,yes,1
... < 0 DM,24,existing credits paid back duly till now,car (new),3123,A61,... < 1 year,4,female : divorced/separated/married,none,1,if not A121 : building society savings agreement/ life insurance,27,none,own,1,skilled employee / official,1,none,yes,1
... < 0 DM,24,existing credits paid back duly till now,car (new),3123,A61,... < 1 year,4,female : divorced/separated/married,none,1,if not A121 : building society savings agreement/ life insurance,31,none,own,1,skilled employee / official,1,none,yes,1
... < 0 DM,18,existing credits paid back duly till now,furniture/equipment,2473,A61,unemployed,4,male : single,none,1,"if not A121/A122 : car or other, not in attribute 6",25,none,own,1,unemployed/ unskilled - non-resident,1,none,yes,1
... < 0 DM,24,existing credits paid back duly till now,car (new),2303,A61,.. >= 7 years,4,male : single,co-applicant,1,real estate,45,none,own,1,skilled employee / official,1,none,yes,1
0 <= ... < 200 DM,36,existing credits paid back duly till now,repairs,2384,A61,... < 1 year,4,male : single,none,1,unknown / no property,33,none,rent,1,unskilled - resident,1,none,yes,1
... < 0 DM,33,critical account/ other credits existing (not at this bank),furniture/equipment,4281,A63,1 <= ... < 4 years,1,female : divorced/separated/married,none,4,"if not A121/A122 : car or other, not in attribute 6",23,none,own,2,skilled employee / official,1,none,yes,1
... < 0 DM,4,critical account/ other credits existing (not at this bank),furniture/equipment,4281,A63,1 <= ... < 4 years,1,female : divorced/separated/married,none,4,"if not A121/A122 : car or other, not in attribute 6",23,none,own,2,skilled employee / official,1,none,yes,1
... < 0 DM,4,existing credits paid back duly till now,education,276,A65,... < 1 year,1,male : married/widowed,guarantor,4,unknown / no property,19,stores,own,2,management/ self-employed/ highly qualified employee/ officer,1,none,yes,1
... < 0 DM,4,critical account/ other credits existing (not at this bank),car (used),276,A63,1 <= ... < 4 years,1,female : divorced/separated/married,none,1,"if not A121/A122 : car or other, not in attribute 6",23,none,own,2,skilled employee / official,1,none,yes,1
... < 0 DM,9,critical account/ other credits existing (not at this bank),repairs,276,A64,1 <= ... < 4 years,1,female : divorced/separated/married,none,4,unknown / no property,53,bank,for free,1,skilled employee / official,1,none,yes,1
... < 0 DM,21,delay in paying off in the past,education,2319,A61,1 <= ... < 4 years,4,male : divorced/separated,none,1,unknown / no property,33,bank,own,1,skilled employee / official,1,"yes, registered under the customers name",yes,1
... < 0 DM,4,no credits taken/ all credits paid back duly,car (used),276,A61,... < 1 year,4,male : divorced/separated,none,1,"if not A121/A122 : car or other, not in attribute 6",19,none,for free,1,unemployed/ unskilled - non-resident,1,none,yes,1
... < 0 DM,18,existing credits paid back duly till now,furniture/equipment,2473,A61,unemployed,4,male : single,none,1,"if not A121/A122 : car or other, not in attribute 6",25,none,own,1,unemployed/ unskilled - non-resident,1,none,yes,1
no checking account,18,delay in paying off in the past,furniture/equipment,1808,A61,4 <= ... < 7 years,4,female : divorced/separated/married,none,1,real estate,22,none,own,1,skilled employee / official,1,none,yes,1
... < 0 DM,24,existing credits paid back duly till now,car (new),2303,A61,.. >= 7 years,4,male : single,co-applicant,1,real estate,45,none,own,1,skilled employee / official,1,none,yes,1
0 <= ... < 200 DM,36,no credits taken/ all credits paid back duly,radio/television,3804,A61,1 <= ... < 4 years,4,female : divorced/separated/married,none,1,"if not A121/A122 : car or other, not in attribute 6",42,none,own,1,skilled employee / official,1,"yes, registered under the customers name",yes,1
no checking account,36,existing credits paid back duly till now,furniture/equipment,3349,A61,1 <= ... < 4 years,4,female : divorced/separated/married,none,2,"if not A121/A122 : car or other, not in attribute 6",28,none,own,1,management/ self-employed/ highly qualified employee/ officer,1,"yes, registered under the customers name",yes,1
... < 0 DM,24,existing credits paid back duly till now,business,3345,A61,.. >= 7 years,4,male : single,co-applicant,1,real estate,31,none,for free,1,skilled employee / official,1,"yes, registered under the customers name",yes,1
... < 0 DM,42,existing credits paid back duly till now,radio/television,3965,A61,... < 1 year,4,male : single,none,3,"if not A121/A122 : car or other, not in attribute 6",34,none,own,1,skilled employee / official,1,none,yes,1
0 <= ... < 200 DM,45,critical account/ other credits existing (not at this bank),radio/television,4746,A61,... < 1 year,4,male : single,none,2,if not A121 : building society savings agreement/ life insurance,25,none,own,2,unskilled - resident,1,none,yes,1
... < 0 DM,24,existing credits paid back duly till now,car (new),1381,A65,1 <= ... < 4 years,4,female : divorced/separated/married,none,2,if not A121 : building society savings agreement/ life insurance,35,none,own,1,skilled employee / official,1,none,yes,1
... < 0 DM,12,existing credits paid back duly till now,car (new),1228,A61,1 <= ... < 4 years,4,female : divorced/separated/married,none,2,real estate,24,none,own,1,unskilled - resident,1,none,yes,1
... < 0 DM,12,existing credits paid back duly till now,car (new),1228,A61,... < 1 year,4,female : divorced/separated/married,none,2,real estate,24,none,own,1,unskilled - resident,1,none,yes,1
0 <= ... < 200 DM,18,critical account/ other credits existing (not at this bank),radio/television,1245,A61,1 <= ... < 4 years,4,male : married/widowed,none,2,"if not A121/A122 : car or other, not in attribute 6",33,none,own,1,skilled employee / official,1,none,yes,1
... < 0 DM,24,existing credits paid back duly till now,car (new),1371,A65,1 <= ... < 4 years,4,female : divorced/separated/married,none,4,real estate,25,none,rent,1,skilled employee / official,1,none,yes,1
no checking account,36,existing credits paid back duly till now,education,1819,A61,1 <= ... < 4 years,4,male : single,none,4,unknown / no property,37,stores,for free,1,skilled employee / official,1,"yes, registered under the customers name",yes,1
... < 0 DM,36,existing credits paid back duly till now,car (new),1842,A61,... < 1 year,4,female : divorced/separated/married,none,4,"if not A121/A122 : car or other, not in attribute 6",34,none,own,1,skilled employee / official,1,"yes, registered under the customers name",yes,1
... < 0 DM,36,existing credits paid back duly till now,education,1977,A65,.. >= 7 years,4,male : single,none,4,unknown / no property,40,none,own,1,management/ self-employed/ highly qualified employee/ officer,1,"yes, registered under the customers name",yes,1
0 <= ... < 200 DM,36,no credits taken/ all credits paid back duly,business,1953,A61,.. >= 7 years,4,male : single,none,4,unknown / no property,61,none,for free,1,management/ self-employed/ highly qualified employee/ officer,1,"yes, registered under the customers name",yes,1
... < 0 DM,24,existing credits paid back duly till now,car (new),1371,A65,1 <= ... < 4 years,4,female : divorced/separated/married,none,4,real estate,25,none,rent,1,skilled employee / official,1,none,yes,1
0 <= ... < 200 DM,9,existing credits paid back duly till now,furniture/equipment,959,A61,1 <= ... < 4 years,1,female : divorced/separated/married,none,2,"if not A121/A122 : car or other, not in attribute 6",29,none,own,1,skilled employee / official,1,none,no,1
... < 0 DM,4,all credits at this bank paid back duly,car (new),1193,A61,1 <= ... < 4 years,1,female : divorced/separated/married,none,1,real estate,37,none,own,1,unskilled - resident,1,none,yes,1
... < 0 DM,4,no credits taken/ all credits paid back duly,repairs,1193,A61,1 <= ... < 4 years,1,female : divorced/separated/married,none,1,real estate,19,none,own,1,unskilled - resident,1,none,yes,0
... < 0 DM,4,delay in paying off in the past,education,276,A61,... < 1 year,1,female : divorced/separated/married,none,4,"if not A121/A122 : car or other, not in attribute 6",19,none,rent,1,unskilled - resident,1,none,yes,1
... < 0 DM,12,existing credits paid back duly till now,car (new),1228,A61,1 <= ... < 4 years,4,female : divorced/separated/married,none,2,real estate,24,none,own,1,unskilled - resident,1,none,yes,1
... < 0 DM,48,existing credits paid back duly till now,furniture/equipment,3446,A61,.. >= 7 years,4,male : single,none,2,"if not A121/A122 : car or other, not in attribute 6",46,none,own,1,skilled employee / official,1,none,yes,1
... < 0 DM,36,delay in paying off in the past,education,6887,A61,1 <= ... < 4 years,4,male : single,none,3,if not A121 : building society savings agreement/ life insurance,29,stores,own,1,skilled employee / official,1,"yes, registered under the customers name",yes,1
... < 0 DM,42,existing credits paid back duly till now,radio/television,3965,A61,... < 1 year,4,male : single,none,3,"if not A121/A122 : car or other, not in attribute 6",34,none,own,1,skilled employee / official,1,none,yes,1
... < 0 DM,36,existing credits paid back duly till now,furniture/equipment,3446,A61,.. >= 7 years,4,male : single,none,2,"if not A121/A122 : car or other, not in attribute 6",42,none,own,1,skilled employee / official,2,none,yes,1
... < 0 DM,28,existing credits paid back duly till now,car (new),4006,A61,1 <= ... < 4 years,3,male : single,none,2,"if not A121/A122 : car or other, not in attribute 6",45,none,own,1,unskilled - resident,1,none,yes,1
... < 0 DM,28,existing credits paid back duly till now,car (new),4006,A61,1 <= ... < 4 years,3,male : single,none,2,"if not A121/A122 : car or other, not in attribute 6",45,none,own,1,unskilled - resident,1,none,yes,1
... < 0 DM,18,existing credits paid back duly till now,furniture/equipment,2462,A61,1 <= ... < 4 years,2,male : single,none,2,"if not A121/A122 : car or other, not in attribute 6",22,none,own,1,skilled employee / official,1,none,yes,1
... < 0 DM,18,existing credits paid back duly till now,radio/television,3190,A61,1 <= ... < 4 years,2,female : divorced/separated/married,none,2,real estate,24,none,own,1,skilled employee / official,1,none,yes,1
... < 0 DM,24,all credits at this bank paid back duly,furniture/equipment,3552,A61,4 <= ... < 7 years,3,male : single,none,1,"if not A121/A122 : car or other, not in attribute 6",27,bank,own,1,skilled employee / official,1,none,yes,1
no checking account,36,existing credits paid back duly till now,furniture/equipment,3349,A61,1 <= ... < 4 years,4,female : divorced/separated/married,none,2,"if not A121/A122 : car or other, not in attribute 6",28,none,own,1,management/ self-employed/ highly qualified employee/ officer,1,"yes, registered under the customers name",yes,1
... < 0 DM,4,existing credits paid back duly till now,car (used),3386,A61,4 <= ... < 7 years,3,male : single,none,4,unknown / no property,35,bank,own,1,skilled employee / official,1,"yes, registered under the customers name",yes,1
... < 0 DM,24,all credits at this bank paid back duly,furniture/equipment,3349,A63,... < 1 year,4,male : single,none,4,unknown / no property,30,none,for free,1,skilled employee / official,2,"yes, registered under the customers name",yes,1
... < 0 DM,12,existing credits paid back duly till now,car (used),3386,A61,.. >= 7 years,3,male : single,none,4,unknown / no property,35,none,for free,1,skilled employee / official,1,"yes, registered under the customers name",yes,1
... < 0 DM,4,critical account/ other credits existing (not at this bank),radio/television,2246,A61,... < 1 year,3,male : single,none,4,unknown / no property,19,bank,own,1,skilled employee / official,1,"yes, registered under the customers name",yes,1
... < 0 DM,24,all credits at this bank paid back duly,furniture/equipment,3552,A61,4 <= ... < 7 years,3,male : single,none,4,"if not A121/A122 : car or other, not in attribute 6",27,bank,own,1,skilled employee / official,1,none,yes,1
... < 0 DM,48,existing credits paid back duly till now,domestic appliances,3051,A61,1 <= ... < 4 years,3,male : single,none,4,"if not A121/A122 : car or other, not in attribute 6",54,none,own,1,skilled employee / official,1,none,yes,1
0 <= ... < 200 DM,24,existing credits paid back duly till now,car (used),4113,A63,... < 1 year,3,female : divorced/separated/married,none,4,"if not A121/A122 : car or other, not in attribute 6",28,none,rent,1,skilled employee / official,1,none,yes,1
... < 0 DM,18,no credits taken/ all credits paid back duly,furniture/equipment,3114,A61,... < 1 year,1,female : divorced/separated/married,none,4,if not A121 : building society savings agreement/ life insurance,26,none,rent,1,skilled employee / official,1,none,yes,1
... < 0 DM,12,existing credits paid back duly till now,car (used),3386,A61,.. >= 7 years,3,male : single,none,4,unknown / no property,35,none,for free,1,skilled employee / official,1,"yes, registered under the customers name",yes,1
... < 0 DM,4,all credits at this bank paid back duly,car (new),3123,A61,... < 1 year,4,female : divorced/separated/married,none,4,real estate,30,none,for free,1,skilled employee / official,1,none,yes,1
... < 0 DM,24,existing credits paid back duly till now,car (new),1381,A65,1 <= ... < 4 years,4,female : divorced/separated/married,none,2,if not A121 : building society savings agreement/ life insurance,35,none,own,1,skilled employee / official,1,none,yes,1
... < 0 DM,12,existing credits paid back duly till now,car (new),1228,A61,1 <= ... < 4 years,4,female : divorced/separated/married,none,2,real estate,24,none,own,1,unskilled - resident,1,none,yes,1
... < 0 DM,6,all credits at this bank paid back duly,education,1228,A61,1 <= ... < 4 years,4,male : single,none,2,unknown / no property,24,none,for free,1,unskilled - resident,1,none,yes,1
0 <= ... < 200 DM,18,critical account/ other credits existing (not at this bank),radio/television,1245,A61,1 <= ... < 4 years,4,male : married/widowed,none,2,"if not A121/A122 : car or other, not in attribute 6",33,none,own,1,skilled employee / official,1,none,yes,1
... < 0 DM,24,existing credits paid back duly till now,car (new),1371,A65,1 <= ... < 4 years,4,female : divorced/separated/married,none,4,real estate,25,none,rent,1,skilled employee / official,1,none,yes,1
no checking account,12,delay in paying off in the past,repairs,1555,A64,.. >= 7 years,4,male : single,none,4,unknown / no property,55,none,for free,2,skilled employee / official,2,none,yes,1
... < 0 DM,24,delay in paying off in the past,car (new),1333,A61,unemployed,4,male : single,none,2,real estate,43,none,for free,2,skilled employee / official,2,none,yes,1
... < 0 DM,24,existing credits paid back duly till now,car (new),1442,A61,4 <= ... < 7 years,4,female : divorced/separated/married,none,4,"if not A121/A122 : car or other, not in attribute 6",23,none,rent,2,skilled employee / official,1,none,yes,1
... >= 200 DM / salary assignments for at least 1 year,24,critical account/ other credits existing (not at this bank),car (new),1344,A65,4 <= ... < 7 years,4,male : single,none,2,real estate,37,bank,own,2,unskilled - resident,2,none,yes,1
... < 0 DM,18,critical account/ other credits existing (not at this bank),repairs,1190,A61,unemployed,2,female : divorced/separated/married,none,4,unknown / no property,55,none,for free,3,unemployed/ unskilled - non-resident,2,none,yes,1
... < 0 DM,24,existing credits paid back duly till now,radio/television,2439,A61,... < 1 year,4,female : divorced/separated/married,none,4,real estate,35,none,own,1,skilled employee / official,1,"yes, registered under the customers name",yes,1
... < 0 DM,36,all credits at this bank paid back duly,furniture/equipment,2746,A61,.. >= 7 years,4,male : single,none,4,"if not A121/A122 : car or other, not in attribute 6",31,bank,own,1,skilled employee / official,1,none,yes,1
... < 0 DM,30,existing credits paid back duly till now,furniture/equipment,2406,A61,4 <= ... < 7 years,4,female : divorced/separated/married,none,4,real estate,23,none,rent,1,skilled employee / official,1,none,yes,1
... >= 200 DM / salary assignments for at least 1 year,30,delay in paying off in the past,business,1908,A61,.. >= 7 years,4,male : single,none,4,real estate,66,none,own,1,management/ self-employed/ highly qualified employee/ officer,1,"yes, registered under the customers name",yes,1
... < 0 DM,36,all credits at this bank paid back duly,domestic appliances,276,A61,1 <= ... < 4 years,4,male : single,none,4,"if not A121/A122 : car or other, not in attribute 6",65,none,for free,1,skilled employee / official,1,none,yes,1
... < 0 DM,18,no credits taken/ all credits paid back duly,car (used),4153,A61,unemployed,2,male : single,none,4,unknown / no property,19,none,own,1,skilled employee / official,1,none,yes,1
0 <= ... < 200 DM,24,critical account/ other credits existing (not at this bank),furniture/equipment,4736,A61,... < 1 year,2,female : divorced/separated/married,none,4,"if not A121/A122 : car or other, not in attribute 6",25,bank,own,1,unskilled - resident,1,none,yes,1
... < 0 DM,24,existing credits paid back duly till now,furniture/equipment,2996,A65,1 <= ... < 4 years,2,male : married/widowed,none,4,"if not A121/A122 : car or other, not in attribute 6",20,none,own,1,skilled employee / official,1,none,yes,1
... < 0 DM,4,all credits at this bank paid back duly,car (new),3552,A61,1 <= ... < 4 years,2,male : single,none,4,"if not A121/A122 : car or other, not in attribute 6",19,bank,own,1,skilled employee / official,1,none,yes,1
... < 0 DM,18,existing credits paid back duly till now,furniture/equipment,4153,A61,1 <= ... < 4 years,2,male : single,co-applicant,3,"if not A121/A122 : car or other, not in attribute 6",42,none,own,1,skilled employee / official,1,none,yes,1
no checking account,36,existing credits paid back duly till now,education,1819,A61,1 <= ... < 4 years,4,male : single,none,4,unknown / no property,37,stores,for free,1,skilled employee / official,1,"yes, registered under the customers name",yes,1
... < 0 DM,36,existing credits paid back duly till now,car (new),1659,A61,... < 1 year,4,male : divorced/separated,none,4,unknown / no property,29,none,rent,1,skilled employee / official,1,"yes, registered under the customers name",yes,1
... < 0 DM,36,existing credits paid back duly till now,car (new),1842,A61,... < 1 year,4,female : divorced/separated/married,none,4,"if not A121/A122 : car or other, not in attribute 6",34,none,own,1,skilled employee / official,1,"yes, registered under the customers name",yes,1
... < 0 DM,36,existing credits paid back duly till now,education,1977,A65,.. >= 7 years,4,male : single,none,4,unknown / no property,40,none,own,1,management/ self-employed/ highly qualified employee/ officer,1,"yes, registered under the customers name",yes,1
0 <= ... < 200 DM,36,no credits taken/ all credits paid back duly,business,1953,A61,.. >= 7 years,4,male : single,none,4,unknown / no property,61,none,for free,1,management/ self-employed/ highly qualified employee/ officer,1,"yes, registered under the customers name",yes,1
... < 0 DM,4,existing credits paid back duly till now,radio/television,727,A61,... < 1 year,4,male : single,none,4,unknown / no property,19,bank,own,2,unskilled - resident,1,none,yes,1
... < 0 DM,12,no credits taken/ all credits paid back duly,car (new),1082,A61,1 <= ... < 4 years,4,male : single,none,4,"if not A121/A122 : car or other, not in attribute 6",48,bank,own,2,skilled employee / official,1,none,yes,1
0 <= ... < 200 DM,18,critical account/ other credits existing (not at this bank),car (new),1056,A61,.. >= 7 years,3,male : single,guarantor,3,real estate,30,bank,own,2,skilled employee / official,1,none,yes,1
... < 0 DM,4,existing credits paid back duly till now,car (new),727,A61,... < 1 year,4,male : single,co-applicant,4,real estate,19,none,for free,1,unskilled - resident,1,none,yes,1
... < 0 DM,12,existing credits paid back duly till now,education,795,A61,... < 1 year,4,female : divorced/separated/married,none,4,if not A121 : building society savings agreement/ life insurance,53,none,own,1,skilled employee / official,1,none,yes,1
... < 0 DM,24,all credits at this bank paid back duly,business,3161,A61,1 <= ... < 4 years,4,male : single,none,2,if not A121 : building society savings agreement/ life insurance,31,none,rent,1,skilled employee / official,1,"yes, registered under the customers name",yes,1
... < 0 DM,18,existing credits paid back duly till now,furniture/equipment,2473,A61,unemployed,4,male : single,none,1,"if not A121/A122 : car or other, not in attribute 6",25,none,own,1,unemployed/ unskilled - non-resident,1,none,yes,1
... < 0 DM,24,existing credits paid back duly till now,car (new),3123,A61,... < 1 year,4,female : divorced/separated/married,none,1,if not A121 : building society savings agreement/ life insurance,27,none,own,1,skilled employee / official,1,none,yes,1
... < 0 DM,4,existing credits paid back duly till now,furniture/equipment,2473,A61,unemployed,4,male : single,none,1,"if not A121/A122 : car or other, not in attribute 6",27,none,own,1,skilled employee / official,1,none,yes,1
0 <= ... < 200 DM,36,no credits taken/ all credits paid back duly,radio/television,3804,A61,1 <= ... < 4 years,4,female : divorced/separated/married,none,1,"if not A121/A122 : car or other, not in attribute 6",42,none,own,1,skilled employee / official,1,"yes, registered under the customers name",yes,1
... < 0 DM,18,no credits taken/ all credits paid back duly,car (new),276,A61,.. >= 7 years,2,female : divorced/separated/married,co-applicant,4,unknown / no property,24,none,own,1,skilled employee / official,1,none,yes,1
0 <= ... < 200 DM,24,critical account/ other credits existing (not at this bank),furniture/equipment,4736,A61,... < 1 year,2,female : divorced/separated/married,none,4,"if not A121/A122 : car or other, not in attribute 6",25,bank,own,1,unskilled - resident,1,none,yes,1
... < 0 DM,24,existing credits paid back duly till now,furniture/equipment,2996,A65,1 <= ... < 4 years,2,male : married/widowed,none,4,"if not A121/A122 : car or other, not in attribute 6",20,none,own,1,skilled employee / official,1,none,yes,1
... < 0 DM,18,all credits at this bank paid back duly,car (new),276,A61,... < 1 year,3,female : divorced/separated/married,none,4,unknown / no property,24,none,own,1,skilled employee / official,1,"yes, registered under the customers name",yes,1
... < 0 DM,18,existing credits paid back duly till now,furniture/equipment,4153,A61,1 <= ... < 4 years,2,male : single,co-applicant,3,"if not A121/A122 : car or other, not in attribute 6",42,none,own,1,skilled employee / official,1,none,yes,1
no checking account,36,critical account/ other credits existing (not at this bank),car (new),7855,A61,1 <= ... < 4 years,4,female : divorced/separated/married,none,2,real estate,25,stores,own,2,skilled employee / official,1,"yes, registered under the customers name",yes,1
... < 0 DM,36,critical account/ other credits existing (not at this bank),education,8065,A61,1 <= ... < 4 years,3,female : divorced/separated/married,none,2,unknown / no property,25,none,own,2,management/ self-employed/ highly qualified employee/ officer,1,"yes, registered under the customers name",yes,1
0 <= ... < 200 DM,60,existing credits paid back duly till now,car (new),14027,A61,4 <= ... < 7 years,4,male : single,none,2,unknown / no property,27,none,own,1,management/ self-employed/ highly qualified employee/ officer,1,"yes, registered under the customers name",yes,1
0 <= ... < 200 DM,36,existing credits paid back duly till now,car (new),14318,A61,.. >= 7 years,4,male : single,none,2,unknown / no property,57,none,for free,1,management/ self-employed/ highly qualified employee/ officer,1,"yes, registered under the customers name",yes,1
0 <= ... < 200 DM,24,existing credits paid back duly till now,car (used),12579,A61,.. >= 7 years,4,female : divorced/separated/married,none,2,unknown / no property,44,none,for free,1,management/ self-employed/ highly qualified employee/ officer,1,"yes, registered under the customers name",yes,1
... < 0 DM,48,existing credits paid back duly till now,car (new),7763,A61,.. >= 7 years,4,male : single,none,4,unknown / no property,42,bank,for free,1,management/ self-employed/ highly qualified employee/ officer,1,none,yes,1
... < 0 DM,36,delay in paying off in the past,education,7865,A61,.. >= 7 years,4,male : married/widowed,none,4,unknown / no property,29,stores,for free,1,unemployed/ unskilled - non-resident,1,none,yes,1
... < 0 DM,60,existing credits paid back duly till now,business,7297,A61,.. >= 7 years,4,male : single,co-applicant,4,unknown / no property,36,none,rent,1,skilled employee / official,1,none,yes,1
... < 0 DM,12,existing credits paid back duly till now,furniture/equipment,7865,A61,.. >= 7 years,4,male : single,none,4,unknown / no property,53,none,for free,1,management/ self-employed/ highly qualified employee/ officer,1,"yes, registered under the customers name",yes,1
... < 0 DM,48,critical account/ other credits existing (not at this bank),car (used),6331,A61,.. >= 7 years,4,male : single,none,4,unknown / no property,46,none,for free,2,skilled employee / official,1,"yes, registered under the customers name",yes,1
... < 0 DM,24,existing credits paid back duly till now,car (new),1442,A61,4 <= ... < 7 years,4,female : divorced/separated/married,none,4,"if not A121/A122 : car or other, not in attribute 6",23,none,rent,2,skilled employee / official,1,none,yes,1
... < 0 DM,24,existing credits paid back duly till now,car (new),1442,A61,... < 1 year,4,female : divorced/separated/married,none,4,"if not A121/A122 : car or other, not in attribute 6",23,none,own,2,management/ self-employed/ highly qualified employee/ officer,1,none,yes,1
... < 0 DM,30,existing credits paid back duly till now,furniture/equipment,2406,A61,4 <= ... < 7 years,4,female : divorced/separated/married,none,4,real estate,23,none,rent,1,skilled employee / official,1,none,yes,1
... < 0 DM,18,existing credits paid back duly till now,furniture/equipment,2039,A61,1 <= ... < 4 years,1,female : divorced/separated/married,none,4,real estate,20,bank,rent,1,skilled employee / official,1,none,yes,1
... >= 200 DM / salary assignments for at least 1 year,15,existing credits paid back duly till now,radio/television,2327,A61,... < 1 year,2,female : divorced/separated/married,none,3,real estate,25,none,own,1,unskilled - resident,1,none,yes,1
0 <= ... < 200 DM,24,existing credits paid back duly till now,furniture/equipment,4057,A61,4 <= ... < 7 years,3,male : divorced/separated,none,3,"if not A121/A122 : car or other, not in attribute 6",43,none,own,1,skilled employee / official,1,"yes, registered under the customers name",yes,1
no checking account,36,existing credits paid back duly till now,furniture/equipment,3349,A61,1 <= ... < 4 years,4,female : divorced/separated/married,none,2,"if not A121/A122 : car or other, not in attribute 6",28,none,own,1,management/ self-employed/ highly qualified employee/ officer,1,"yes, registered under the customers name",yes,1
... < 0 DM,42,existing credits paid back duly till now,radio/television,3965,A61,... < 1 year,4,male : single,none,3,"if not A121/A122 : car or other, not in attribute 6",34,none,own,1,skilled employee / official,1,none,yes,1
0 <= ... < 200 DM,48,critical account/ other credits existing (not at this bank),furniture/equipment,5096,A61,1 <= ... < 4 years,2,female : divorced/separated/married,none,3,"if not A121/A122 : car or other, not in attribute 6",30,none,own,1,management/ self-employed/ highly qualified employee/ officer,1,"yes, registered under the customers name",yes,1
... < 0 DM,4,no credits taken/ all credits paid back duly,car (used),276,A61,.. >= 7 years,4,male : divorced/separated,none,1,unknown / no property,42,none,own,1,unemployed/ unskilled - non-resident,1,none,yes,1
... < 0 DM,24,existing credits paid back duly till now,car (new),1371,A65,1 <= ... < 4 years,4,female : divorced/separated/married,none,4,real estate,25,none,rent,1,skilled employee / official,1,none,yes,1
... < 0 DM,24,existing credits paid back duly till now,car (new),1207,A61,... < 1 year,4,female : divorced/separated/married,none,4,if not A121 : building society savings agreement/ life insurance,24,none,rent,1,skilled employee / official,1,none,yes,1
... < 0 DM,24,existing credits paid back duly till now,car (new),1285,A65,4 <= ... < 7 years,4,female : divorced/separated/married,none,4,unknown / no property,32,none,rent,1,skilled employee / official,1,none,yes,1
... < 0 DM,4,critical account/ other credits existing (not at this bank),car (new),276,A61,.. >= 7 years,4,female : divorced/separated/married,none,4,real estate,19,bank,for free,1,unemployed/ unskilled - non-resident,1,"yes, registered under the customers name",yes,1
... < 0 DM,6,all credits at this bank paid back duly,education,1198,A61,.. >= 7 years,4,female : divorced/separated/married,none,4,unknown / no property,35,none,for free,1,skilled employee / official,1,none,yes,1
... < 0 DM,24,existing credits paid back duly till now,car (new),1371,A65,1 <= ... < 4 years,4,female : divorced/separated/married,none,4,real estate,25,none,rent,1,skilled employee / official,1,none,yes,1
... < 0 DM,24,existing credits paid back duly till now,car (new),1207,A61,... < 1 year,4,female : divorced/separated/married,none,4,if not A121 : building society savings agreement/ life insurance,24,none,rent,1,skilled employee / official,1,none,yes,1
... < 0 DM,24,existing credits paid back duly till now,car (new),1285,A65,4 <= ... < 7 years,4,female : divorced/separated/married,none,4,unknown / no property,32,none,rent,1,skilled employee / official,1,none,yes,1
... < 0 DM,4,existing credits paid back duly till now,repairs,1285,A61,... < 1 year,4,female : divorced/separated/married,none,4,unknown / no property,20,none,rent,1,skilled employee / official,1,none,yes,1
... < 0 DM,24,existing credits paid back duly till now,car (new),276,A61,1 <= ... < 4 years,4,female : divorced/separated/married,none,4,real estate,26,none,for free,1,skilled employee / official,1,none,yes,1
... < 0 DM,24,existing credits paid back duly till now,car (new),3123,A61,... < 1 year,4,female : divorced/separated/married,none,1,if not A121 : building society savings agreement/ life insurance,27,none,own,1,skilled employee / official,1,none,yes,1
... < 0 DM,18,existing credits paid back duly till now,furniture/equipment,2473,A61,unemployed,4,male : single,none,1,"if not A121/A122 : car or other, not in attribute 6",25,none,own,1,unemployed/ unskilled - non-resident,1,none,yes,1
... < 0 DM,24,existing credits paid back duly till now,car (new),2303,A61,.. >= 7 years,4,male : single,co-applicant,1,real estate,45,none,own,1,skilled employee / official,1,none,yes,1
0 <= ... < 200 DM,36,existing credits paid back duly till now,repairs,2384,A61,... < 1 year,4,male : single,none,1,unknown / no property,33,none,rent,1,unskilled - resident,1,none,yes,1
... < 0 DM,12,existing credits paid back duly till now,furniture/equipment,276,A61,... < 1 year,1,male : single,none,1,unknown / no property,22,none,own,1,skilled employee / official,1,none,yes,1
... < 0 DM,24,existing credits paid back duly till now,car (new),1371,A65,1 <= ... < 4 years,4,female : divorced/separated/married,none,4,real estate,25,none,rent,1,skilled employee / official,1,none,yes,1
... < 0 DM,24,existing credits paid back duly till now,car (new),1207,A61,... < 1 year,4,female : divorced/separated/married,none,4,if not A121 : building society savings agreement/ life insurance,24,none,rent,1,skilled employee / official,1,none,yes,1
... < 0 DM,24,existing credits paid back duly till now,car (new),1285,A65,4 <= ... < 7 years,4,female : divorced/separated/married,none,4,unknown / no property,32,none,rent,1,skilled employee / official,1,none,yes,1
... < 0 DM,12,existing credits paid back duly till now,car (new),276,A65,1 <= ... < 4 years,4,male : married/widowed,none,4,if not A121 : building society savings agreement/ life insurance,23,none,own,2,skilled employee / official,1,none,yes,1
... < 0 DM,6,all credits at this bank paid back duly,education,1198,A61,.. >= 7 years,4,female : divorced/separated/married,none,4,unknown / no property,35,none,for free,1,skilled employee / official,1,none,yes,1
0 <= ... < 200 DM,24,existing credits paid back duly till now,furniture/equipment,4057,A61,4 <= ... < 7 years,3,male : divorced/separated,none,3,"if not A121/A122 : car or other, not in attribute 6",43,none,own,1,skilled employee / official,1,"yes, registered under the customers name",yes,1
no checking account,36,existing credits paid back duly till now,furniture/equipment,3349,A61,1 <= ... < 4 years,4,female : divorced/separated/married,none,2,"if not A121/A122 : car or other, not in attribute 6",28,none,own,1,management/ self-employed/ highly qualified employee/ officer,1,"yes, registered under the customers name",yes,1
... < 0 DM,42,existing credits paid back duly till now,radio/television,3965,A61,... < 1 year,4,male : single,none,3,"if not A121/A122 : car or other, not in attribute 6",34,none,own,1,skilled employee / official,1,none,yes,1
0 <= ... < 200 DM,48,critical account/ other credits existing (not at this bank),furniture/equipment,5096,A61,1 <= ... < 4 years,2,female : divorced/separated/married,none,3,"if not A121/A122 : car or other, not in attribute 6",30,none,own,1,management/ self-employed/ highly qualified employee/ officer,1,"yes, registered under the customers name",yes,1
... < 0 DM,24,no credits taken/ all credits paid back duly,furniture/equipment,3114,A61,.. >= 7 years,4,male : single,none,2,if not A121 : building society savings agreement/ life insurance,39,none,rent,1,skilled employee / official,1,"yes, registered under the customers name",yes,1
0 <= ... < 200 DM,36,existing credits paid back duly till now,car (used),9398,A61,... < 1 year,1,male : married/widowed,none,4,"if not A121/A122 : car or other, not in attribute 6",28,none,rent,1,management/ self-employed/ highly qualified employee/ officer,1,"yes, registered under the customers name",yes,1
... < 0 DM,48,existing credits paid back duly till now,car (new),7763,A61,.. >= 7 years,4,male : single,none,4,unknown / no property,42,bank,for free,1,management/ self-employed/ highly qualified employee/ officer,1,none,yes,1
... < 0 DM,12,existing credits paid back duly till now,furniture/equipment,7865,A61,.. >= 7 years,4,male : single,none,4,unknown / no property,53,none,for free,1,management/ self-employed/ highly qualified employee/ officer,1,"yes, registered under the customers name",yes,1
... < 0 DM,60,delay in paying off in the past,furniture/equipment,6872,A61,... < 1 year,2,male : divorced/separated,none,4,if not A121 : building society savings agreement/ life insurance,63,bank,own,1,skilled employee / official,1,"yes, registered under the customers name",yes,1
... >= 200 DM / salary assignments for at least 1 year,4,critical account/ other credits existing (not at this bank),car (used),276,A61,... < 1 year,1,male : divorced/separated,guarantor,4,if not A121 : building society savings agreement/ life insurance,19,bank,for free,1,unskilled - resident,1,"yes, registered under the customers name",yes,1
... < 0 DM,24,delay in paying off in the past,car (new),4870,A61,1 <= ... < 4 years,3,male : single,none,4,unknown / no property,53,none,for free,2,skilled employee / official,2,none,yes,1
... < 0 DM,9,all credits at this bank paid back duly,car (used),5129,A61,.. >= 7 years,4,female : divorced/separated/married,none,4,unknown / no property,46,bank,for free,2,skilled employee / official,2,"yes, registered under the customers name",yes,1
... < 0 DM,4,delay in paying off in the past,car (new),5998,A61,1 <= ... < 4 years,3,male : single,co-applicant,1,unknown / no property,19,none,own,2,skilled employee / official,2,none,yes,1
... < 0 DM,60,delay in paying off in the past,business,6836,A61,.. >= 7 years,3,male : single,none,4,unknown / no property,63,none,own,2,skilled employee / official,1,"yes, registered under the customers name",yes,1
no checking account,18,all credits at this bank paid back duly,car (new),6458,A61,.. >= 7 years,2,male : single,none,4,unknown / no property,39,bank,own,2,management/ self-employed/ highly qualified employee/ officer,2,"yes, registered under the customers name",yes,1
0 <= ... < 200 DM,18,critical account/ other credits existing (not at this bank),radio/television,1245,A61,1 <= ... < 4 years,4,male : married/widowed,none,2,"if not A121/A122 : car or other, not in attribute 6",33,none,own,1,skilled employee / official,1,none,yes,1
... < 0 DM,24,existing credits paid back duly till now,car (new),1381,A65,1 <= ... < 4 years,4,female : divorced/separated/married,none,2,if not A121 : building society savings agreement/ life insurance,35,none,own,1,skilled employee / official,1,none,yes,1
... < 0 DM,24,existing credits paid back duly till now,car (new),915,A65,.. >= 7 years,4,female : divorced/separated/married,none,2,"if not A121/A122 : car or other, not in attribute 6",29,bank,own,1,skilled employee / official,1,none,yes,1
... < 0 DM,12,existing credits paid back duly till now,car (new),1228,A61,1 <= ... < 4 years,4,female : divorced/separated/married,none,2,real estate,24,none,own,1,unskilled - resident,1,none,yes,1
... < 0 DM,12,existing credits paid back duly till now,car (new),900,A65,1 <= ... < 4 years,4,male : married/widowed,none,2,"if not A121/A122 : car or other, not in attribute 6",23,none,own,1,skilled employee / official,1,none,yes,1
... < 0 DM,4,existing credits paid back duly till now,others,276,A61,... < 1 year,4,male : single,none,1,unknown / no property,45,none,own,1,unskilled - resident,1,none,yes,1
... < 0 DM,21,delay in paying off in the past,radio/television,1835,A61,1 <= ... < 4 years,3,male : single,none,1,unknown / no property,19,none,own,1,skilled employee / official,1,"yes, registered under the customers name",yes,1
... < 0 DM,18,existing credits paid back duly till now,furniture/equipment,2473,A61,unemployed,4,male : single,none,1,"if not A121/A122 : car or other, not in attribute 6",25,none,own,1,unemployed/ unskilled - non-resident,1,none,yes,1
no checking account,18,delay in paying off in the past,furniture/equipment,1808,A61,4 <= ... < 7 years,4,female : divorced/separated/married,none,1,real estate,22,none,own,1,skilled employee / official,1,none,yes,1
... < 0 DM,24,existing credits paid back duly till now,car (new),2303,A61,.. >= 7 years,4,male : single,co-applicant,1,real estate,45,none,own,1,skilled employee / official,1,none,yes,1
0 <= ... < 200 DM,18,critical account/ other credits existing (not at this bank),radio/television,1245,A61,1 <= ... < 4 years,4,male : married/widowed,none,2,"if not A121/A122 : car or other, not in attribute 6",33,none,own,1,skilled employee / official,1,none,yes,1
... < 0 DM,12,existing credits paid back duly till now,car (new),1381,A61,1 <= ... < 4 years,4,female : divorced/separated/married,none,2,real estate,35,none,own,1,unskilled - resident,1,none,yes,1
... < 0 DM,24,existing credits paid back duly till now,car (new),1381,A65,1 <= ... < 4 years,4,female : divorced/separated/married,none,2,if not A121 : building society savings agreement/ life insurance,35,none,own,1,skilled employee / official,1,none,yes,1
... < 0 DM,24,existing credits paid back duly till now,car (new),915,A65,.. >= 7 years,4,female : divorced/separated/married,none,2,"if not A121/A122 : car or other, not in attribute 6",29,bank,own,1,skilled employee / official,1,none,yes,1
... < 0 DM,12,existing credits paid back duly till now,car (new),1228,A61,1 <= ... < 4 years,4,female : divorced/separated/married,none,2,real estate,24,none,own,1,unskilled - resident,1,none,yes,1
... < 0 DM,24,existing credits paid back duly till now,car (new),1381,A65,1 <= ... < 4 years,4,female : divorced/separated/married,none,2,if not A121 : building society savings agreement/ life insurance,35,none,own,1,skilled employee / official,1,none,yes,1
... < 0 DM,12,existing credits paid back duly till now,car (new),1228,A61,1 <= ... < 4 years,4,female : divorced/separated/married,none,2,real estate,24,none,own,1,unskilled - resident,1,none,yes,1
... < 0 DM,4,existing credits paid back duly till now,car (new),1381,A65,1 <= ... < 4 years,4,female : divorced/separated/married,none,2,real estate,35,none,own,1,unskilled - resident,1,none,yes,1
... < 0 DM,4,existing credits paid back duly till now,retraining,276,A61,1 <= ... < 4 years,4,female : divorced/separated/married,none,2,real estate,20,none,own,1,unskilled - resident,1,none,yes,1
... < 0 DM,15,existing credits paid back duly till now,car (new),1381,A61,.. >= 7 years,4,female : divorced/separated/married,none,2,unknown / no property,19,none,own,1,unskilled - resident,1,"yes, registered under the customers name",yes,1
... < 0 DM,24,existing credits paid back duly till now,car (new),1207,A61,... < 1 year,4,female : divorced/separated/married,none,4,if not A121 : building society savings agreement/ life insurance,24,none,rent,1,skilled employee / official,1,none,yes,1
... < 0 DM,18,existing credits paid back duly till now,domestic appliances,1217,A61,1 <= ... < 4 years,4,male : married/widowed,none,3,real estate,47,none,own,1,unskilled - resident,1,"yes, registered under the customers name",yes,1
... < 0 DM,24,existing credits paid back duly till now,car (new),1228,A61,... < 1 year,4,female : divorced/separated/married,none,2,unknown / no property,24,none,rent,1,unskilled - resident,1,none,yes,1
... < 0 DM,18,existing credits paid back duly till now,radio/television,1345,A61,1 <= ... < 4 years,4,male : married/widowed,none,3,real estate,26,bank,own,1,skilled employee / official,1,none,yes,1
... < 0 DM,24,existing credits paid back duly till now,car (new),1442,A61,4 <= ... < 7 years,4,female : divorced/separated/married,none,4,"if not A121/A122 : car or other, not in attribute 6",23,none,rent,2,skilled employee / official,1,none,yes,1
0 <= ... < 200 DM,36,no credits taken/ all credits paid back duly,radio/television,3804,A61,1 <= ... < 4 years,4,female : divorced/separated/married,none,1,"if not A121/A122 : car or other, not in attribute 6",42,none,own,1,skilled employee / official,1,"yes, registered under the customers name",yes,1
no checking account,36,existing credits paid back duly till now,furniture/equipment,3349,A61,1 <= ... < 4 years,4,female : divorced/separated/married,none,2,"if not A121/A122 : car or other, not in attribute 6",28,none,own,1,management/ self-employed/ highly qualified employee/ officer,1,"yes, registered under the customers name",yes,1
... < 0 DM,24,existing credits paid back duly till now,furniture/equipment,3345,A61,.. >= 7 years,4,male : single,none,1,unknown / no property,39,none,rent,1,skilled employee / official,1,"yes, registered under the customers name",yes,1
... < 0 DM,42,existing credits paid back duly till now,radio/television,3965,A61,... < 1 year,4,male : single,none,3,"if not A121/A122 : car or other, not in attribute 6",34,none,own,1,skilled employee / official,1,none,yes,1
... < 0 DM,42,existing credits paid back duly till now,radio/television,3965,A61,unemployed,4,male : single,none,3,"if not A121/A122 : car or other, not in attribute 6",34,none,own,1,skilled employee / official,1,none,yes,1
0 <= ... < 200 DM,24,critical account/ other credits existing (not at this bank),furniture/equipment,4736,A61,... < 1 year,2,female : divorced/separated/married,none,4,"if not A121/A122 : car or other, not in attribute 6",25,bank,own,1,unskilled - resident,1,none,yes,1
... < 0 DM,24,existing credits paid back duly till now,furniture/equipment,2996,A65,1 <= ... < 4 years,2,male : married/widowed,none,4,"if not A121/A122 : car or other, not in attribute 6",20,none,own,1,skilled employee / official,1,none,yes,1
... < 0 DM,42,existing credits paid back duly till now,radio/television,2996,A61,... < 1 year,2,male : married/widowed,none,3,"if not A121/A122 : car or other, not in attribute 6",19,none,own,1,skilled employee / official,1,"yes, registered under the customers name",yes,1
... < 0 DM,18,existing credits paid back duly till now,furniture/equipment,4153,A61,1 <= ... < 4 years,2,male : single,co-applicant,3,"if not A121/A122 : car or other, not in attribute 6",42,none,own,1,skilled employee / official,1,none,yes,1
0 <= ... < 200 DM,24,existing credits paid back duly till now,car (used),4113,A63,... < 1 year,3,female : divorced/separated/married,none,4,"if not A121/A122 : car or other, not in attribute 6",28,none,rent,1,skilled employee / official,1,none,yes,1
0 <= ... < 200 DM,45,critical account/ other credits existing (not at this bank),radio/television,4746,A61,... < 1 year,4,male : single,none,2,if not A121 : building society savings agreement/ life insurance,25,none,own,2,unskilled - resident,1,none,yes,1
no checking account,36,critical account/ other credits existing (not at this bank),car (new),7855,A61,1 <= ... < 4 years,4,female : divorced/separated/married,none,2,real estate,25,stores,own,2,skilled employee / official,1,"yes, registered under the customers name",yes,1
... < 0 DM,40,critical account/ other credits existing (not at this bank),education,276,A61,1 <= ... < 4 years,4,male : single,none,3,unknown / no property,19,bank,rent,2,skilled employee / official,1,none,yes,1
0 <= ... < 200 DM,30,critical account/ other credits existing (not at this bank),car (new),4249,A61,unemployed,4,male : married/widowed,none,2,"if not A121/A122 : car or other, not in attribute 6",28,none,own,2,management/ self-employed/ highly qualified employee/ officer,1,none,yes,1
0 <= ... < 200 DM,30,critical account/ other credits existing (not at this bank),car (new),5234,A61,unemployed,4,male : married/widowed,none,2,"if not A121/A122 : car or other, not in attribute 6",28,none,own,2,management/ self-employed/ highly qualified employee/ officer,1,none,yes,1
... < 0 DM,18,existing credits paid back duly till now,furniture/equipment,4153,A65,1 <= ... < 4 years,2,male : married/widowed,none,4,"if not A121/A122 : car or other, not in attribute 6",42,none,own,1,skilled employee / official,1,none,yes,1
0 <= ... < 200 DM,24,critical account/ other credits existing (not at this bank),furniture/equipment,4736,A61,... < 1 year,2,female : divorced/separated/married,none,4,"if not A121/A122 : car or other, not in attribute 6",25,bank,own,1,unskilled - resident,1,none,yes,1
... < 0 DM,24,existing credits paid back duly till now,furniture/equipment,2996,A65,1 <= ... < 4 years,2,male : married/widowed,none,4,"if not A121/A122 : car or other, not in attribute 6",20,none,own,1,skilled employee / official,1,none,yes,1
... < 0 DM,18,existing credits paid back duly till now,furniture/equipment,4153,A61,1 <= ... < 4 years,2,male : single,co-applicant,3,"if not A121/A122 : car or other, not in attribute 6",42,none,own,1,skilled employee / official,1,none,yes,1
0 <= ... < 200 DM,24,existing credits paid back duly till now,car (used),4113,A63,... < 1 year,3,female : divorced/separated/married,none,4,"if not A121/A122 : car or other, not in attribute 6",28,none,rent,1,skilled employee / official,1,none,yes,1
0 <= ... < 200 DM,30,critical account/ other credits existing (not at this bank),car (new),5234,A61,unemployed,4,male : married/widowed,none,2,"if not A121/A122 : car or other, not in attribute 6",28,none,own,2,management/ self-employed/ highly qualified employee/ officer,1,none,yes,1
0 <= ... < 200 DM,30,critical account/ other credits existing (not at this bank),car (new),4249,A61,unemployed,4,male : married/widowed,none,2,"if not A121/A122 : car or other, not in attribute 6",28,none,own,2,management/ self-employed/ highly qualified employee/ officer,1,none,yes,1
0 <= ... < 200 DM,24,existing credits paid back duly till now,car (used),4113,A63,... < 1 year,3,female : divorced/separated/married,none,4,"if not A121/A122 : car or other, not in attribute 6",28,none,rent,1,skilled employee / official,1,none,yes,1
0 <= ... < 200 DM,45,critical account/ other credits existing (not at this bank),radio/television,4746,A61,... < 1 year,4,male : single,none,2,if not A121 : building society savings agreement/ life insurance,25,none,own,2,unskilled - resident,1,none,yes,1
... < 0 DM,33,critical account/ other credits existing (not at this bank),furniture/equipment,4281,A63,1 <= ... < 4 years,1,female : divorced/separated/married,none,4,"if not A121/A122 : car or other, not in attribute 6",23,none,own,2,skilled employee / official,1,none,yes,1
... < 0 DM,28,existing credits paid back duly till now,car (new),4006,A61,1 <= ... < 4 years,3,male : single,none,2,"if not A121/A122 : car or other, not in attribute 6",45,none,own,1,unskilled - resident,1,none,yes,1
... < 0 DM,18,existing credits paid back duly till now,furniture/equipment,2462,A61,1 <= ... < 4 years,2,male : single,none,2,"if not A121/A122 : car or other, not in attribute 6",22,none,own,1,skilled employee / official,1,none,yes,1
... < 0 DM,18,existing credits paid back duly till now,furniture/equipment,276,A61,1 <= ... < 4 years,2,male : single,none,2,"if not A121/A122 : car or other, not in attribute 6",22,none,own,1,unemployed/ unskilled - non-resident,1,none,yes,1
... < 0 DM,18,existing credits paid back duly till now,radio/television,3190,A61,1 <= ... < 4 years,2,female : divorced/separated/married,none,2,real estate,24,none,own,1,skilled employee / official,1,none,yes,1
... < 0 DM,36,existing credits paid back duly till now,business,3161,A61,1 <= ... < 4 years,4,male : single,none,2,"if not A121/A122 : car or other, not in attribute 6",31,none,own,1,skilled employee / official,1,"yes, registered under the customers name",yes,1
... < 0 DM,33,critical account/ other credits existing (not at this bank),furniture/equipment,4281,A63,1 <= ... < 4 years,1,female : divorced/separated/married,none,4,"if not A121/A122 : car or other, not in attribute 6",23,none,own,2,skilled employee / official,1,none,yes,1
no checking account,21,no credits taken/ all credits paid back duly,car (new),5003,A65,1 <= ... < 4 years,1,female : divorced/separated/married,none,4,if not A121 : building society savings agreement/ life insurance,29,bank,own,2,skilled employee / official,1,"yes, registered under the customers name",yes,1
... < 0 DM,4,no credits taken/ all credits paid back duly,business,276,A61,4 <= ... < 7 years,1,female : divorced/separated/married,none,2,"if not A121/A122 : car or other, not in attribute 6",26,none,for free,2,unemployed/ unskilled - non-resident,1,none,yes,1
no checking account,6,existing credits paid back duly till now,furniture/equipment,4611,A61,... < 1 year,1,female : divorced/separated/married,none,4,if not A121 : building society savings agreement/ life insurance,32,none,own,1,skilled employee / official,1,none,yes,1
0 <= ... < 200 DM,24,existing credits paid back duly till now,car (used),4113,A63,... < 1 year,3,female : divorced/separated/married,none,4,"if not A121/A122 : car or other, not in attribute 6",28,none,rent,1,skilled employee / official,1,none,yes,1
... < 0 DM,42,existing credits paid back duly till now,radio/television,3965,A61,... < 1 year,4,male : single,none,3,"if not A121/A122 : car or other, not in attribute 6",34,none,own,1,skilled employee / official,1,none,yes,1
no checking account,36,existing credits paid back duly till now,furniture/equipment,3349,A61,1 <= ... < 4 years,4,female : divorced/separated/married,none,2,"if not A121/A122 : car or other, not in attribute 6",28,none,own,1,management/ self-employed/ highly qualified employee/ officer,1,"yes, registered under the customers name",yes,1
... < 0 DM,24,all credits at this bank paid back duly,business,3161,A61,1 <= ... < 4 years,4,male : single,none,2,if not A121 : building society savings agreement/ life insurance,31,none,rent,1,skilled employee / official,1,"yes, registered under the customers name",yes,1
0 <= ... < 200 DM,24,existing credits paid back duly till now,furniture/equipment,4057,A61,4 <= ... < 7 years,3,male : divorced/separated,none,3,"if not A121/A122 : car or other, not in attribute 6",43,none,own,1,skilled employee / official,1,"yes, registered under the customers name",yes,1
0 <= ... < 200 DM,48,critical account/ other credits existing (not at this bank),furniture/equipment,5096,A61,1 <= ... < 4 years,2,female : divorced/separated/married,none,3,"if not A121/A122 : car or other, not in attribute 6",30,none,own,1,management/ self-employed/ highly qualified employee/ officer,1,"yes, registered under the customers name",yes,1
... < 0 DM,12,existing credits paid back duly till now,car (new),2039,A61,unemployed,4,female : divorced/separated/married,none,1,real estate,19,none,own,1,unemployed/ unskilled - non-resident,1,none,yes,1
... < 0 DM,15,all credits at this bank paid back duly,retraining,276,A61,4 <= ... < 7 years,4,male : divorced/separated,none,2,"if not A121/A122 : car or other, not in attribute 6",19,none,own,1,skilled employee / official,1,none,yes,1
... < 0 DM,18,all credits at this bank paid back duly,repairs,276,A61,1 <= ... < 4 years,4,male : single,co-applicant,1,unknown / no property,65,none,own,2,skilled employee / official,1,none,yes,1
... < 0 DM,18,existing credits paid back duly till now,furniture/equipment,2473,A61,unemployed,4,male : single,none,1,"if not A121/A122 : car or other, not in attribute 6",25,none,own,1,unemployed/ unskilled - non-resident,1,none,yes,1
no checking account,18,delay in paying off in the past,furniture/equipment,1808,A61,4 <= ... < 7 years,4,female : divorced/separated/married,none,1,real estate,22,none,own,1,skilled employee / official,1,none,yes,1
... < 0 DM,24,existing credits paid back duly till now,car (new),1381,A65,1 <= ... < 4 years,4,female : divorced/separated/married,none,2,if not A121 : building society savings agreement/ life insurance,35,none,own,1,skilled employee / official,1,none,yes,1
... < 0 DM,12,existing credits paid back duly till now,car (new),1228,A61,1 <= ... < 4 years,4,female : divorced/separated/married,none,2,real estate,24,none,own,1,unskilled - resident,1,none,yes,1
... < 0 DM,9,existing credits paid back duly till now,car (new),1422,A61,... < 1 year,4,male : married/widowed,none,2,"if not A121/A122 : car or other, not in attribute 6",48,none,own,1,skilled employee / official,1,none,yes,1
0 <= ... < 200 DM,18,critical account/ other credits existing (not at this bank),radio/television,1245,A61,1 <= ... < 4 years,4,male : married/widowed,none,2,"if not A121/A122 : car or other, not in attribute 6",33,none,own,1,skilled employee / official,1,none,yes,1
... < 0 DM,24,existing credits paid back duly till now,car (new),1371,A65,1 <= ... < 4 years,4,female : divorced/separated/married,none,4,real estate,25,none,rent,1,skilled employee / official,1,none,yes,1
0 <= ... < 200 DM,30,critical account/ other credits existing (not at this bank),car (new),5234,A61,unemployed,4,male : married/widowed,none,2,"if not A121/A122 : car or other, not in attribute 6",28,none,own,2,management/ self-employed/ highly qualified employee/ officer,1,none,yes,1
0 <= ... < 200 DM,30,critical account/ other credits existing (not at this bank),car (new),4249,A61,unemployed,4,male : married/widowed,none,2,"if not A121/A122 : car or other, not in attribute 6",28,none,own,2,management/ self-employed/ highly qualified employee/ officer,1,none,yes,1
0 <= ... < 200 DM,24,existing credits paid back duly till now,car (used),4113,A63,... < 1 year,3,female : divorced/separated/married,none,4,"if not A121/A122 : car or other, not in attribute 6",28,none,rent,1,skilled employee / official,1,none,yes,1
0 <= ... < 200 DM,45,critical account/ other credits existing (not at this bank),radio/television,4746,A61,... < 1 year,4,male : single,none,2,if not A121 : building society savings agreement/ life insurance,25,none,own,2,unskilled - resident,1,none,yes,1
... < 0 DM,33,critical account/ other credits existing (not at this bank),furniture/equipment,4281,A63,1 <= ... < 4 years,1,female : divorced/separated/married,none,4,"if not A121/A122 : car or other, not in attribute 6",23,none,own,2,skilled employee / official,1,none,yes,1
... < 0 DM,36,all credits at this bank paid back duly,furniture/equipment,2746,A61,.. >= 7 years,4,male : single,none,4,"if not A121/A122 : car or other, not in attribute 6",31,bank,own,1,skilled employee / official,1,none,yes,1
... < 0 DM,36,existing credits paid back duly till now,car (new),1842,A61,... < 1 year,4,female : divorced/separated/married,none,4,"if not A121/A122 : car or other, not in attribute 6",34,none,own,1,skilled employee / official,1,"yes, registered under the customers name",yes,1
... < 0 DM,30,existing credits paid back duly till now,furniture/equipment,2406,A61,4 <= ... < 7 years,4,female : divorced/separated/married,none,4,real estate,23,none,rent,1,skilled employee / official,1,none,yes,1
... < 0 DM,24,existing credits paid back duly till now,radio/television,2439,A61,... < 1 year,4,female : divorced/separated/married,none,4,real estate,35,none,own,1,skilled employee / official,1,"yes, registered under the customers name",yes,1
... < 0 DM,24,existing credits paid back duly till now,radio/television,1938,A61,... < 1 year,4,male : divorced/separated,none,3,if not A121 : building society savings agreement/ life insurance,32,none,own,1,skilled employee / official,1,none,yes,1
no checking account,36,critical account/ other credits existing (not at this bank),car (new),7855,A61,1 <= ... < 4 years,4,female : divorced/separated/married,none,2,real estate,25,stores,own,2,skilled employee / official,1,"yes, registered under the customers name",yes,1
... < 0 DM,36,critical account/ other credits existing (not at this bank),education,8065,A61,1 <= ... < 4 years,3,female : divorced/separated/married,none,2,unknown / no property,25,none,own,2,management/ self-employed/ highly qualified employee/ officer,1,"yes, registered under the customers name",yes,1
... < 0 DM,36,delay in paying off in the past,car (used),6887,A61,1 <= ... < 4 years,4,female : divorced/separated/married,co-applicant,1,"if not A121/A122 : car or other, not in attribute 6",19,none,own,2,skilled employee / official,1,"yes, registered under the customers name",yes,1
0 <= ... < 200 DM,60,existing credits paid back duly till now,car (new),14027,A61,4 <= ... < 7 years,4,male : single,none,2,unknown / no property,27,none,own,1,management/ self-employed/ highly qualified employee/ officer,1,"yes, registered under the customers name",yes,1
0 <= ... < 200 DM,36,existing credits paid back duly till now,car (new),14318,A61,.. >= 7 years,4,male : single,none,2,unknown / no property,57,none,for free,1,management/ self-employed/ highly qualified employee/ officer,1,"yes, registered under the customers name",yes,1
... < 0 DM,48,existing credits paid back duly till now,car (new),7763,A61,.. >= 7 years,4,male : single,none,4,unknown / no property,42,bank,for free,1,management/ self-employed/ highly qualified employee/ officer,1,none,yes,1
... < 0 DM,60,existing credits paid back duly till now,business,7297,A61,.. >= 7 years,4,male : single,co-applicant,4,unknown / no property,36,none,rent,1,skilled employee / official,1,none,yes,1
... < 0 DM,12,existing credits paid back duly till now,furniture/equipment,7865,A61,.. >= 7 years,4,male : single,none,4,unknown / no property,53,none,for free,1,management/ self-employed/ highly qualified employee/ officer,1,"yes, registered under the customers name",yes,1
... < 0 DM,48,critical account/ other credits existing (not at this bank),car (used),6331,A61,.. >= 7 years,4,male : single,none,4,unknown / no property,46,none,for free,2,skilled employee / official,1,"yes, registered under the customers name",yes,1
0 <= ... < 200 DM,48,all credits at this bank paid back duly,business,6416,A61,.. >= 7 years,4,female : divorced/separated/married,none,3,unknown / no property,59,none,rent,1,skilled employee / official,1,none,yes,1
0 <= ... < 200 DM,24,critical account/ other credits existing (not at this bank),furniture/equipment,4736,A61,... < 1 year,2,female : divorced/separated/married,none,4,"if not A121/A122 : car or other, not in attribute 6",25,bank,own,1,unskilled - resident,1,none,yes,1
... < 0 DM,4,existing credits paid back duly till now,domestic appliances,9629,A61,4 <= ... < 7 years,2,male : single,none,3,unknown / no property,31,none,own,1,skilled employee / official,1,none,yes,1
... < 0 DM,60,existing credits paid back duly till now,business,7297,A61,.. >= 7 years,4,male : single,co-applicant,4,unknown / no property,36,none,rent,1,skilled employee / official,1,none,yes,1
0 <= ... < 200 DM,48,critical account/ other credits existing (not at this bank),furniture/equipment,5096,A61,1 <= ... < 4 years,2,female : divorced/separated/married,none,3,"if not A121/A122 : car or other, not in attribute 6",30,none,own,1,management/ self-employed/ highly qualified employee/ officer,1,"yes, registered under the customers name",yes,1
0 <= ... < 200 DM,48,all credits at this bank paid back duly,business,6416,A61,.. >= 7 years,4,female : divorced/separated/married,none,3,unknown / no property,59,none,rent,1,skilled employee / official,1,none,yes,1
... < 0 DM,24,existing credits paid back duly till now,radio/television,2439,A61,... < 1 year,4,female : divorced/separated/married,none,4,real estate,35,none,own,1,skilled employee / official,1,"yes, registered under the customers name",yes,1
... < 0 DM,36,all credits at this bank paid back duly,furniture/equipment,2746,A61,.. >= 7 years,4,male : single,none,4,"if not A121/A122 : car or other, not in attribute 6",31,bank,own,1,skilled employee / official,1,none,yes,1
... < 0 DM,30,existing credits paid back duly till now,furniture/equipment,2406,A61,4 <= ... < 7 years,4,female : divorced/separated/married,none,4,real estate,23,none,rent,1,skilled employee / official,1,none,yes,1
... >= 200 DM / salary assignments for at least 1 year,30,delay in paying off in the past,business,1908,A61,.. >= 7 years,4,male : single,none,4,real estate,66,none,own,1,management/ self-employed/ highly qualified employee/ officer,1,"yes, registered under the customers name",yes,1
... < 0 DM,12,critical account/ other credits existing (not at this bank),furniture/equipment,276,A61,1 <= ... < 4 years,4,female : divorced/separated/married,none,4,unknown / no property,60,bank,for free,1,skilled employee / official,1,none,yes,1
... < 0 DM,24,existing credits paid back duly till now,car (new),1442,A61,4 <= ... < 7 years,4,female : divorced/separated/married,none,4,"if not A121/A122 : car or other, not in attribute 6",23,none,rent,2,skilled employee / official,1,none,yes,1
... < 0 DM,24,existing credits paid back duly till now,furniture/equipment,2039,A61,4 <= ... < 7 years,1,female : divorced/separated/married,none,4,real estate,20,none,rent,1,skilled employee / official,1,none,yes,1
... < 0 DM,30,existing credits paid back duly till now,furniture/equipment,2406,A61,4 <= ... < 7 years,4,female : divorced/separated/married,none,4,real estate,23,none,rent,1,skilled employee / official,1,none,yes,1
... < 0 DM,18,all credits at this bank paid back duly,radio/television,1553,A61,1 <= ... < 4 years,1,female : divorced/separated/married,none,3,real estate,25,none,own,2,skilled employee / official,1,none,yes,1
... < 0 DM,18,existing credits paid back duly till now,furniture/equipment,2039,A61,1 <= ... < 4 years,1,female : divorced/separated/married,none,4,real estate,20,bank,rent,1,skilled employee / official,1,none,yes,1
... < 0 DM,24,existing credits paid back duly till now,car (new),3123,A61,... < 1 year,4,female : divorced/separated/married,none,1,if not A121 : building society savings agreement/ life insurance,27,none,own,1,skilled employee / official,1,none,yes,1
... < 0 DM,18,existing credits paid back duly till now,furniture/equipment,2473,A61,unemployed,4,male : single,none,1,"if not A121/A122 : car or other, not in attribute 6",25,none,own,1,unemployed/ unskilled - non-resident,1,none,yes,1
... < 0 DM,24,existing credits paid back duly till now,car (new),2303,A61,.. >= 7 years,4,male : single,co-applicant,1,real estate,45,none,own,1,skilled employee / official,1,none,yes,1
... < 0 DM,6,critical account/ other credits existing (not at this bank),furniture/equipment,276,A61,... < 1 year,4,male : divorced/separated,none,1,real estate,19,bank,for free,1,unskilled - resident,1,"yes, registered under the customers name",yes,1
0 <= ... < 200 DM,36,existing credits paid back duly till now,repairs,2384,A61,... < 1 year,4,male : single,none,1,unknown / no property,33,none,rent,1,unskilled - resident,1,none,yes,1
0 <= ... < 200 DM,30,critical account/ other credits existing (not at this bank),car (new),4249,A61,unemployed,4,male : married/widowed,none,2,"if not A121/A122 : car or other, not in attribute 6",28,none,own,2,management/ self-employed/ highly qualified employee/ officer,1,none,yes,1
0 <= ... < 200 DM,30,critical account/ other credits existing (not at this bank),car (new),5234,A61,unemployed,4,male : married/widowed,none,2,"if not A121/A122 : car or other, not in attribute 6",28,none,own,2,management/ self-employed/ highly qualified employee/ officer,1,none,yes,1
0 <= ... < 200 DM,24,existing credits paid back duly till now,car (used),4113,A63,... < 1 year,3,female : divorced/separated/married,none,4,"if not A121/A122 : car or other, not in attribute 6",28,none,rent,1,skilled employee / official,1,none,yes,1
0 <= ... < 200 DM,45,critical account/ other credits existing (not at this bank),radio/television,4746,A61,... < 1 year,4,male : single,none,2,if not A121 : building society savings agreement/ life insurance,25,none,own,2,unskilled - resident,1,none,yes,1
... < 0 DM,33,critical account/ other credits existing (not at this bank),furniture/equipment,4281,A63,1 <= ... < 4 years,1,female : divorced/separated/married,none,4,"if not A121/A122 : car or other, not in attribute 6",23,none,own,2,skilled employee / official,1,none,yes,1
... < 0 DM,60,delay in paying off in the past,car (new),7763,A61,.. >= 7 years,1,male : single,none,4,unknown / no property,42,none,own,1,skilled employee / official,1,"yes, registered under the customers name",yes,1
0 <= ... < 200 DM,36,existing credits paid back duly till now,car (used),9398,A61,... < 1 year,1,male : married/widowed,none,4,"if not A121/A122 : car or other, not in attribute 6",28,none,rent,1,management/ self-employed/ highly qualified employee/ officer,1,"yes, registered under the customers name",yes,1
... < 0 DM,48,existing credits paid back duly till now,car (new),7763,A61,.. >= 7 years,4,male : single,none,4,unknown / no property,42,bank,for free,1,management/ self-employed/ highly qualified employee/ officer,1,none,yes,1
... < 0 DM,12,existing credits paid back duly till now,furniture/equipment,7865,A61,.. >= 7 years,4,male : single,none,4,unknown / no property,53,none,for free,1,management/ self-employed/ highly qualified employee/ officer,1,"yes, registered under the customers name",yes,1
... < 0 DM,36,delay in paying off in the past,car (used),8335,A61,.. >= 7 years,3,female : divorced/separated/married,none,4,unknown / no property,31,stores,own,1,unemployed/ unskilled - non-resident,1,"yes, registered under the customers name",yes,1
0 <= ... < 200 DM,27,no credits taken/ all credits paid back duly,business,8318,A61,.. >= 7 years,2,female : divorced/separated/married,none,4,unknown / no property,42,none,for free,2,management/ self-employed/ highly qualified employee/ officer,1,"yes, registered under the customers name",yes,1
... < 0 DM,60,delay in paying off in the past,business,6836,A61,.. >= 7 years,3,male : single,none,4,unknown / no property,63,none,own,2,skilled employee / official,1,"yes, registered under the customers name",yes,1
no checking account,48,critical account/ other credits existing (not at this bank),car (used),11590,A62,1 <= ... < 4 years,2,female : divorced/separated/married,none,4,"if not A121/A122 : car or other, not in attribute 6",24,bank,rent,2,unskilled - resident,1,none,yes,1
... < 0 DM,4,existing credits paid back duly till now,retraining,276,A61,unemployed,2,female : divorced/separated/married,none,4,real estate,19,none,rent,1,skilled employee / official,1,none,yes,1
0 <= ... < 200 DM,24,existing credits paid back duly till now,car (used),11560,A61,1 <= ... < 4 years,1,female : divorced/separated/married,none,4,"if not A121/A122 : car or other, not in attribute 6",23,none,rent,2,management/ self-employed/ highly qualified employee/ officer,1,none,yes,1
... < 0 DM,36,existing credits paid back duly till now,car (new),9271,A61,4 <= ... < 7 years,2,male : single,none,1,"if not A121/A122 : car or other, not in attribute 6",24,none,own,1,skilled employee / official,1,"yes, registered under the customers name",yes,1
0 <= ... < 200 DM,48,no credits taken/ all credits paid back duly,business,14421,A61,1 <= ... < 4 years,2,male : single,none,2,"if not A121/A122 : car or other, not in attribute 6",25,none,own,1,skilled employee / official,1,"yes, registered under the customers name",yes,1
0 <= ... < 200 DM,36,existing credits paid back duly till now,car (used),9398,A61,... < 1 year,1,male : married/widowed,none,4,"if not A121/A122 : car or other, not in attribute 6",28,none,rent,1,management/ self-employed/ highly qualified employee/ officer,1,"yes, registered under the customers name",yes,1
... < 0 DM,48,existing credits paid back duly till now,radio/television,6758,A61,1 <= ... < 4 years,3,female : divorced/separated/married,none,2,"if not A121/A122 : car or other, not in attribute 6",31,none,own,1,skilled employee / official,1,"yes, registered under the customers name",yes,1
0 <= ... < 200 DM,12,existing credits paid back duly till now,radio/television,6468,A65,unemployed,2,male : single,none,1,unknown / no property,52,none,own,1,management/ self-employed/ highly qualified employee/ officer,1,"yes, registered under the customers name",yes,1
... < 0 DM,18,all credits at this bank paid back duly,business,3114,A61,4 <= ... < 7 years,2,female : divorced/separated/married,none,4,"if not A121/A122 : car or other, not in attribute 6",19,bank,rent,1,skilled employee / official,1,"yes, registered under the customers name",yes,1
0 <= ... < 200 DM,24,critical account/ other credits existing (not at this bank),furniture/equipment,4736,A61,... < 1 year,2,female : divorced/separated/married,none,4,"if not A121/A122 : car or other, not in attribute 6",25,bank,own,1,unskilled - resident,1,none,yes,1
... < 0 DM,24,existing credits paid back duly till now,furniture/equipment,2996,A65,1 <= ... < 4 years,2,male : married/widowed,none,4,"if not A121/A122 : car or other, not in attribute 6",20,none,own,1,skilled employee / official,1,none,yes,1
... < 0 DM,18,existing credits paid back duly till now,furniture/equipment,4153,A61,1 <= ... < 4 years,2,male : single,co-applicant,3,"if not A121/A122 : car or other, not in attribute 6",42,none,own,1,skilled employee / official,1,none,yes,1
0 <= ... < 200 DM,24,existing credits paid back duly till now,car (used),4113,A63,... < 1 year,3,female : divorced/separated/married,none,4,"if not A121/A122 : car or other, not in attribute 6",28,none,rent,1,skilled employee / official,1,none,yes,1
0 <= ... < 200 DM,24,critical account/ other credits existing (not at this bank),furniture/equipment,4736,A61,... < 1 year,2,female : divorced/separated/married,none,4,"if not A121/A122 : car or other, not in attribute 6",25,bank,own,1,unskilled - resident,1,none,yes,1
... < 0 DM,60,existing credits paid back duly till now,business,7297,A61,.. >= 7 years,4,male : single,co-applicant,4,unknown / no property,36,none,rent,1,skilled employee / official,1,none,yes,1
0 <= ... < 200 DM,48,critical account/ other credits existing (not at this bank),furniture/equipment,5096,A61,1 <= ... < 4 years,2,female : divorced/separated/married,none,3,"if not A121/A122 : car or other, not in attribute 6",30,none,own,1,management/ self-employed/ highly qualified employee/ officer,1,"yes, registered under the customers name",yes,1
0 <= ... < 200 DM,48,all credits at this bank paid back duly,business,6416,A61,.. >= 7 years,4,female : divorced/separated/married,none,3,unknown / no property,59,none,rent,1,skilled employee / official,1,none,yes,1
... < 0 DM,24,existing credits paid back duly till now,car (new),4817,A61,4 <= ... < 7 years,2,male : single,co-applicant,3,if not A121 : building society savings agreement/ life insurance,31,none,own,1,skilled employee / official,1,"yes, registered under the customers name",yes,1
... < 0 DM,12,existing credits paid back duly till now,furniture/equipment,3386,A61,.. >= 7 years,1,male : divorced/separated,guarantor,4,unknown / no property,44,bank,own,1,skilled employee / official,2,"yes, registered under the customers name",yes,1
... < 0 DM,24,all credits at this bank paid back duly,furniture/equipment,3349,A63,... < 1 year,4,male : single,none,4,unknown / no property,30,none,for free,1,skilled employee / official,2,"yes, registered under the customers name",yes,1
... < 0 DM,12,existing credits paid back duly till now,car (used),3386,A61,.. >= 7 years,3,male : single,none,4,unknown / no property,35,none,for free,1,skilled employee / official,1,"yes, registered under the customers name",yes,1
... < 0 DM,24,all credits at this bank paid back duly,furniture/equipment,3552,A61,4 <= ... < 7 years,3,male : single,none,4,"if not A121/A122 : car or other, not in attribute 6",27,bank,own,1,skilled employee / official,1,none,yes,1
... < 0 DM,48,existing credits paid back duly till now,domestic appliances,3051,A61,1 <= ... < 4 years,3,male : single,none,4,"if not A121/A122 : car or other, not in attribute 6",54,none,own,1,skilled employee / official,1,none,yes,1
... < 0 DM,36,critical account/ other credits existing (not at this bank),car (used),276,A61,4 <= ... < 7 years,2,male : single,none,4,"if not A121/A122 : car or other, not in attribute 6",24,none,own,1,skilled employee / official,1,"yes, registered under the customers name",yes,1
... < 0 DM,36,existing credits paid back duly till now,car (new),9271,A61,4 <= ... < 7 years,2,male : single,none,1,"if not A121/A122 : car or other, not in attribute 6",24,none,own,1,skilled employee / official,1,"yes, registered under the customers name",yes,1
... < 0 DM,48,existing credits paid back duly till now,business,7297,A61,.. >= 7 years,1,male : single,none,2,"if not A121/A122 : car or other, not in attribute 6",31,none,own,1,skilled employee / official,1,none,yes,1
... < 0 DM,4,existing credits paid back duly till now,repairs,276,A61,1 <= ... < 4 years,2,male : single,none,1,"if not A121/A122 : car or other, not in attribute 6",19,none,own,1,skilled employee / official,1,"yes, registered under the customers name",yes,1
0 <= ... < 200 DM,48,no credits taken/ all credits paid back duly,business,14421,A61,1 <= ... < 4 years,2,male : single,none,2,"if not A121/A122 : car or other, not in attribute 6",25,none,own,1,skilled employee / official,1,"yes, registered under the customers name",yes,1
0 <= ... < 200 DM,24,critical account/ other credits existing (not at this bank),furniture/equipment,4736,A61,... < 1 year,2,female : divorced/separated/married,none,4,"if not A121/A122 : car or other, not in attribute 6",25,bank,own,1,unskilled - resident,1,none,yes,1
... < 0 DM,24,existing credits paid back duly till now,furniture/equipment,2996,A65,1 <= ... < 4 years,2,male : married/widowed,none,4,"if not A121/A122 : car or other, not in attribute 6",20,none,own,1,skilled employee / official,1,none,yes,1
... < 0 DM,18,existing credits paid back duly till now,furniture/equipment,4153,A61,1 <= ... < 4 years,2,male : single,co-applicant,3,"if not A121/A122 : car or other, not in attribute 6",42,none,own,1,skilled employee / official,1,none,yes,1
0 <= ... < 200 DM,24,existing credits paid back duly till now,car (used),4113,A63,... < 1 year,3,female : divorced/separated/married,none,4,"if not A121/A122 : car or other, not in attribute 6",28,none,rent,1,skilled employee / official,1,none,yes,1
... < 0 DM,48,existing credits paid back duly till now,domestic appliances,3051,A61,1 <= ... < 4 years,3,male : single,none,4,"if not A121/A122 : car or other, not in attribute 6",54,none,own,1,skilled employee / official,1,none,yes,1
... < 0 DM,27,no credits taken/ all credits paid back duly,business,276,A61,.. >= 7 years,4,male : single,none,1,if not A121 : building society savings agreement/ life insurance,23,bank,rent,2,skilled employee / official,1,"yes, registered under the customers name",yes,1
0 <= ... < 200 DM,45,critical account/ other credits existing (not at this bank),radio/television,4746,A61,... < 1 year,4,male : single,none,2,if not A121 : building society savings agreement/ life insurance,25,none,own,2,unskilled - resident,1,none,yes,1
... < 0 DM,12,no credits taken/ all credits paid back duly,education,276,A61,.. >= 7 years,4,male : single,co-applicant,1,unknown / no property,19,bank,rent,2,skilled employee / official,1,"yes, registered under the customers name",yes,1
no checking account,36,critical account/ other credits existing (not at this bank),car (new),7855,A61,1 <= ... < 4 years,4,female : divorced/separated/married,none,2,real estate,25,stores,own,2,skilled employee / official,1,"yes, registered under the customers name",yes,1
0 <= ... < 200 DM,30,critical account/ other credits existing (not at this bank),car (new),5234,A61,unemployed,4,male : married/widowed,none,2,"if not A121/A122 : car or other, not in attribute 6",28,none,own,2,management/ self-employed/ highly qualified employee/ officer,1,none,yes,1
0 <= ... < 200 DM,24,existing credits paid back duly till now,furniture/equipment,4057,A61,4 <= ... < 7 years,3,male : divorced/separated,none,3,"if not A121/A122 : car or other, not in attribute 6",43,none,own,1,skilled employee / official,1,"yes, registered under the customers name",yes,1
no checking account,36,existing credits paid back duly till now,furniture/equipment,3349,A61,1 <= ... < 4 years,4,female : divorced/separated/married,none,2,"if not A121/A122 : car or other, not in attribute 6",28,none,own,1,management/ self-employed/ highly qualified employee/ officer,1,"yes, registered under the customers name",yes,1
... < 0 DM,42,existing credits paid back duly till now,radio/television,3965,A61,... < 1 year,4,male : single,none,3,"if not A121/A122 : car or other, not in attribute 6",34,none,own,1,skilled employee / official,1,none,yes,1
0 <= ... < 200 DM,48,critical account/ other credits existing (not at this bank),furniture/equipment,5096,A61,1 <= ... < 4 years,2,female : divorced/separated/married,none,3,"if not A121/A122 : car or other, not in attribute 6",30,none,own,1,management/ self-employed/ highly qualified employee/ officer,1,"yes, registered under the customers name",yes,1
0 <= ... < 200 DM,36,no credits taken/ all credits paid back duly,radio/television,3804,A61,1 <= ... < 4 years,4,female : divorced/separated/married,none,1,"if not A121/A122 : car or other, not in attribute 6",42,none,own,1,skilled employee / official,1,"yes, registered under the customers name",yes,1
... < 0 DM,4,existing credits paid back duly till now,education,276,A61,... < 1 year,3,male : single,none,2,if not A121 : building society savings agreement/ life insurance,19,none,own,1,skilled employee / official,1,"yes, registered under the customers name",yes,1
... < 0 DM,4,existing credits paid back duly till now,car (new),3123,A61,4 <= ... < 7 years,3,female : divorced/separated/married,co-applicant,2,unknown / no property,35,none,own,1,skilled employee / official,1,none,yes,1
... < 0 DM,4,existing credits paid back duly till now,car (new),276,A61,... < 1 year,3,female : divorced/separated/married,none,2,unknown / no property,19,none,own,1,unskilled - resident,1,none,yes,1
... < 0 DM,4,existing credits paid back duly till now,car (new),3123,A61,4 <= ... < 7 years,3,female : divorced/separated/married,co-applicant,2,unknown / no property,19,none,own,1,skilled employee / official,1,none,yes,1
... < 0 DM,28,existing credits paid back duly till now,car (new),4006,A61,1 <= ... < 4 years,3,male : single,none,2,"if not A121/A122 : car or other, not in attribute 6",45,none,own,1,unskilled - resident,1,none,yes,1
... < 0 DM,48,existing credits paid back duly till now,domestic appliances,3051,A61,1 <= ... < 4 years,3,male : single,none,4,"if not A121/A122 : car or other, not in attribute 6",54,none,own,1,skilled employee / official,1,none,yes,1
0 <= ... < 200 DM,24,existing credits paid back duly till now,car (used),4113,A63,... < 1 year,3,female : divorced/separated/married,none,4,"if not A121/A122 : car or other, not in attribute 6",28,none,rent,1,skilled employee / official,1,none,yes,1
... < 0 DM,18,no credits taken/ all credits paid back duly,furniture/equipment,3114,A61,... < 1 year,1,female : divorced/separated/married,none,4,if not A121 : building society savings agreement/ life insurance,26,none,rent,1,skilled employee / official,1,none,yes,1
... < 0 DM,12,existing credits paid back duly till now,car (used),3386,A61,.. >= 7 years,3,male : single,none,4,unknown / no property,35,none,for free,1,skilled employee / official,1,"yes, registered under the customers name",yes,1
... < 0 DM,24,all credits at this bank paid back duly,furniture/equipment,3552,A61,4 <= ... < 7 years,3,male : single,none,4,"if not A121/A122 : car or other, not in attribute 6",27,bank,own,1,skilled employee / official,1,none,yes,1
... < 0 DM,18,existing credits paid back duly till now,car (new),2473,A61,.. >= 7 years,4,male : divorced/separated,none,1,"if not A121/A122 : car or other, not in attribute 6",25,none,own,1,unemployed/ unskilled - non-resident,1,none,yes,1
... < 0 DM,18,existing credits paid back duly till now,furniture/equipment,2473,A61,unemployed,4,male : single,none,1,"if not A121/A122 : car or other, not in attribute 6",25,none,own,1,unemployed/ unskilled - non-resident,1,none,yes,1
no checking account,18,delay in paying off in the past,furniture/equipment,1808,A61,4 <= ... < 7 years,4,female : divorced/separated/married,none,1,real estate,22,none,own,1,skilled employee / official,1,none,yes,1
... < 0 DM,18,existing credits paid back duly till now,car (new),276,A61,.. >= 7 years,4,male : single,none,1,"if not A121/A122 : car or other, not in attribute 6",19,none,own,1,unemployed/ unskilled - non-resident,1,none,yes,1
... < 0 DM,24,existing credits paid back duly till now,car (new),2303,A61,.. >= 7 years,4,male : single,co-applicant,1,real estate,45,none,own,1,skilled employee / official,1,none,yes,1
... < 0 DM,4,all credits at this bank paid back duly,furniture/equipment,6872,A61,.. >= 7 years,1,male : divorced/separated,none,4,unknown / no property,23,bank,for free,1,skilled employee / official,1,"yes, registered under the customers name",yes,1
... < 0 DM,24,all credits at this bank paid back duly,furniture/equipment,6872,A61,.. >= 7 years,1,male : divorced/separated,none,4,unknown / no property,53,none,for free,1,skilled employee / official,1,"yes, registered under the customers name",yes,1
... < 0 DM,4,no credits taken/ all credits paid back duly,car (new),276,A61,4 <= ... < 7 years,1,male : divorced/separated,co-applicant,4,unknown / no property,19,stores,rent,1,unskilled - resident,1,"yes, registered under the customers name",yes,1
0 <= ... < 200 DM,36,existing credits paid back duly till now,car (used),9398,A61,... < 1 year,1,male : married/widowed,none,4,"if not A121/A122 : car or other, not in attribute 6",28,none,rent,1,management/ self-employed/ highly qualified employee/ officer,1,"yes, registered under the customers name",yes,1
... < 0 DM,48,existing credits paid back duly till now,car (new),7763,A61,.. >= 7 years,4,male : single,none,4,unknown / no property,42,bank,for free,1,management/ self-employed/ highly qualified employee/ officer,1,none,yes,1
... < 0 DM,24,existing credits paid back duly till now,car (new),1381,A65,1 <= ... < 4 years,4,female : divorced/separated/married,none,2,if not A121 : building society savings agreement/ life insurance,35,none,own,1,skilled employee / official,1,none,yes,1
... < 0 DM,12,existing credits paid back duly till now,car (new),1228,A61,1 <= ... < 4 years,4,female : divorced/separated/married,none,2,real estate,24,none,own,1,unskilled - resident,1,none,yes,1
0 <= ... < 200 DM,18,critical account/ other credits existing (not at this bank),radio/television,1245,A61,1 <= ... < 4 years,4,male : married/widowed,none,2,"if not A121/A122 : car or other, not in attribute 6",33,none,own,1,skilled employee / official,1,none,yes,1
... < 0 DM,24,existing credits paid back duly till now,car (new),1371,A65,1 <= ... < 4 years,4,female : divorced/separated/married,none,4,real estate,25,none,rent,1,skilled employee / official,1,none,yes,1
... < 0 DM,24,existing credits paid back duly till now,car (new),1442,A61,1 <= ... < 4 years,4,female : divorced/separated/married,none,2,real estate,24,none,own,2,management/ self-employed/ highly qualified employee/ officer,1,none,yes,1
... < 0 DM,24,existing credits paid back duly till now,radio/television,2439,A61,... < 1 year,4,female : divorced/separated/married,none,4,real estate,35,none,own,1,skilled employee / official,1,"yes, registered under the customers name",yes,1
... < 0 DM,24,existing credits paid back duly till now,car (new),2746,A61,unemployed,4,female : divorced/separated/married,none,4,real estate,31,none,own,1,skilled employee / official,1,none,yes,1
... < 0 DM,36,all credits at this bank paid back duly,furniture/equipment,2746,A61,.. >= 7 years,4,male : single,none,4,"if not A121/A122 : car or other, not in attribute 6",31,bank,own,1,skilled employee / official,1,none,yes,1
... < 0 DM,30,existing credits paid back duly till now,furniture/equipment,2406,A61,4 <= ... < 7 years,4,female : divorced/separated/married,none,4,real estate,23,none,rent,1,skilled employee / official,1,none,yes,1
... < 0 DM,24,no credits taken/ all credits paid back duly,furniture/equipment,2439,A61,... < 1 year,4,female : divorced/separated/married,none,4,if not A121 : building society savings agreement/ life insurance,23,none,rent,1,skilled employee / official,1,none,yes,1
... < 0 DM,18,existing credits paid back duly till now,furniture/equipment,3965,A61,1 <= ... < 4 years,4,male : single,none,3,"if not A121/A122 : car or other, not in attribute 6",42,none,own,1,skilled employee / official,1,none,yes,1
... < 0 DM,36,delay in paying off in the past,education,6887,A61,1 <= ... < 4 years,4,male : single,none,3,if not A121 : building society savings agreement/ life insurance,29,stores,own,1,skilled employee / official,1,"yes, registered under the customers name",yes,1
... < 0 DM,42,existing credits paid back duly till now,radio/television,3965,A61,... < 1 year,4,male : single,none,3,"if not A121/A122 : car or other, not in attribute 6",34,none,own,1,skilled employee / official,1,none,yes,1
... < 0 DM,36,existing credits paid back duly till now,furniture/equipment,3446,A61,.. >= 7 years,4,male : single,none,2,"if not A121/A122 : car or other, not in attribute 6",42,none,own,1,skilled employee / official,2,none,yes,1
... < 0 DM,28,existing credits paid back duly till now,car (new),4006,A61,1 <= ... < 4 years,3,male : single,none,2,"if not A121/A122 : car or other, not in attribute 6",45,none,own,1,unskilled - resident,1,none,yes,1
... < 0 DM,4,all credits at this bank paid back duly,education,276,A61,.. >= 7 years,4,male : single,none,1,"if not A121/A122 : car or other, not in attribute 6",31,bank,own,1,skilled employee / official,1,none,yes,1
... < 0 DM,4,no credits taken/ all credits paid back duly,business,276,A61,.. >= 7 years,4,male : single,none,1,if not A121 : building society savings agreement/ life insurance,19,stores,for free,1,skilled employee / official,1,none,yes,1
... < 0 DM,4,all credits at this bank paid back duly,furniture/equipment,276,A61,1 <= ... < 4 years,4,male : single,none,1,if not A121 : building society savings agreement/ life insurance,19,bank,own,1,skilled employee / official,1,none,yes,1
... < 0 DM,4,all credits at this bank paid back duly,education,276,A61,unemployed,1,male : single,none,1,if not A121 : building society savings agreement/ life insurance,31,bank,own,1,skilled employee / official,1,none,yes,1
... < 0 DM,18,no credits taken/ all credits paid back duly,radio/television,3190,A61,... < 1 year,4,female : divorced/separated/married,none,1,real estate,24,none,own,1,skilled employee / official,1,none,yes,1
... < 0 DM,18,existing credits paid back duly till now,car (new),1977,A61,1 <= ... < 4 years,4,female : divorced/separated/married,none,1,real estate,20,none,own,1,unemployed/ unskilled - non-resident,1,none,yes,1
... < 0 DM,12,no credits taken/ all credits paid back duly,others,2579,A61,1 <= ... < 4 years,4,female : divorced/separated/married,none,2,real estate,25,none,for free,1,skilled employee / official,1,"yes, registered under the customers name",yes,1
... < 0 DM,21,all credits at this bank paid back duly,domestic appliances,276,A61,1 <= ... < 4 years,3,male : married/widowed,none,1,real estate,34,none,for free,1,skilled employee / official,1,"yes, registered under the customers name",yes,1
... < 0 DM,18,existing credits paid back duly till now,furniture/equipment,2473,A61,unemployed,4,male : single,none,1,"if not A121/A122 : car or other, not in attribute 6",25,none,own,1,unemployed/ unskilled - non-resident,1,none,yes,1
no checking account,18,delay in paying off in the past,furniture/equipment,1808,A61,4 <= ... < 7 years,4,female : divorced/separated/married,none,1,real estate,22,none,own,1,skilled employee / official,1,none,yes,1
0 <= ... < 200 DM,27,no credits taken/ all credits paid back duly,business,8318,A61,.. >= 7 years,2,female : divorced/separated/married,none,4,unknown / no property,42,none,for free,2,management/ self-employed/ highly qualified employee/ officer,1,"yes, registered under the customers name",yes,1
... < 0 DM,60,delay in paying off in the past,business,6836,A61,.. >= 7 years,3,male : single,none,4,unknown / no property,63,none,own,2,skilled employee / official,1,"yes, registered under the customers name",yes,1
no checking account,48,critical account/ other credits existing (not at this bank),car (used),11590,A62,1 <= ... < 4 years,2,female : divorced/separated/married,none,4,"if not A121/A122 : car or other, not in attribute 6",24,bank,rent,2,unskilled - resident,1,none,yes,1
0 <= ... < 200 DM,24,existing credits paid back duly till now,car (used),11560,A61,1 <= ... < 4 years,1,female : divorced/separated/married,none,4,"if not A121/A122 : car or other, not in attribute 6",23,none,rent,2,management/ self-employed/ highly qualified employee/ officer,1,none,yes,1
... < 0 DM,60,delay in paying off in the past,business,7297,A63,4 <= ... < 7 years,3,female : divorced/separated/married,none,4,unknown / no property,63,none,own,2,skilled employee / official,1,none,yes,1
... < 0 DM,4,delay in paying off in the past,business,276,A61,1 <= ... < 4 years,2,female : divorced/separated/married,none,4,"if not A121/A122 : car or other, not in attribute 6",35,none,own,1,unemployed/ unskilled - non-resident,1,"yes, registered under the customers name",yes,1
... < 0 DM,4,delay in paying off in the past,business,276,A61,... < 1 year,2,female : divorced/separated/married,none,4,"if not A121/A122 : car or other, not in attribute 6",35,none,own,1,unemployed/ unskilled - non-resident,1,"yes, registered under the customers name",yes,1
... < 0 DM,4,existing credits paid back duly till now,car (used),4817,A61,.. >= 7 years,2,male : married/widowed,none,4,unknown / no property,35,none,for free,1,skilled employee / official,1,"yes, registered under the customers name",yes,1
0 <= ... < 200 DM,24,critical account/ other credits existing (not at this bank),furniture/equipment,4736,A61,... < 1 year,2,female : divorced/separated/married,none,4,"if not A121/A122 : car or other, not in attribute 6",25,bank,own,1,unskilled - resident,1,none,yes,1
... < 0 DM,24,existing credits paid back duly till now,furniture/equipment,2996,A65,1 <= ... < 4 years,2,male : married/widowed,none,4,"if not A121/A122 : car or other, not in attribute 6",20,none,own,1,skilled employee / official,1,none,yes,1
... < 0 DM,21,delay in paying off in the past,education,3414,A61,... < 1 year,2,male : single,none,1,if not A121 : building society savings agreement/ life insurance,26,none,own,2,skilled employee / official,1,none,yes,1
0 <= ... < 200 DM,39,critical account/ other credits existing (not at this bank),radio/television,4933,A61,4 <= ... < 7 years,2,male : single,guarantor,2,real estate,25,none,own,2,skilled employee / official,1,none,yes,1
0 <= ... < 200 DM,36,no credits taken/ all credits paid back duly,radio/television,3804,A61,1 <= ... < 4 years,4,female : divorced/separated/married,none,1,"if not A121/A122 : car or other, not in attribute 6",42,none,own,1,skilled employee / official,1,"yes, registered under the customers name",yes,1
... < 0 DM,18,existing credits paid back duly till now,radio/television,3190,A61,1 <= ... < 4 years,2,female : divorced/separated/married,none,2,real estate,24,none,own,1,skilled employee / official,1,none,yes,1
... < 0 DM,4,existing credits paid back duly till now,radio/television,3345,A61,1 <= ... < 4 years,1,male : single,none,1,"if not A121/A122 : car or other, not in attribute 6",24,none,own,1,skilled employee / official,1,none,yes,1
... < 0 DM,48,existing credits paid back duly till now,domestic appliances,3051,A61,1 <= ... < 4 years,3,male : single,none,4,"if not A121/A122 : car or other, not in attribute 6",54,none,own,1,skilled employee / official,1,none,yes,1
... < 0 DM,24,all credits at this bank paid back duly,furniture/equipment,3552,A61,4 <= ... < 7 years,3,male : single,none,4,"if not A121/A122 : car or other, not in attribute 6",27,bank,own,1,skilled employee / official,1,none,yes,1
... < 0 DM,42,existing credits paid back duly till now,radio/television,3965,A61,... < 1 year,4,male : single,none,3,"if not A121/A122 : car or other, not in attribute 6",34,none,own,1,skilled employee / official,1,none,yes,1
... < 0 DM,24,existing credits paid back duly till now,furniture/equipment,2996,A65,1 <= ... < 4 years,2,male : married/widowed,none,4,"if not A121/A122 : car or other, not in attribute 6",20,none,own,1,skilled employee / official,1,none,yes,1
... < 0 DM,24,all credits at this bank paid back duly,business,3161,A61,1 <= ... < 4 years,4,male : single,none,2,if not A121 : building society savings agreement/ life insurance,31,none,rent,1,skilled employee / official,1,"yes, registered under the customers name",yes,1
... < 0 DM,24,existing credits paid back duly till now,radio/television,2439,A61,... < 1 year,4,female : divorced/separated/married,none,4,real estate,35,none,own,1,skilled employee / official,1,"yes, registered under the customers name",yes,1
... < 0 DM,36,all credits at this bank paid back duly,furniture/equipment,2746,A61,.. >= 7 years,4,male : single,none,4,"if not A121/A122 : car or other, not in attribute 6",31,bank,own,1,skilled employee / official,1,none,yes,1
... < 0 DM,30,existing credits paid back duly till now,furniture/equipment,2406,A61,4 <= ... < 7 years,4,female : divorced/separated/married,none,4,real estate,23,none,rent,1,skilled employee / official,1,none,yes,1
... >= 200 DM / salary assignments for at least 1 year,30,delay in paying off in the past,business,1908,A61,.. >= 7 years,4,male : single,none,4,real estate,66,none,own,1,management/ self-employed/ highly qualified employee/ officer,1,"yes, registered under the customers name",yes,1
... < 0 DM,36,existing credits paid back duly till now,education,1977,A65,.. >= 7 years,4,male : single,none,4,unknown / no property,40,none,own,1,management/ self-employed/ highly qualified employee/ officer,1,"yes, registered under the customers name",yes,1
... < 0 DM,18,existing credits paid back duly till now,furniture/equipment,2039,A61,1 <= ... < 4 years,1,female : divorced/separated/married,none,4,real estate,20,bank,rent,1,skilled employee / official,1,none,yes,1
... < 0 DM,15,existing credits paid back duly till now,furniture/equipment,2327,A61,4 <= ... < 7 years,4,female : divorced/separated/married,none,4,real estate,19,none,rent,1,skilled employee / official,1,none,yes,1
... < 0 DM,24,existing credits paid back duly till now,furniture/equipment,2996,A65,1 <= ... < 4 years,2,male : married/widowed,none,4,"if not A121/A122 : car or other, not in attribute 6",20,none,own,1,skilled employee / official,1,none,yes,1
... < 0 DM,24,existing credits paid back duly till now,furniture/equipment,276,A61,1 <= ... < 4 years,2,male : single,none,4,unknown / no property,20,none,own,1,skilled employee / official,1,none,yes,1
... < 0 DM,30,existing credits paid back duly till now,furniture/equipment,2406,A61,4 <= ... < 7 years,4,female : divorced/separated/married,none,4,real estate,23,none,rent,1,skilled employee / official,1,none,yes,1
0 <= ... < 200 DM,24,critical account/ other credits existing (not at this bank),furniture/equipment,4736,A61,... < 1 year,2,female : divorced/separated/married,none,4,"if not A121/A122 : car or other, not in attribute 6",25,bank,own,1,unskilled - resident,1,none,yes,1
... < 0 DM,24,existing credits paid back duly till now,furniture/equipment,276,A65,1 <= ... < 4 years,2,male : married/widowed,none,4,"if not A121/A122 : car or other, not in attribute 6",20,none,own,1,skilled employee / official,1,none,yes,1
... < 0 DM,24,existing credits paid back duly till now,furniture/equipment,2996,A65,1 <= ... < 4 years,2,male : married/widowed,none,4,"if not A121/A122 : car or other, not in attribute 6",20,none,own,1,skilled employee / official,1,none,yes,1
... < 0 DM,24,existing credits paid back duly till now,car (new),276,A65,... < 1 year,2,male : married/widowed,none,4,unknown / no property,27,none,own,1,skilled employee / official,1,none,yes,1
... < 0 DM,18,existing credits paid back duly till now,furniture/equipment,4153,A61,1 <= ... < 4 years,2,male : single,co-applicant,3,"if not A121/A122 : car or other, not in attribute 6",42,none,own,1,skilled employee / official,1,none,yes,1
... < 0 DM,24,existing credits paid back duly till now,radio/television,2439,A61,... < 1 year,4,female : divorced/separated/married,none,4,real estate,35,none,own,1,skilled employee / official,1,"yes, registered under the customers name",yes,1
... < 0 DM,36,all credits at this bank paid back duly,furniture/equipment,2746,A61,.. >= 7 years,4,male : single,none,4,"if not A121/A122 : car or other, not in attribute 6",31,bank,own,1,skilled employee / official,1,none,yes,1
... < 0 DM,30,existing credits paid back duly till now,furniture/equipment,2406,A61,4 <= ... < 7 years,4,female : divorced/separated/married,none,4,real estate,23,none,rent,1,skilled employee / official,1,none,yes,1
... >= 200 DM / salary assignments for at least 1 year,30,delay in paying off in the past,business,1908,A61,.. >= 7 years,4,male : single,none,4,real estate,66,none,own,1,management/ self-employed/ highly qualified employee/ officer,1,"yes, registered under the customers name",yes,1
... < 0 DM,36,existing credits paid back duly till now,education,1977,A65,.. >= 7 years,4,male : single,none,4,unknown / no property,40,none,own,1,management/ self-employed/ highly qualified employee/ officer,1,"yes, registered under the customers name",yes,1
... < 0 DM,48,existing credits paid back duly till now,car (used),8335,A61,4 <= ... < 7 years,1,female : divorced/separated/married,none,4,unknown / no property,47,bank,own,1,skilled employee / official,1,"yes, registered under the customers name",yes,1
... < 0 DM,48,existing credits paid back duly till now,car (used),8335,A61,4 <= ... < 7 years,1,male : single,none,4,unknown / no property,47,bank,own,1,skilled employee / official,1,none,yes,1
... < 0 DM,36,existing credits paid back duly till now,car (new),12579,A61,1 <= ... < 4 years,2,female : divorced/separated/married,none,4,unknown / no property,45,none,own,1,management/ self-employed/ highly qualified employee/ officer,1,"yes, registered under the customers name",yes,1
... < 0 DM,4,critical account/ other credits existing (not at this bank),furniture/equipment,276,A61,.. >= 7 years,1,male : divorced/separated,co-applicant,4,unknown / no property,19,bank,rent,1,unemployed/ unskilled - non-resident,1,none,yes,1
... < 0 DM,4,all credits at this bank paid back duly,car (new),276,A61,4 <= ... < 7 years,1,male : divorced/separated,co-applicant,4,real estate,19,bank,rent,1,skilled employee / official,1,"yes, registered under the customers name",yes,1
... < 0 DM,48,existing credits paid back duly till now,domestic appliances,3051,A61,1 <= ... < 4 years,3,male : single,none,4,"if not A121/A122 : car or other, not in attribute 6",54,none,own,1,skilled employee / official,1,none,yes,1
... < 0 DM,4,no credits taken/ all credits paid back duly,education,3931,A61,.. >= 7 years,4,male : single,none,4,unknown / no property,46,none,for free,1,skilled employee / official,1,none,yes,1
... < 0 DM,24,all credits at this bank paid back duly,furniture/equipment,3552,A61,4 <= ... < 7 years,3,male : single,none,4,"if not A121/A122 : car or other, not in attribute 6",27,bank,own,1,skilled employee / official,1,none,yes,1
... < 0 DM,24,existing credits paid back duly till now,car (new),3123,A61,... < 1 year,4,male : single,none,3,"if not A121/A122 : car or other, not in attribute 6",19,none,for free,1,skilled employee / official,1,none,yes,1
... < 0 DM,42,existing credits paid back duly till now,radio/television,3965,A61,... < 1 year,4,male : single,none,3,"if not A121/A122 : car or other, not in attribute 6",34,none,own,1,skilled employee / official,1,none,yes,1
... < 0 DM,33,critical account/ other credits existing (not at this bank),furniture/equipment,4281,A63,1 <= ... < 4 years,1,female : divorced/separated/married,none,4,"if not A121/A122 : car or other, not in attribute 6",23,none,own,2,skilled employee / official,1,none,yes,1
... < 0 DM,36,no credits taken/ all credits paid back duly,domestic appliances,6229,A61,... < 1 year,1,female : divorced/separated/married,none,4,unknown / no property,19,none,rent,2,skilled employee / official,1,none,yes,1
no checking account,21,no credits taken/ all credits paid back duly,car (new),5003,A65,1 <= ... < 4 years,1,female : divorced/separated/married,none,4,if not A121 : building society savings agreement/ life insurance,29,bank,own,2,skilled employee / official,1,"yes, registered under the customers name",yes,1
... < 0 DM,4,existing credits paid back duly till now,domestic appliances,5129,A61,1 <= ... < 4 years,2,male : single,none,4,"if not A121/A122 : car or other, not in attribute 6",74,none,own,2,skilled employee / official,1,"yes, registered under the customers name",yes,1
no checking account,6,existing credits paid back duly till now,furniture/equipment,4611,A61,... < 1 year,1,female : divorced/separated/married,none,4,if not A121 : building society savings agreement/ life insurance,32,none,own,1,skilled employee / official,1,none,yes,1
... < 0 DM,28,existing credits paid back duly till now,car (new),4006,A61,1 <= ... < 4 years,3,male : single,none,2,"if not A121/A122 : car or other, not in attribute 6",45,none,own,1,unskilled - resident,1,none,yes,1
... < 0 DM,18,existing credits paid back duly till now,radio/television,3190,A61,1 <= ... < 4 years,2,female : divorced/separated/married,none,2,real estate,24,none,own,1,skilled employee / official,1,none,yes,1
... < 0 DM,4,existing credits paid back duly till now,car (new),4153,A61,1 <= ... < 4 years,4,male : single,co-applicant,2,"if not A121/A122 : car or other, not in attribute 6",19,none,own,1,skilled employee / official,1,"yes, registered under the customers name",yes,1
... < 0 DM,24,all credits at this bank paid back duly,business,4110,A61,1 <= ... < 4 years,3,male : single,none,1,if not A121 : building society savings agreement/ life insurance,31,none,rent,1,skilled employee / official,1,"yes, registered under the customers name",yes,1
... < 0 DM,24,all credits at this bank paid back duly,business,3161,A61,1 <= ... < 4 years,4,male : single,none,2,if not A121 : building society savings agreement/ life insurance,31,none,rent,1,skilled employee / official,1,"yes, registered under the customers name",yes,1
0 <= ... < 200 DM,9,existing credits paid back duly till now,furniture/equipment,959,A61,1 <= ... < 4 years,1,female : divorced/separated/married,none,2,"if not A121/A122 : car or other, not in attribute 6",29,none,own,1,skilled employee / official,1,none,no,1
... < 0 DM,10,existing credits paid back duly till now,car (new),276,A61,1 <= ... < 4 years,1,female : divorced/separated/married,none,1,real estate,24,none,for free,1,unskilled - resident,1,none,yes,1
... < 0 DM,4,existing credits paid back duly till now,car (new),276,A62,4 <= ... < 7 years,1,female : divorced/separated/married,co-applicant,1,unknown / no property,19,none,own,1,unskilled - resident,1,none,yes,1
... < 0 DM,12,existing credits paid back duly till now,car (new),1228,A61,1 <= ... < 4 years,4,female : divorced/separated/married,none,2,real estate,24,none,own,1,unskilled - resident,1,none,yes,1
0 <= ... < 200 DM,6,all credits at this bank paid back duly,car (new),931,A62,... < 1 year,1,female : divorced/separated/married,none,1,if not A121 : building society savings agreement/ life insurance,32,stores,own,1,unskilled - resident,1,none,yes,1
0 <= ... < 200 DM,15,existing credits paid back duly till now,radio/television,802,A61,.. >= 7 years,4,male : single,none,3,"if not A121/A122 : car or other, not in attribute 6",37,none,own,1,skilled employee / official,2,none,yes,1
0 <= ... < 200 DM,12,existing credits paid back duly till now,car (new),888,A61,.. >= 7 years,4,male : single,none,4,"if not A121/A122 : car or other, not in attribute 6",41,bank,own,1,unskilled - resident,2,none,yes,1
0 <= ... < 200 DM,18,critical account/ other credits existing (not at this bank),car (new),884,A61,.. >= 7 years,4,male : single,none,4,"if not A121/A122 : car or other, not in attribute 6",36,bank,own,1,skilled employee / official,2,"yes, registered under the customers name",yes,1
0 <= ... < 200 DM,21,existing credits paid back duly till now,business,1188,A61,.. >= 7 years,2,female : divorced/separated/married,none,4,if not A121 : building society savings agreement/ life insurance,39,none,own,1,skilled employee / official,2,none,yes,1
... >= 200 DM / salary assignments for at least 1 year,24,existing credits paid back duly till now,car (new),947,A61,4 <= ... < 7 years,4,male : single,none,3,unknown / no property,38,bank,for free,1,skilled employee / official,2,none,yes,1
... < 0 DM,48,no credits taken/ all credits paid back duly,education,3051,A61,1 <= ... < 4 years,3,male : single,none,4,"if not A121/A122 : car or other, not in attribute 6",54,bank,rent,2,skilled employee / official,1,none,yes,1
0 <= ... < 200 DM,30,critical account/ other credits existing (not at this bank),car (new),5234,A61,unemployed,4,male : married/widowed,none,2,"if not A121/A122 : car or other, not in attribute 6",28,none,own,2,management/ self-employed/ highly qualified employee/ officer,1,none,yes,1
0 <= ... < 200 DM,30,critical account/ other credits existing (not at this bank),car (new),4249,A61,unemployed,4,male : married/widowed,none,2,"if not A121/A122 : car or other, not in attribute 6",28,none,own,2,management/ self-employed/ highly qualified employee/ officer,1,none,yes,1
0 <= ... < 200 DM,24,existing credits paid back duly till now,car (used),4113,A63,... < 1 year,3,female : divorced/separated/married,none,4,"if not A121/A122 : car or other, not in attribute 6",28,none,rent,1,skilled employee / official,1,none,yes,1
0 <= ... < 200 DM,45,critical account/ other credits existing (not at this bank),radio/television,4746,A61,... < 1 year,4,male : single,none,2,if not A121 : building society savings agreement/ life insurance,25,none,own,2,unskilled - resident,1,none,yes,1
0 <= ... < 200 DM,30,critical account/ other credits existing (not at this bank),car (new),4249,A61,unemployed,4,male : married/widowed,none,2,"if not A121/A122 : car or other, not in attribute 6",28,none,own,2,management/ self-employed/ highly qualified employee/ officer,1,none,yes,1
0 <= ... < 200 DM,30,critical account/ other credits existing (not at this bank),car (new),5234,A61,unemployed,4,male : married/widowed,none,2,"if not A121/A122 : car or other, not in attribute 6",28,none,own,2,management/ self-employed/ highly qualified employee/ officer,1,none,yes,1
0 <= ... < 200 DM,24,existing credits paid back duly till now,car (used),4113,A63,... < 1 year,3,female : divorced/separated/married,none,4,"if not A121/A122 : car or other, not in attribute 6",28,none,rent,1,skilled employee / official,1,none,yes,1
... < 0 DM,24,delay in paying off in the past,business,276,A61,unemployed,3,female : divorced/separated/married,none,4,unknown / no property,19,none,own,1,unskilled - resident,1,none,yes,1
0 <= ... < 200 DM,45,critical account/ other credits existing (not at this bank),radio/television,4746,A61,... < 1 year,4,male : single,none,2,if not A121 : building society savings agreement/ life insurance,25,none,own,2,unskilled - resident,1,none,yes,1
... < 0 DM,48,existing credits paid back duly till now,car (new),7763,A61,.. >= 7 years,4,male : single,none,4,unknown / no property,42,bank,for free,1,management/ self-employed/ highly qualified employee/ officer,1,none,yes,1
... < 0 DM,60,existing credits paid back duly till now,business,7297,A61,.. >= 7 years,4,male : single,co-applicant,4,unknown / no property,36,none,rent,1,skilled employee / official,1,none,yes,1
... < 0 DM,12,existing credits paid back duly till now,furniture/equipment,7865,A61,.. >= 7 years,4,male : single,none,4,unknown / no property,53,none,for free,1,management/ self-employed/ highly qualified employee/ officer,1,"yes, registered under the customers name",yes,1
... < 0 DM,48,critical account/ other credits existing (not at this bank),car (used),6331,A61,.. >= 7 years,4,male : single,none,4,unknown / no property,46,none,for free,2,skilled employee / official,1,"yes, registered under the customers name",yes,1
0 <= ... < 200 DM,48,all credits at this bank paid back duly,business,6416,A61,.. >= 7 years,4,female : divorced/separated/married,none,3,unknown / no property,59,none,rent,1,skilled employee / official,1,none,yes,1
0 <= ... < 200 DM,24,critical account/ other credits existing (not at this bank),furniture/equipment,4736,A61,... < 1 year,2,female : divorced/separated/married,none,4,"if not A121/A122 : car or other, not in attribute 6",25,bank,own,1,unskilled - resident,1,none,yes,1
... < 0 DM,24,existing credits paid back duly till now,furniture/equipment,2996,A65,1 <= ... < 4 years,2,male : married/widowed,none,4,"if not A121/A122 : car or other, not in attribute 6",20,none,own,1,skilled employee / official,1,none,yes,1
... < 0 DM,24,existing credits paid back duly till now,furniture/equipment,3051,A61,... < 1 year,3,male : single,none,4,"if not A121/A122 : car or other, not in attribute 6",54,none,own,1,skilled employee / official,1,none,yes,1
... < 0 DM,18,existing credits paid back duly till now,furniture/equipment,4153,A61,1 <= ... < 4 years,2,male : single,co-applicant,3,"if not A121/A122 : car or other, not in attribute 6",42,none,own,1,skilled employee / official,1,none,yes,1
0 <= ... < 200 DM,24,existing credits paid back duly till now,car (used),4113,A63,... < 1 year,3,female : divorced/separated/married,none,4,"if not A121/A122 : car or other, not in attribute 6",28,none,rent,1,skilled employee / official,1,none,yes,1
... < 0 DM,36,existing credits paid back duly till now,furniture/equipment,276,A61,.. >= 7 years,4,male : single,none,4,if not A121 : building society savings agreement/ life insurance,41,bank,own,1,skilled employee / official,2,none,yes,1
... < 0 DM,24,all credits at this bank paid back duly,furniture/equipment,3349,A63,... < 1 year,4,male : single,none,4,unknown / no property,30,none,for free,1,skilled employee / official,2,"yes, registered under the customers name",yes,1
... < 0 DM,12,existing credits paid back duly till now,car (used),3386,A61,.. >= 7 years,3,male : single,none,4,unknown / no property,35,none,for free,1,skilled employee / official,1,"yes, registered under the customers name",yes,1
... < 0 DM,24,all credits at this bank paid back duly,furniture/equipment,3552,A61,4 <= ... < 7 years,3,male : single,none,4,"if not A121/A122 : car or other, not in attribute 6",27,bank,own,1,skilled employee / official,1,none,yes,1
... < 0 DM,48,existing credits paid back duly till now,domestic appliances,3051,A61,1 <= ... < 4 years,3,male : single,none,4,"if not A121/A122 : car or other, not in attribute 6",54,none,own,1,skilled employee / official,1,none,yes,1
... < 0 DM,24,existing credits paid back duly till now,car (new),1207,A61,... < 1 year,4,female : divorced/separated/married,none,4,if not A121 : building society savings agreement/ life insurance,24,none,rent,1,skilled employee / official,1,none,yes,1
... < 0 DM,18,existing credits paid back duly till now,domestic appliances,1217,A61,1 <= ... < 4 years,4,male : married/widowed,none,3,real estate,47,none,own,1,unskilled - resident,1,"yes, registered under the customers name",yes,1
... < 0 DM,18,existing credits paid back duly till now,radio/television,1345,A61,1 <= ... < 4 years,4,male : married/widowed,none,3,real estate,26,bank,own,1,skilled employee / official,1,none,yes,1
... < 0 DM,12,no credits taken/ all credits paid back duly,car (new),1372,A61,1 <= ... < 4 years,4,male : single,none,3,"if not A121/A122 : car or other, not in attribute 6",19,bank,own,1,skilled employee / official,1,none,yes,1
... < 0 DM,24,existing credits paid back duly till now,car (new),1442,A61,4 <= ... < 7 years,4,female : divorced/separated/married,none,4,unknown / no property,23,none,rent,2,skilled employee / official,1,"yes, registered under the customers name",yes,1
... < 0 DM,36,existing credits paid back duly till now,business,7865,A61,.. >= 7 years,2,male : single,none,4,unknown / no property,53,none,for free,1,skilled employee / official,1,"yes, registered under the customers name",yes,1
... < 0 DM,4,all credits at this bank paid back duly,education,276,A61,.. >= 7 years,1,male : single,none,4,"if not A121/A122 : car or other, not in attribute 6",46,none,for free,1,skilled employee / official,1,none,yes,1
... < 0 DM,4,all credits at this bank paid back duly,education,276,A61,.. >= 7 years,1,female : divorced/separated/married,none,4,"if not A121/A122 : car or other, not in attribute 6",26,bank,for free,1,skilled employee / official,1,none,yes,1
0 <= ... < 200 DM,24,critical account/ other credits existing (not at this bank),furniture/equipment,4736,A61,... < 1 year,2,female : divorced/separated/married,none,4,"if not A121/A122 : car or other, not in attribute 6",25,bank,own,1,unskilled - resident,1,none,yes,1
... < 0 DM,27,no credits taken/ all credits paid back duly,car (used),276,A61,1 <= ... < 4 years,2,male : single,none,4,unknown / no property,19,none,own,1,skilled employee / official,1,"yes, registered under the customers name",yes,1
... < 0 DM,4,delay in paying off in the past,car (new),2473,A61,... < 1 year,3,male : single,none,1,unknown / no property,19,none,own,1,unskilled - resident,1,"yes, registered under the customers name",yes,1
... < 0 DM,4,delay in paying off in the past,education,3414,A61,... < 1 year,4,male : single,none,1,if not A121 : building society savings agreement/ life insurance,26,none,own,1,skilled employee / official,1,none,yes,1
... < 0 DM,18,delay in paying off in the past,furniture/equipment,3414,A61,.. >= 7 years,1,male : single,none,1,unknown / no property,31,none,own,1,skilled employee / official,1,none,yes,1
... < 0 DM,24,all credits at this bank paid back duly,business,3161,A61,1 <= ... < 4 years,4,male : single,none,2,if not A121 : building society savings agreement/ life insurance,31,none,rent,1,skilled employee / official,1,"yes, registered under the customers name",yes,1
... < 0 DM,18,existing credits paid back duly till now,furniture/equipment,2473,A61,unemployed,4,male : single,none,1,"if not A121/A122 : car or other, not in attribute 6",25,none,own,1,unemployed/ unskilled - non-resident,1,none,yes,1
... < 0 DM,4,delay in paying off in the past,radio/television,3190,A61,... < 1 year,2,female : divorced/separated/married,none,1,real estate,24,none,own,2,skilled employee / official,1,none,yes,1
... < 0 DM,21,delay in paying off in the past,education,3414,A61,... < 1 year,2,male : single,none,1,if not A121 : building society savings agreement/ life insurance,26,none,own,2,skilled employee / official,1,none,yes,1
... < 0 DM,4,delay in paying off in the past,furniture/equipment,3446,A61,... < 1 year,2,male : single,none,1,if not A121 : building society savings agreement/ life insurance,26,none,own,2,skilled employee / official,1,none,yes,1
... < 0 DM,18,no credits taken/ all credits paid back duly,furniture/equipment,5293,A61,unemployed,2,male : single,none,1,"if not A121/A122 : car or other, not in attribute 6",42,none,own,1,skilled employee / official,1,none,yes,1
... < 0 DM,18,existing credits paid back duly till now,radio/television,276,A61,1 <= ... < 4 years,2,female : divorced/separated/married,none,1,unknown / no property,24,bank,own,1,skilled employee / official,1,none,yes,1
... < 0 DM,24,existing credits paid back duly till now,car (new),1442,A61,4 <= ... < 7 years,4,female : divorced/separated/married,none,4,"if not A121/A122 : car or other, not in attribute 6",23,none,rent,2,skilled employee / official,1,none,yes,1
... < 0 DM,24,existing credits paid back duly till now,radio/television,2303,A61,... < 1 year,4,female : divorced/separated/married,none,4,real estate,19,none,rent,2,skilled employee / official,1,none,yes,1
... < 0 DM,4,delay in paying off in the past,domestic appliances,1882,A61,1 <= ... < 4 years,1,male : single,none,4,"if not A121/A122 : car or other, not in attribute 6",29,none,own,2,unemployed/ unskilled - non-resident,1,none,yes,1
... < 0 DM,30,existing credits paid back duly till now,furniture/equipment,2406,A61,4 <= ... < 7 years,4,female : divorced/separated/married,none,4,real estate,23,none,rent,1,skilled employee / official,1,none,yes,1
... < 0 DM,18,existing credits paid back duly till now,furniture/equipment,2039,A61,1 <= ... < 4 years,1,female : divorced/separated/married,none,4,real estate,20,bank,rent,1,skilled employee / official,1,none,yes,1
... < 0 DM,18,existing credits paid back duly till now,furniture/equipment,2473,A61,unemployed,4,male : single,none,1,"if not A121/A122 : car or other, not in attribute 6",25,none,own,1,unemployed/ unskilled - non-resident,1,none,yes,1
no checking account,18,delay in paying off in the past,furniture/equipment,1808,A61,4 <= ... < 7 years,4,female : divorced/separated/married,none,1,real estate,22,none,own,1,skilled employee / official,1,none,yes,1
... < 0 DM,24,existing credits paid back duly till now,car (new),2303,A61,.. >= 7 years,4,male : single,co-applicant,1,real estate,45,none,own,1,skilled employee / official,1,none,yes,1
0 <= ... < 200 DM,36,existing credits paid back duly till now,repairs,2384,A61,... < 1 year,4,male : single,none,1,unknown / no property,33,none,rent,1,unskilled - resident,1,none,yes,1
... < 0 DM,18,existing credits paid back duly till now,radio/television,276,A61,.. >= 7 years,4,male : single,none,1,unknown / no property,65,none,own,2,skilled employee / official,1,"yes, registered under the customers name",yes,1
