status_of_existing_checking_account,duration_in_month,credit_history,purpose,credit_amount,savings_account_bonds,present_employment_since,installment_rate_in_percentage_of_disposable_income,personal_status_and_sex,other_debtors_guarantors,present_residence_since,property,age_in_years,other_installment_plans,housing,number_of_existing_credits_at_this_bank,job,number_of_people_being_liable_to_provide_maintenance_for,telephone,foreign_worker,credit_risk
0 <= ... < 200 DM,10.0,existing credits paid back duly till now,car (new),3387.0,A61,... < 1 year,1.0,female : divorced/separated/married,none,3.0,"if not A121/A122 : car or other, not in attribute 6",19.0,none,rent,1.0,skilled employee / official,1.0,none,yes,0.745
... < 0 DM,15.0,existing credits paid back duly till now,car (new),323.0,A61,unemployed,3.0,female : divorced/separated/married,none,4.0,"if not A121/A122 : car or other, not in attribute 6",23.0,none,for free,4.0,skilled employee / official,1.0,none,yes,0.741
... < 0 DM,15.0,existing credits paid back duly till now,car (new),2233.0,A65,unemployed,1.0,female : divorced/separated/married,none,4.0,if not A121 : building society savings agreement/ life insurance,24.0,none,rent,2.0,skilled employee / official,1.0,none,yes,0.715
... < 0 DM,34.0,existing credits paid back duly till now,furniture/equipment,2609.0,A61,4 <= ... < 7 years,1.0,female : divorced/separated/married,none,4.0,"if not A121/A122 : car or other, not in attribute 6",23.0,none,rent,4.0,skilled employee / official,1.0,none,yes,0.753
... < 0 DM,14.0,existing credits paid back duly till now,car (new),2505.0,A61,unemployed,1.0,male : divorced/separated,none,4.0,"if not A121/A122 : car or other, not in attribute 6",60.0,none,rent,1.0,skilled employee / official,1.0,none,yes,0.733
... < 0 DM,16.0,existing credits paid back duly till now,radio/television,2750.0,A61,... < 1 year,3.0,male : divorced/separated,none,4.0,if not A121 : building society savings agreement/ life insurance,31.0,none,rent,1.0,skilled employee / official,1.0,none,yes,0.746
... < 0 DM,36.0,existing credits paid back duly till now,education,276.0,A61,1 <= ... < 4 years,4.0,male : divorced/separated,none,4.0,"if not A121/A122 : car or other, not in attribute 6",29.0,none,for free,2.0,skilled employee / official,1.0,none,no,0.767
0 <= ... < 200 DM,36.0,all credits at this bank paid back duly,radio/television,2307.0,A65,1 <= ... < 4 years,4.0,male : divorced/separated,none,4.0,"if not A121/A122 : car or other, not in attribute 6",31.0,none,rent,1.0,unemployed/ unskilled - non-resident,1.0,none,yes,0.747
... < 0 DM,35.0,existing credits paid back duly till now,radio/television,1952.0,A65,1 <= ... < 4 years,4.0,male : divorced/separated,none,4.0,"if not A121/A122 : car or other, not in attribute 6",33.0,none,rent,4.0,skilled employee / official,1.0,"yes, registered under the customers name",yes,0.758
... < 0 DM,42.0,existing credits paid back duly till now,radio/television,2390.0,A61,1 <= ... < 4 years,4.0,male : divorced/separated,none,4.0,"if not A121/A122 : car or other, not in attribute 6",75.0,none,rent,3.0,skilled employee / official,1.0,none,yes,0.736
0 <= ... < 200 DM,4.0,existing credits paid back duly till now,furniture/equipment,3899.0,A65,... < 1 year,2.0,male : divorced/separated,none,3.0,"if not A121/A122 : car or other, not in attribute 6",30.0,none,own,1.0,skilled employee / official,1.0,"yes, registered under the customers name",yes,0.737
0 <= ... < 200 DM,21.0,existing credits paid back duly till now,furniture/equipment,276.0,A65,4 <= ... < 7 years,2.0,male : single,guarantor,3.0,"if not A121/A122 : car or other, not in attribute 6",35.0,none,own,1.0,skilled employee / official,1.0,"yes, registered under the customers name",no,0.688
0 <= ... < 200 DM,21.0,delay in paying off in the past,retraining,4056.0,A65,4 <= ... < 7 years,2.0,male : single,none,3.0,"if not A121/A122 : car or other, not in attribute 6",34.0,none,for free,1.0,unskilled - resident,1.0,"yes, registered under the customers name",yes,0.802
0 <= ... < 200 DM,21.0,existing credits paid back duly till now,furniture/equipment,3966.0,A65,4 <= ... < 7 years,4.0,male : single,none,3.0,if not A121 : building society savings agreement/ life insurance,59.0,none,own,1.0,skilled employee / official,1.0,"yes, registered under the customers name",yes,0.743
0 <= ... < 200 DM,41.0,existing credits paid back duly till now,furniture/equipment,6983.0,A65,4 <= ... < 7 years,2.0,male : single,none,3.0,"if not A121/A122 : car or other, not in attribute 6",35.0,none,own,4.0,skilled employee / official,1.0,"yes, registered under the customers name",yes,0.666
0 <= ... < 200 DM,12.0,existing credits paid back duly till now,furniture/equipment,339.0,A65,... < 1 year,4.0,male : divorced/separated,guarantor,1.0,if not A121 : building society savings agreement/ life insurance,24.0,none,own,1.0,unskilled - resident,1.0,none,yes,0.763
... < 0 DM,4.0,delay in paying off in the past,education,1187.0,A61,4 <= ... < 7 years,4.0,male : single,guarantor,1.0,if not A121 : building society savings agreement/ life insurance,21.0,none,for free,2.0,unskilled - resident,1.0,none,yes,0.803
... < 0 DM,28.0,existing credits paid back duly till now,furniture/equipment,276.0,A61,1 <= ... < 4 years,4.0,male : single,none,1.0,if not A121 : building society savings agreement/ life insurance,20.0,none,rent,4.0,unskilled - resident,1.0,none,yes,0.746
... < 0 DM,12.0,existing credits paid back duly till now,furniture/equipment,1614.0,A61,1 <= ... < 4 years,4.0,male : single,guarantor,1.0,if not A121 : building society savings agreement/ life insurance,21.0,none,for free,3.0,skilled employee / official,1.0,"yes, registered under the customers name",no,0.732
... < 0 DM,12.0,existing credits paid back duly till now,furniture/equipment,736.0,A61,1 <= ... < 4 years,4.0,male : single,guarantor,4.0,if not A121 : building society savings agreement/ life insurance,50.0,none,for free,1.0,unskilled - resident,1.0,none,yes,0.762
0 <= ... < 200 DM,11.0,critical account/ other credits existing (not at this bank),furniture/equipment,276.0,A64,.. >= 7 years,2.0,female : divorced/separated/married,none,4.0,if not A121 : building society savings agreement/ life insurance,37.0,none,own,1.0,skilled employee / official,1.0,"yes, registered under the customers name",yes,0.665
0 <= ... < 200 DM,19.0,all credits at this bank paid back duly,furniture/equipment,6221.0,A63,.. >= 7 years,3.0,male : divorced/separated,none,4.0,if not A121 : building society savings agreement/ life insurance,36.0,none,own,4.0,skilled employee / official,1.0,"yes, registered under the customers name",yes,0.765
0 <= ... < 200 DM,18.0,critical account/ other credits existing (not at this bank),retraining,3645.0,A61,.. >= 7 years,3.0,female : divorced/separated/married,guarantor,4.0,if not A121 : building society savings agreement/ life insurance,37.0,none,for free,1.0,skilled employee / official,1.0,none,yes,0.718
no checking account,18.0,existing credits paid back duly till now,car (new),3622.0,A61,... < 1 year,3.0,female : divorced/separated/married,none,4.0,if not A121 : building society savings agreement/ life insurance,37.0,none,own,1.0,skilled employee / official,1.0,"yes, registered under the customers name",yes,0.733
0 <= ... < 200 DM,24.0,critical account/ other credits existing (not at this bank),furniture/equipment,3635.0,A61,.. >= 7 years,3.0,female : divorced/separated/married,none,4.0,if not A121 : building society savings agreement/ life insurance,66.0,none,rent,3.0,skilled employee / official,1.0,"yes, registered under the customers name",yes,0.765
no checking account,10.0,existing credits paid back duly till now,retraining,968.0,A65,... < 1 year,2.0,female : divorced/separated/married,none,2.0,if not A121 : building society savings agreement/ life insurance,23.0,none,rent,1.0,skilled employee / official,1.0,"yes, registered under the customers name",yes,0.752
0 <= ... < 200 DM,4.0,existing credits paid back duly till now,car (new),855.0,A65,4 <= ... < 7 years,4.0,male : single,none,3.0,if not A121 : building society savings agreement/ life insurance,40.0,none,own,1.0,skilled employee / official,1.0,"yes, registered under the customers name",yes,0.742
no checking account,10.0,all credits at this bank paid back duly,retraining,276.0,A65,4 <= ... < 7 years,4.0,female : divorced/separated/married,none,3.0,if not A121 : building society savings agreement/ life insurance,40.0,none,own,4.0,unemployed/ unskilled - non-resident,1.0,"yes, registered under the customers name",yes,0.771
no checking account,10.0,delay in paying off in the past,retraining,1567.0,A65,1 <= ... < 4 years,4.0,female : divorced/separated/married,none,4.0,if not A121 : building society savings agreement/ life insurance,40.0,none,own,1.0,skilled employee / official,1.0,none,yes,0.751
no checking account,20.0,existing credits paid back duly till now,retraining,877.0,A65,4 <= ... < 7 years,4.0,female : divorced/separated/married,none,3.0,if not A121 : building society savings agreement/ life insurance,75.0,none,own,3.0,skilled employee / official,1.0,"yes, registered under the customers name",yes,0.753
... < 0 DM,4.0,all credits at this bank paid back duly,car (new),276.0,A65,1 <= ... < 4 years,4.0,male : divorced/separated,none,1.0,unknown / no property,29.0,none,for free,1.0,skilled employee / official,1.0,none,yes,0.742
... < 0 DM,12.0,all credits at this bank paid back duly,education,2448.0,A61,4 <= ... < 7 years,4.0,male : divorced/separated,guarantor,1.0,"if not A121/A122 : car or other, not in attribute 6",21.0,none,for free,2.0,skilled employee / official,1.0,none,yes,0.783
0 <= ... < 200 DM,13.0,all credits at this bank paid back duly,radio/television,2218.0,A61,... < 1 year,4.0,male : divorced/separated,none,4.0,unknown / no property,41.0,none,for free,1.0,skilled employee / official,1.0,none,yes,0.746
... < 0 DM,12.0,all credits at this bank paid back duly,radio/television,1913.0,A61,1 <= ... < 4 years,4.0,male : divorced/separated,none,1.0,if not A121 : building society savings agreement/ life insurance,29.0,none,for free,4.0,unemployed/ unskilled - non-resident,1.0,"yes, registered under the customers name",yes,0.744
... < 0 DM,44.0,all credits at this bank paid back duly,furniture/equipment,2224.0,A61,1 <= ... < 4 years,4.0,male : divorced/separated,none,1.0,unknown / no property,28.0,none,for free,4.0,skilled employee / official,1.0,none,yes,0.683
no checking account,12.0,existing credits paid back duly till now,car (used),601.0,A65,... < 1 year,1.0,male : divorced/separated,none,3.0,"if not A121/A122 : car or other, not in attribute 6",20.0,none,rent,1.0,skilled employee / official,1.0,none,yes,0.718
no checking account,4.0,delay in paying off in the past,retraining,4714.0,A65,... < 1 year,1.0,female : divorced/separated/married,none,4.0,"if not A121/A122 : car or other, not in attribute 6",19.0,none,for free,1.0,skilled employee / official,1.0,none,yes,0.794
0 <= ... < 200 DM,12.0,existing credits paid back duly till now,education,4699.0,A63,... < 1 year,1.0,female : divorced/separated/married,guarantor,4.0,"if not A121/A122 : car or other, not in attribute 6",20.0,none,rent,1.0,skilled employee / official,1.0,none,yes,0.768
no checking account,12.0,existing credits paid back duly till now,car (used),4700.0,A65,... < 1 year,1.0,female : divorced/separated/married,none,4.0,if not A121 : building society savings agreement/ life insurance,20.0,none,rent,3.0,unskilled - resident,1.0,none,yes,0.73
no checking account,16.0,existing credits paid back duly till now,car (used),5822.0,A65,... < 1 year,2.0,female : divorced/separated/married,none,4.0,"if not A121/A122 : car or other, not in attribute 6",48.0,none,rent,4.0,skilled employee / official,1.0,none,yes,0.752
no checking account,16.0,existing credits paid back duly till now,car (new),2693.0,A61,... < 1 year,3.0,male : divorced/separated,none,3.0,real estate,20.0,none,rent,1.0,skilled employee / official,1.0,none,yes,0.746
0 <= ... < 200 DM,27.0,all credits at this bank paid back duly,car (new),276.0,A61,1 <= ... < 4 years,3.0,female : divorced/separated/married,none,3.0,real estate,21.0,none,rent,3.0,skilled employee / official,1.0,none,yes,0.735
no checking account,27.0,existing credits paid back duly till now,retraining,2569.0,A65,1 <= ... < 4 years,3.0,female : divorced/separated/married,none,3.0,real estate,21.0,none,for free,1.0,skilled employee / official,1.0,none,yes,0.693
no checking account,27.0,existing credits paid back duly till now,car (new),2628.0,A61,1 <= ... < 4 years,4.0,female : divorced/separated/married,none,4.0,real estate,61.0,none,rent,4.0,skilled employee / official,1.0,none,yes,0.723
no checking account,47.0,existing credits paid back duly till now,car (new),4558.0,A61,1 <= ... < 4 years,3.0,female : divorced/separated/married,none,3.0,if not A121 : building society savings agreement/ life insurance,21.0,none,rent,4.0,skilled employee / official,1.0,none,yes,0.734
... < 0 DM,43.0,no credits taken/ all credits paid back duly,business,4457.0,A61,... < 1 year,2.0,male : single,none,4.0,"if not A121/A122 : car or other, not in attribute 6",29.0,none,rent,4.0,skilled employee / official,1.0,none,yes,0.735
... < 0 DM,44.0,all credits at this bank paid back duly,education,11874.0,A61,.. >= 7 years,2.0,male : single,guarantor,4.0,"if not A121/A122 : car or other, not in attribute 6",29.0,none,for free,4.0,skilled employee / official,1.0,none,yes,0.751
... < 0 DM,45.0,existing credits paid back duly till now,business,11662.0,A61,.. >= 7 years,1.0,male : divorced/separated,none,4.0,"if not A121/A122 : car or other, not in attribute 6",25.0,none,rent,4.0,skilled employee / official,1.0,none,no,0.72
0 <= ... < 200 DM,44.0,no credits taken/ all credits paid back duly,retraining,11675.0,A61,.. >= 7 years,3.0,male : single,none,4.0,"if not A121/A122 : car or other, not in attribute 6",54.0,none,rent,4.0,skilled employee / official,1.0,none,yes,0.705
... < 0 DM,48.0,no credits taken/ all credits paid back duly,business,11880.0,A65,... < 1 year,2.0,male : single,none,4.0,if not A121 : building society savings agreement/ life insurance,29.0,none,rent,2.0,skilled employee / official,1.0,none,yes,0.737
... < 0 DM,12.0,no credits taken/ all credits paid back duly,furniture/equipment,333.0,A61,1 <= ... < 4 years,4.0,male : single,none,2.0,if not A121 : building society savings agreement/ life insurance,30.0,none,rent,4.0,skilled employee / official,1.0,"yes, registered under the customers name",yes,0.734
... < 0 DM,11.0,delay in paying off in the past,radio/television,6277.0,A61,4 <= ... < 7 years,4.0,male : divorced/separated,none,2.0,if not A121 : building society savings agreement/ life insurance,28.0,none,for free,3.0,skilled employee / official,1.0,"yes, registered under the customers name",yes,0.737
0 <= ... < 200 DM,12.0,all credits at this bank paid back duly,radio/television,6756.0,A65,... < 1 year,4.0,male : single,none,2.0,if not A121 : building society savings agreement/ life insurance,28.0,none,rent,2.0,unskilled - resident,1.0,"yes, registered under the customers name",yes,0.787
... < 0 DM,23.0,no credits taken/ all credits paid back duly,education,6208.0,A61,1 <= ... < 4 years,4.0,male : single,none,3.0,if not A121 : building society savings agreement/ life insurance,27.0,none,rent,4.0,skilled employee / official,1.0,none,yes,0.716
... < 0 DM,12.0,no credits taken/ all credits paid back duly,radio/television,6122.0,A61,1 <= ... < 4 years,4.0,male : single,none,4.0,if not A121 : building society savings agreement/ life insurance,64.0,none,rent,4.0,skilled employee / official,1.0,"yes, registered under the customers name",yes,0.688
0 <= ... < 200 DM,28.0,existing credits paid back duly till now,car (new),6974.0,A65,1 <= ... < 4 years,1.0,male : single,none,4.0,"if not A121/A122 : car or other, not in attribute 6",37.0,none,for free,1.0,skilled employee / official,1.0,"yes, registered under the customers name",yes,0.751
0 <= ... < 200 DM,36.0,all credits at this bank paid back duly,car (new),12396.0,A65,1 <= ... < 4 years,1.0,male : single,guarantor,4.0,unknown / no property,37.0,none,for free,1.0,skilled employee / official,1.0,none,yes,0.673
... < 0 DM,36.0,existing credits paid back duly till now,retraining,12396.0,A65,1 <= ... < 4 years,1.0,male : single,none,4.0,unknown / no property,31.0,none,for free,4.0,skilled employee / official,1.0,"yes, registered under the customers name",no,0.727
0 <= ... < 200 DM,36.0,existing credits paid back duly till now,car (new),12331.0,A65,1 <= ... < 4 years,3.0,male : single,none,4.0,unknown / no property,72.0,none,for free,2.0,skilled employee / official,1.0,"yes, registered under the customers name",yes,0.746
0 <= ... < 200 DM,58.0,existing credits paid back duly till now,car (new),12800.0,A65,... < 1 year,1.0,male : divorced/separated,none,4.0,unknown / no property,37.0,none,for free,1.0,skilled employee / official,1.0,"yes, registered under the customers name",yes,0.754
... < 0 DM,4.0,all credits at this bank paid back duly,car (new),1582.0,A65,4 <= ... < 7 years,4.0,male : single,none,4.0,if not A121 : building society savings agreement/ life insurance,32.0,none,for free,2.0,unskilled - resident,2.0,none,yes,0.756
0 <= ... < 200 DM,18.0,delay in paying off in the past,car (new),276.0,A61,4 <= ... < 7 years,4.0,male : single,guarantor,4.0,unknown / no property,32.0,none,for free,2.0,unskilled - resident,1.0,none,no,0.749
... < 0 DM,18.0,all credits at this bank paid back duly,car (new),1196.0,A61,4 <= ... < 7 years,4.0,male : divorced/separated,none,4.0,unknown / no property,55.0,none,for free,2.0,unskilled - resident,2.0,"yes, registered under the customers name",yes,0.68
... < 0 DM,18.0,all credits at this bank paid back duly,retraining,1490.0,A61,1 <= ... < 4 years,4.0,male : single,none,4.0,unknown / no property,32.0,none,for free,4.0,skilled employee / official,1.0,none,yes,0.792
... < 0 DM,43.0,all credits at this bank paid back duly,car (new),2899.0,A61,4 <= ... < 7 years,4.0,male : single,none,4.0,if not A121 : building society savings agreement/ life insurance,30.0,none,for free,3.0,unskilled - resident,1.0,none,yes,0.807
no checking account,8.0,existing credits paid back duly till now,furniture/equipment,2795.0,A63,.. >= 7 years,3.0,male : divorced/separated,none,3.0,if not A121 : building society savings agreement/ life insurance,40.0,none,own,1.0,skilled employee / official,1.0,none,yes,0.734
0 <= ... < 200 DM,24.0,all credits at this bank paid back duly,furniture/equipment,585.0,A63,.. >= 7 years,3.0,male : single,none,4.0,if not A121 : building society savings agreement/ life insurance,53.0,none,own,1.0,skilled employee / official,1.0,none,no,0.697
no checking account,24.0,existing credits paid back duly till now,education,2824.0,A65,.. >= 7 years,3.0,male : single,guarantor,4.0,if not A121 : building society savings agreement/ life insurance,53.0,none,for free,1.0,skilled employee / official,1.0,none,yes,0.796
no checking account,24.0,existing credits paid back duly till now,furniture/equipment,2839.0,A63,... < 1 year,3.0,male : single,none,4.0,if not A121 : building society savings agreement/ life insurance,53.0,none,own,4.0,unemployed/ unskilled - non-resident,1.0,"yes, registered under the customers name",yes,0.743
no checking account,32.0,existing credits paid back duly till now,furniture/equipment,3049.0,A63,.. >= 7 years,4.0,male : divorced/separated,none,4.0,if not A121 : building society savings agreement/ life insurance,75.0,none,own,2.0,skilled employee / official,1.0,none,yes,0.759
... < 0 DM,6.0,existing credits paid back duly till now,furniture/equipment,1764.0,A65,... < 1 year,2.0,female : divorced/separated/married,guarantor,1.0,if not A121 : building society savings agreement/ life insurance,24.0,none,rent,1.0,skilled employee / official,1.0,none,yes,0.764
0 <= ... < 200 DM,15.0,all credits at this bank paid back duly,furniture/equipment,277.0,A61,... < 1 year,4.0,male : divorced/separated,guarantor,1.0,if not A121 : building society savings agreement/ life insurance,46.0,none,rent,1.0,skilled employee / official,1.0,none,yes,0.815
... < 0 DM,15.0,existing credits paid back duly till now,education,1863.0,A61,... < 1 year,4.0,male : married/widowed,co-applicant,1.0,if not A121 : building society savings agreement/ life insurance,46.0,none,rent,1.0,skilled employee / official,1.0,none,yes,0.759
... < 0 DM,15.0,existing credits paid back duly till now,furniture/equipment,1817.0,A61,... < 1 year,4.0,female : divorced/separated/married,guarantor,1.0,if not A121 : building society savings agreement/ life insurance,46.0,none,for free,1.0,unemployed/ unskilled - non-resident,1.0,"yes, registered under the customers name",yes,0.747
... < 0 DM,27.0,existing credits paid back duly till now,furniture/equipment,4781.0,A61,... < 1 year,4.0,female : divorced/separated/married,guarantor,2.0,if not A121 : building society savings agreement/ life insurance,60.0,none,rent,2.0,skilled employee / official,1.0,none,yes,0.758
... < 0 DM,18.0,existing credits paid back duly till now,furniture/equipment,1302.0,A65,... < 1 year,4.0,male : divorced/separated,none,2.0,"if not A121/A122 : car or other, not in attribute 6",27.0,none,own,1.0,skilled employee / official,1.0,none,yes,0.754
... < 0 DM,4.0,all credits at this bank paid back duly,furniture/equipment,1117.0,A64,.. >= 7 years,4.0,female : divorced/separated/married,none,2.0,"if not A121/A122 : car or other, not in attribute 6",33.0,none,rent,4.0,skilled employee / official,1.0,none,yes,0.739
0 <= ... < 200 DM,18.0,existing credits paid back duly till now,education,276.0,A61,unemployed,4.0,female : divorced/separated/married,guarantor,2.0,"if not A121/A122 : car or other, not in attribute 6",33.0,none,for free,4.0,skilled employee / official,1.0,none,yes,0.754
... < 0 DM,22.0,existing credits paid back duly till now,furniture/equipment,1366.0,A61,unemployed,1.0,female : divorced/separated/married,none,2.0,if not A121 : building society savings agreement/ life insurance,33.0,none,own,4.0,skilled employee / official,1.0,none,yes,0.665
... < 0 DM,18.0,existing credits paid back duly till now,furniture/equipment,797.0,A61,unemployed,4.0,female : divorced/separated/married,none,4.0,"if not A121/A122 : car or other, not in attribute 6",66.0,none,for free,2.0,skilled employee / official,1.0,none,yes,0.727
... < 0 DM,12.0,critical account/ other credits existing (not at this bank),car (new),405.0,A61,.. >= 7 years,2.0,male : single,co-applicant,4.0,if not A121 : building society savings agreement/ life insurance,31.0,none,rent,2.0,skilled employee / official,1.0,"yes, registered under the customers name",yes,0.728
... < 0 DM,4.0,critical account/ other credits existing (not at this bank),car (new),4841.0,A61,4 <= ... < 7 years,3.0,male : single,none,4.0,if not A121 : building society savings agreement/ life insurance,42.0,none,rent,3.0,skilled employee / official,1.0,"yes, registered under the customers name",no,0.74
0 <= ... < 200 DM,12.0,all credits at this bank paid back duly,furniture/equipment,5177.0,A61,.. >= 7 years,3.0,male : divorced/separated,co-applicant,4.0,if not A121 : building society savings agreement/ life insurance,43.0,none,for free,2.0,skilled employee / official,1.0,"yes, registered under the customers name",yes,0.81
... < 0 DM,12.0,critical account/ other credits existing (not at this bank),car (new),4965.0,A61,.. >= 7 years,3.0,male : single,co-applicant,4.0,if not A121 : building society savings agreement/ life insurance,43.0,none,rent,4.0,unemployed/ unskilled - non-resident,1.0,none,yes,0.771
... < 0 DM,28.0,critical account/ other credits existing (not at this bank),car (new),4756.0,A61,.. >= 7 years,4.0,male : single,co-applicant,4.0,if not A121 : building society savings agreement/ life insurance,69.0,none,rent,2.0,skilled employee / official,1.0,"yes, registered under the customers name",yes,0.747
0 <= ... < 200 DM,8.0,existing credits paid back duly till now,furniture/equipment,1253.0,A61,... < 1 year,3.0,male : divorced/separated,none,2.0,if not A121 : building society savings agreement/ life insurance,24.0,none,own,1.0,skilled employee / official,1.0,none,yes,0.74
0 <= ... < 200 DM,4.0,all credits at this bank paid back duly,car (new),1211.0,A61,1 <= ... < 4 years,3.0,female : divorced/separated/married,none,4.0,real estate,24.0,none,for free,1.0,skilled employee / official,1.0,none,yes,0.728
0 <= ... < 200 DM,8.0,existing credits paid back duly till now,furniture/equipment,276.0,A65,1 <= ... < 4 years,3.0,female : divorced/separated/married,none,4.0,real estate,19.0,none,rent,1.0,skilled employee / official,1.0,none,yes,0.737
0 <= ... < 200 DM,19.0,existing credits paid back duly till now,furniture/equipment,2123.0,A61,1 <= ... < 4 years,4.0,female : divorced/separated/married,none,4.0,real estate,26.0,none,for free,4.0,unemployed/ unskilled - non-resident,1.0,none,yes,0.742
0 <= ... < 200 DM,8.0,existing credits paid back duly till now,furniture/equipment,1166.0,A61,1 <= ... < 4 years,3.0,female : divorced/separated/married,none,4.0,if not A121 : building society savings agreement/ life insurance,64.0,none,own,4.0,skilled employee / official,1.0,none,yes,0.742
0 <= ... < 200 DM,16.0,critical account/ other credits existing (not at this bank),car (new),1172.0,A65,unemployed,1.0,male : single,none,2.0,"if not A121/A122 : car or other, not in attribute 6",47.0,none,for free,3.0,unemployed/ unskilled - non-resident,1.0,"yes, registered under the customers name",yes,0.752
0 <= ... < 200 DM,4.0,critical account/ other credits existing (not at this bank),car (new),276.0,A61,.. >= 7 years,2.0,male : single,none,4.0,"if not A121/A122 : car or other, not in attribute 6",68.0,none,for free,3.0,unemployed/ unskilled - non-resident,1.0,"yes, registered under the customers name",yes,0.818
0 <= ... < 200 DM,16.0,critical account/ other credits existing (not at this bank),retraining,1468.0,A61,4 <= ... < 7 years,2.0,male : single,none,3.0,"if not A121/A122 : car or other, not in attribute 6",68.0,none,for free,3.0,unemployed/ unskilled - non-resident,1.0,none,no,0.795
0 <= ... < 200 DM,16.0,existing credits paid back duly till now,car (new),1174.0,A61,unemployed,2.0,male : divorced/separated,none,3.0,"if not A121/A122 : car or other, not in attribute 6",75.0,stores,for free,3.0,skilled employee / official,1.0,"yes, registered under the customers name",yes,0.719
0 <= ... < 200 DM,33.0,critical account/ other credits existing (not at this bank),car (new),4642.0,A61,unemployed,3.0,male : single,none,3.0,"if not A121/A122 : car or other, not in attribute 6",69.0,none,for free,4.0,unemployed/ unskilled - non-resident,1.0,"yes, registered under the customers name",yes,0.743
no checking account,11.0,existing credits paid back duly till now,retraining,1898.0,A65,... < 1 year,4.0,male : divorced/separated,none,2.0,"if not A121/A122 : car or other, not in attribute 6",25.0,none,own,2.0,skilled employee / official,1.0,none,yes,0.736
0 <= ... < 200 DM,24.0,existing credits paid back duly till now,education,3925.0,A65,... < 1 year,4.0,male : single,none,2.0,"if not A121/A122 : car or other, not in attribute 6",25.0,none,rent,2.0,skilled employee / official,1.0,none,no,0.825
no checking account,24.0,delay in paying off in the past,radio/television,3184.0,A63,... < 1 year,4.0,male : single,none,2.0,"if not A121/A122 : car or other, not in attribute 6",19.0,none,for free,4.0,skilled employee / official,1.0,none,yes,0.779
no checking account,32.0,existing credits paid back duly till now,radio/television,3095.0,A65,... < 1 year,4.0,male : single,guarantor,2.0,"if not A121/A122 : car or other, not in attribute 6",25.0,none,rent,4.0,unemployed/ unskilled - non-resident,1.0,none,yes,0.744
no checking account,24.0,existing credits paid back duly till now,radio/television,3165.0,A65,... < 1 year,4.0,male : single,none,3.0,if not A121 : building society savings agreement/ life insurance,56.0,none,for free,2.0,skilled employee / official,1.0,none,yes,0.814
... < 0 DM,12.0,no credits taken/ all credits paid back duly,furniture/equipment,276.0,A61,1 <= ... < 4 years,4.0,male : single,none,2.0,if not A121 : building society savings agreement/ life insurance,29.0,none,rent,4.0,skilled employee / official,1.0,"yes, registered under the customers name",yes,0.733
... < 0 DM,12.0,delay in paying off in the past,radio/television,6214.0,A61,4 <= ... < 7 years,4.0,male : divorced/separated,none,2.0,if not A121 : building society savings agreement/ life insurance,28.0,none,for free,2.0,skilled employee / official,1.0,"yes, registered under the customers name",yes,0.715
0 <= ... < 200 DM,11.0,all credits at this bank paid back duly,radio/television,6193.0,A65,... < 1 year,4.0,male : single,none,2.0,if not A121 : building society savings agreement/ life insurance,28.0,none,rent,2.0,unskilled - resident,1.0,"yes, registered under the customers name",yes,0.791
... < 0 DM,14.0,no credits taken/ all credits paid back duly,education,7452.0,A61,1 <= ... < 4 years,4.0,male : single,none,3.0,if not A121 : building society savings agreement/ life insurance,27.0,none,rent,4.0,skilled employee / official,1.0,none,yes,0.709
0 <= ... < 200 DM,12.0,no credits taken/ all credits paid back duly,radio/television,6298.0,A61,1 <= ... < 4 years,4.0,male : single,none,4.0,if not A121 : building society savings agreement/ life insurance,67.0,none,rent,4.0,skilled employee / official,1.0,"yes, registered under the customers name",yes,0.75
0 <= ... < 200 DM,9.0,existing credits paid back duly till now,car (new),1603.0,A65,... < 1 year,2.0,male : single,none,1.0,if not A121 : building society savings agreement/ life insurance,19.0,none,own,1.0,unemployed/ unskilled - non-resident,1.0,none,yes,0.726
0 <= ... < 200 DM,4.0,existing credits paid back duly till now,car (new),338.0,A65,... < 1 year,4.0,male : single,guarantor,2.0,real estate,35.0,none,rent,1.0,unemployed/ unskilled - non-resident,1.0,none,no,0.8
0 <= ... < 200 DM,9.0,existing credits paid back duly till now,car (new),1623.0,A65,... < 1 year,4.0,male : single,none,3.0,real estate,58.0,none,own,1.0,unemployed/ unskilled - non-resident,1.0,none,yes,0.689
... < 0 DM,9.0,existing credits paid back duly till now,car (new),1538.0,A65,... < 1 year,4.0,male : single,none,2.0,"if not A121/A122 : car or other, not in attribute 6",35.0,none,own,3.0,skilled employee / official,1.0,none,yes,0.756
0 <= ... < 200 DM,31.0,existing credits paid back duly till now,car (new),3881.0,A65,... < 1 year,4.0,male : single,none,2.0,real estate,35.0,none,own,4.0,unemployed/ unskilled - non-resident,1.0,none,yes,0.694
no checking account,15.0,critical account/ other credits existing (not at this bank),furniture/equipment,1416.0,A65,... < 1 year,3.0,male : divorced/separated,none,2.0,if not A121 : building society savings agreement/ life insurance,40.0,none,own,1.0,skilled employee / official,1.0,none,yes,0.751
... < 0 DM,4.0,delay in paying off in the past,furniture/equipment,302.0,A65,.. >= 7 years,4.0,male : single,none,4.0,if not A121 : building society savings agreement/ life insurance,63.0,none,own,1.0,skilled employee / official,1.0,"yes, registered under the customers name",yes,0.768
no checking account,15.0,critical account/ other credits existing (not at this bank),car (new),1588.0,A65,.. >= 7 years,4.0,male : single,none,4.0,if not A121 : building society savings agreement/ life insurance,60.0,none,for free,1.0,skilled employee / official,1.0,none,yes,0.792
no checking account,15.0,critical account/ other credits existing (not at this bank),furniture/equipment,1530.0,A65,.. >= 7 years,4.0,male : divorced/separated,none,4.0,if not A121 : building society savings agreement/ life insurance,75.0,none,own,4.0,unemployed/ unskilled - non-resident,1.0,none,no,0.789
no checking account,37.0,critical account/ other credits existing (not at this bank),furniture/equipment,4137.0,A65,.. >= 7 years,4.0,male : single,none,4.0,if not A121 : building society savings agreement/ life insurance,63.0,none,own,4.0,skilled employee / official,1.0,none,yes,0.699
... < 0 DM,16.0,existing credits paid back duly till now,furniture/equipment,3126.0,A61,... < 1 year,3.0,male : divorced/separated,none,4.0,if not A121 : building society savings agreement/ life insurance,28.0,none,own,1.0,skilled employee / official,1.0,none,yes,0.76
0 <= ... < 200 DM,24.0,delay in paying off in the past,furniture/equipment,4197.0,A61,1 <= ... < 4 years,4.0,male : single,none,4.0,if not A121 : building society savings agreement/ life insurance,28.0,none,rent,1.0,skilled employee / official,1.0,none,no,0.776
... < 0 DM,24.0,existing credits paid back duly till now,education,5833.0,A61,1 <= ... < 4 years,4.0,male : single,co-applicant,4.0,if not A121 : building society savings agreement/ life insurance,19.0,none,for free,1.0,skilled employee / official,1.0,none,yes,0.72
... < 0 DM,24.0,existing credits paid back duly till now,furniture/equipment,4202.0,A61,1 <= ... < 4 years,4.0,male : single,none,4.0,if not A121 : building society savings agreement/ life insurance,28.0,none,own,3.0,unemployed/ unskilled - non-resident,1.0,"yes, registered under the customers name",yes,0.673
... < 0 DM,27.0,existing credits paid back duly till now,furniture/equipment,4017.0,A61,1 <= ... < 4 years,4.0,male : single,none,4.0,if not A121 : building society savings agreement/ life insurance,74.0,none,own,4.0,skilled employee / official,1.0,none,yes,0.73
0 <= ... < 200 DM,31.0,delay in paying off in the past,education,2643.0,A61,.. >= 7 years,4.0,male : single,none,4.0,unknown / no property,50.0,none,for free,2.0,skilled employee / official,1.0,none,yes,0.725
0 <= ... < 200 DM,48.0,delay in paying off in the past,education,6291.0,A65,4 <= ... < 7 years,4.0,male : single,guarantor,4.0,unknown / no property,50.0,none,rent,1.0,skilled employee / official,1.0,none,yes,0.754
0 <= ... < 200 DM,52.0,all credits at this bank paid back duly,retraining,6216.0,A61,.. >= 7 years,4.0,male : single,none,4.0,unknown / no property,47.0,none,for free,1.0,skilled employee / official,1.0,"yes, registered under the customers name",yes,0.673
... < 0 DM,48.0,delay in paying off in the past,education,6214.0,A61,.. >= 7 years,4.0,male : single,none,4.0,unknown / no property,75.0,none,for free,4.0,skilled employee / official,1.0,none,yes,0.759
0 <= ... < 200 DM,48.0,delay in paying off in the past,education,10887.0,A61,.. >= 7 years,4.0,male : divorced/separated,none,4.0,if not A121 : building society savings agreement/ life insurance,50.0,none,for free,1.0,skilled employee / official,1.0,none,yes,0.801
... < 0 DM,4.0,all credits at this bank paid back duly,car (new),1461.0,A65,4 <= ... < 7 years,4.0,male : single,none,4.0,if not A121 : building society savings agreement/ life insurance,32.0,none,for free,2.0,unskilled - resident,2.0,none,yes,0.757
0 <= ... < 200 DM,18.0,delay in paying off in the past,car (new),316.0,A61,4 <= ... < 7 years,4.0,male : single,guarantor,4.0,unknown / no property,32.0,none,for free,2.0,unskilled - resident,1.0,none,yes,0.745
... < 0 DM,17.0,all credits at this bank paid back duly,car (new),1410.0,A61,4 <= ... < 7 years,4.0,male : divorced/separated,none,4.0,unknown / no property,58.0,none,for free,2.0,unskilled - resident,2.0,"yes, registered under the customers name",yes,0.682
... < 0 DM,18.0,all credits at this bank paid back duly,retraining,1436.0,A61,1 <= ... < 4 years,4.0,male : single,none,4.0,unknown / no property,29.0,none,for free,4.0,skilled employee / official,1.0,none,yes,0.79
... < 0 DM,40.0,all credits at this bank paid back duly,car (new),4000.0,A61,4 <= ... < 7 years,4.0,male : single,none,4.0,if not A121 : building society savings agreement/ life insurance,32.0,none,for free,3.0,unskilled - resident,2.0,none,yes,0.685
0 <= ... < 200 DM,12.0,existing credits paid back duly till now,radio/television,2258.0,A65,1 <= ... < 4 years,3.0,male : divorced/separated,none,3.0,unknown / no property,23.0,none,for free,1.0,skilled employee / official,1.0,"yes, registered under the customers name",yes,0.69
no checking account,4.0,existing credits paid back duly till now,furniture/equipment,336.0,A65,1 <= ... < 4 years,4.0,male : single,guarantor,4.0,unknown / no property,37.0,none,for free,1.0,skilled employee / official,1.0,"yes, registered under the customers name",yes,0.74
no checking account,12.0,existing credits paid back duly till now,radio/television,3686.0,A65,4 <= ... < 7 years,4.0,male : single,none,4.0,if not A121 : building society savings agreement/ life insurance,37.0,none,rent,1.0,skilled employee / official,1.0,"yes, registered under the customers name",yes,0.721
no checking account,12.0,existing credits paid back duly till now,radio/television,2283.0,A65,1 <= ... < 4 years,4.0,male : single,none,4.0,unknown / no property,37.0,none,for free,4.0,unemployed/ unskilled - non-resident,1.0,none,no,0.684
no checking account,18.0,existing credits paid back duly till now,radio/television,2257.0,A65,1 <= ... < 4 years,4.0,male : single,none,4.0,unknown / no property,75.0,none,for free,3.0,skilled employee / official,1.0,"yes, registered under the customers name",yes,0.736
0 <= ... < 200 DM,13.0,existing credits paid back duly till now,car (new),276.0,A61,4 <= ... < 7 years,3.0,male : single,none,3.0,real estate,28.0,none,rent,1.0,unskilled - resident,1.0,none,yes,0.664
0 <= ... < 200 DM,18.0,existing credits paid back duly till now,car (new),6283.0,A65,4 <= ... < 7 years,3.0,male : single,none,3.0,real estate,28.0,none,for free,1.0,unskilled - resident,1.0,"yes, registered under the customers name",yes,0.721
0 <= ... < 200 DM,18.0,delay in paying off in the past,education,6182.0,A61,4 <= ... < 7 years,3.0,male : single,none,3.0,if not A121 : building society savings agreement/ life insurance,24.0,none,rent,1.0,unskilled - resident,1.0,none,yes,0.724
0 <= ... < 200 DM,18.0,existing credits paid back duly till now,car (new),6120.0,A61,... < 1 year,4.0,male : single,none,4.0,real estate,47.0,none,rent,2.0,unemployed/ unskilled - non-resident,1.0,none,yes,0.766
0 <= ... < 200 DM,36.0,existing credits paid back duly till now,car (new),8963.0,A61,4 <= ... < 7 years,3.0,male : divorced/separated,none,3.0,real estate,28.0,none,rent,4.0,unskilled - resident,1.0,none,yes,0.784
no checking account,11.0,existing credits paid back duly till now,furniture/equipment,591.0,A61,... < 1 year,3.0,female : divorced/separated/married,none,4.0,if not A121 : building society savings agreement/ life insurance,26.0,none,own,1.0,skilled employee / official,1.0,"yes, registered under the customers name",yes,0.702
no checking account,24.0,all credits at this bank paid back duly,radio/television,3592.0,A64,... < 1 year,4.0,male : divorced/separated,none,4.0,if not A121 : building society savings agreement/ life insurance,26.0,none,own,4.0,skilled employee / official,1.0,"yes, registered under the customers name",yes,0.74
0 <= ... < 200 DM,24.0,existing credits paid back duly till now,radio/television,3243.0,A61,... < 1 year,4.0,female : divorced/separated/married,co-applicant,4.0,if not A121 : building society savings agreement/ life insurance,19.0,none,rent,1.0,skilled employee / official,1.0,"yes, registered under the customers name",yes,0.734
no checking account,24.0,existing credits paid back duly till now,radio/television,3012.0,A61,4 <= ... < 7 years,4.0,female : divorced/separated/married,none,4.0,if not A121 : building society savings agreement/ life insurance,26.0,none,for free,2.0,unskilled - resident,1.0,"yes, registered under the customers name",yes,0.687
no checking account,35.0,existing credits paid back duly till now,car (new),3216.0,A61,... < 1 year,4.0,female : divorced/separated/married,none,4.0,if not A121 : building society savings agreement/ life insurance,56.0,none,own,2.0,skilled employee / official,1.0,"yes, registered under the customers name",yes,0.748
... < 0 DM,18.0,existing credits paid back duly till now,furniture/equipment,950.0,A65,.. >= 7 years,1.0,male : single,none,4.0,if not A121 : building society savings agreement/ life insurance,52.0,none,for free,1.0,skilled employee / official,2.0,"yes, registered under the customers name",yes,0.73
... < 0 DM,25.0,delay in paying off in the past,car (new),7952.0,A65,.. >= 7 years,1.0,male : single,none,4.0,if not A121 : building society savings agreement/ life insurance,49.0,none,for free,1.0,skilled employee / official,1.0,"yes, registered under the customers name",yes,0.763
... < 0 DM,4.0,existing credits paid back duly till now,education,7585.0,A65,.. >= 7 years,1.0,male : single,none,4.0,if not A121 : building society savings agreement/ life insurance,51.0,none,rent,4.0,skilled employee / official,2.0,"yes, registered under the customers name",no,0.745
0 <= ... < 200 DM,18.0,existing credits paid back duly till now,car (used),7337.0,A65,.. >= 7 years,1.0,male : single,none,4.0,if not A121 : building society savings agreement/ life insurance,51.0,none,for free,1.0,unemployed/ unskilled - non-resident,1.0,none,yes,0.703
... < 0 DM,18.0,existing credits paid back duly till now,car (used),7332.0,A65,... < 1 year,3.0,male : single,none,4.0,if not A121 : building society savings agreement/ life insurance,73.0,none,for free,3.0,skilled employee / official,2.0,"yes, registered under the customers name",yes,0.7
... < 0 DM,14.0,existing credits paid back duly till now,radio/television,2356.0,A61,... < 1 year,3.0,male : divorced/separated,none,4.0,if not A121 : building society savings agreement/ life insurance,29.0,none,rent,1.0,skilled employee / official,1.0,none,yes,0.747
... < 0 DM,36.0,existing credits paid back duly till now,education,521.0,A61,1 <= ... < 4 years,4.0,male : divorced/separated,none,4.0,"if not A121/A122 : car or other, not in attribute 6",31.0,none,for free,1.0,skilled employee / official,1.0,none,no,0.739
0 <= ... < 200 DM,36.0,all credits at this bank paid back duly,radio/television,2814.0,A65,1 <= ... < 4 years,4.0,male : divorced/separated,none,4.0,"if not A121/A122 : car or other, not in attribute 6",30.0,none,rent,1.0,unskilled - resident,1.0,none,yes,0.74
... < 0 DM,36.0,existing credits paid back duly till now,radio/television,2124.0,A63,1 <= ... < 4 years,4.0,male : divorced/separated,none,4.0,real estate,33.0,none,rent,4.0,skilled employee / official,1.0,"yes, registered under the customers name",yes,0.707
... < 0 DM,39.0,existing credits paid back duly till now,radio/television,2704.0,A61,1 <= ... < 4 years,4.0,male : divorced/separated,none,4.0,"if not A121/A122 : car or other, not in attribute 6",75.0,none,rent,3.0,skilled employee / official,1.0,none,yes,0.735
... < 0 DM,4.0,existing credits paid back duly till now,car (new),950.0,A61,... < 1 year,1.0,male : divorced/separated,none,2.0,if not A121 : building society savings agreement/ life insurance,19.0,none,own,1.0,unskilled - resident,1.0,none,yes,0.735
0 <= ... < 200 DM,18.0,delay in paying off in the past,car (new),975.0,A61,... < 1 year,1.0,female : divorced/separated/married,none,4.0,"if not A121/A122 : car or other, not in attribute 6",23.0,none,own,1.0,unskilled - resident,1.0,"yes, registered under the customers name",yes,0.698
... < 0 DM,24.0,existing credits paid back duly till now,furniture/equipment,1057.0,A64,... < 1 year,1.0,male : divorced/separated,none,2.0,"if not A121/A122 : car or other, not in attribute 6",23.0,none,for free,1.0,unskilled - resident,1.0,none,yes,0.745
... < 0 DM,18.0,existing credits paid back duly till now,car (new),2354.0,A61,... < 1 year,1.0,female : divorced/separated/married,guarantor,2.0,"if not A121/A122 : car or other, not in attribute 6",23.0,none,for free,4.0,skilled employee / official,1.0,none,yes,0.764
... < 0 DM,17.0,existing credits paid back duly till now,car (new),867.0,A61,... < 1 year,1.0,female : divorced/separated/married,none,2.0,"if not A121/A122 : car or other, not in attribute 6",64.0,none,rent,3.0,unskilled - resident,1.0,none,yes,0.765
... < 0 DM,5.0,critical account/ other credits existing (not at this bank),furniture/equipment,923.0,A61,.. >= 7 years,1.0,male : divorced/separated,none,4.0,if not A121 : building society savings agreement/ life insurance,24.0,none,own,2.0,skilled employee / official,1.0,none,yes,0.725
0 <= ... < 200 DM,20.0,existing credits paid back duly till now,furniture/equipment,4286.0,A61,.. >= 7 years,1.0,female : divorced/separated/married,none,4.0,if not A121 : building society savings agreement/ life insurance,19.0,none,for free,2.0,skilled employee / official,1.0,none,no,0.744
... < 0 DM,27.0,delay in paying off in the past,furniture/equipment,3760.0,A61,.. >= 7 years,4.0,female : divorced/separated/married,none,4.0,if not A121 : building society savings agreement/ life insurance,27.0,none,own,4.0,skilled employee / official,1.0,none,yes,0.703
... < 0 DM,20.0,critical account/ other credits existing (not at this bank),furniture/equipment,6353.0,A61,... < 1 year,1.0,female : divorced/separated/married,none,4.0,if not A121 : building society savings agreement/ life insurance,24.0,none,rent,3.0,unemployed/ unskilled - non-resident,1.0,none,yes,0.711
... < 0 DM,19.0,critical account/ other credits existing (not at this bank),furniture/equipment,4329.0,A65,.. >= 7 years,1.0,female : divorced/separated/married,none,4.0,if not A121 : building society savings agreement/ life insurance,62.0,none,own,2.0,skilled employee / official,1.0,none,yes,0.722
... < 0 DM,18.0,existing credits paid back duly till now,furniture/equipment,3734.0,A65,.. >= 7 years,3.0,male : divorced/separated,none,3.0,if not A121 : building society savings agreement/ life insurance,31.0,none,own,1.0,skilled employee / official,1.0,none,yes,0.758
0 <= ... < 200 DM,30.0,delay in paying off in the past,furniture/equipment,7089.0,A65,.. >= 7 years,4.0,male : single,none,4.0,if not A121 : building society savings agreement/ life insurance,31.0,none,own,1.0,skilled employee / official,1.0,none,no,0.68
... < 0 DM,30.0,existing credits paid back duly till now,education,6333.0,A65,.. >= 7 years,4.0,male : single,guarantor,4.0,"if not A121/A122 : car or other, not in attribute 6",19.0,none,for free,1.0,skilled employee / official,1.0,none,yes,0.77
... < 0 DM,30.0,existing credits paid back duly till now,furniture/equipment,6360.0,A63,... < 1 year,4.0,male : single,none,4.0,if not A121 : building society savings agreement/ life insurance,31.0,none,own,4.0,unemployed/ unskilled - non-resident,1.0,"yes, registered under the customers name",yes,0.753
... < 0 DM,38.0,existing credits paid back duly till now,furniture/equipment,6407.0,A65,.. >= 7 years,4.0,male : single,none,4.0,if not A121 : building society savings agreement/ life insurance,69.0,none,own,2.0,skilled employee / official,1.0,none,yes,0.691
... < 0 DM,29.0,existing credits paid back duly till now,furniture/equipment,3327.0,A61,... < 1 year,4.0,male : divorced/separated,none,2.0,if not A121 : building society savings agreement/ life insurance,29.0,none,own,1.0,skilled employee / official,1.0,none,yes,0.736
... < 0 DM,36.0,existing credits paid back duly till now,furniture/equipment,5126.0,A61,4 <= ... < 7 years,4.0,male : single,co-applicant,2.0,if not A121 : building society savings agreement/ life insurance,20.0,none,rent,3.0,skilled employee / official,1.0,none,no,0.727
0 <= ... < 200 DM,36.0,delay in paying off in the past,furniture/equipment,5101.0,A65,4 <= ... < 7 years,4.0,male : single,none,2.0,if not A121 : building society savings agreement/ life insurance,29.0,none,own,1.0,skilled employee / official,1.0,"yes, registered under the customers name",yes,0.732
... < 0 DM,36.0,existing credits paid back duly till now,furniture/equipment,5311.0,A61,4 <= ... < 7 years,4.0,male : single,none,4.0,if not A121 : building society savings agreement/ life insurance,63.0,none,for free,1.0,skilled employee / official,1.0,none,yes,0.793
... < 0 DM,60.0,existing credits paid back duly till now,furniture/equipment,7212.0,A61,4 <= ... < 7 years,4.0,male : single,none,2.0,if not A121 : building society savings agreement/ life insurance,29.0,none,for free,4.0,skilled employee / official,1.0,none,yes,0.778
no checking account,9.0,delay in paying off in the past,car (new),1972.0,A61,... < 1 year,4.0,male : single,none,3.0,if not A121 : building society savings agreement/ life insurance,43.0,none,for free,2.0,skilled employee / official,1.0,"yes, registered under the customers name",yes,0.824
no checking account,24.0,all credits at this bank paid back duly,car (new),276.0,A61,.. >= 7 years,4.0,male : divorced/separated,guarantor,4.0,unknown / no property,60.0,none,rent,2.0,skilled employee / official,1.0,"yes, registered under the customers name",yes,0.763
... < 0 DM,24.0,delay in paying off in the past,retraining,2086.0,A65,.. >= 7 years,4.0,male : single,none,4.0,unknown / no property,60.0,none,for free,2.0,skilled employee / official,1.0,"yes, registered under the customers name",yes,0.801
no checking account,24.0,delay in paying off in the past,car (new),2053.0,A61,.. >= 7 years,4.0,male : single,none,4.0,unknown / no property,75.0,none,for free,4.0,unemployed/ unskilled - non-resident,1.0,none,no,0.763
no checking account,49.0,delay in paying off in the past,car (new),4952.0,A61,.. >= 7 years,4.0,male : single,none,4.0,unknown / no property,60.0,none,for free,3.0,skilled employee / official,1.0,"yes, registered under the customers name",yes,0.699
0 <= ... < 200 DM,4.0,existing credits paid back duly till now,car (new),2540.0,A61,... < 1 year,1.0,female : divorced/separated/married,none,3.0,"if not A121/A122 : car or other, not in attribute 6",21.0,none,rent,1.0,skilled employee / official,1.0,none,yes,0.752
... < 0 DM,15.0,existing credits paid back duly till now,car (new),276.0,A61,.. >= 7 years,1.0,female : divorced/separated/married,none,4.0,"if not A121/A122 : car or other, not in attribute 6",23.0,none,for free,2.0,skilled employee / official,1.0,none,yes,0.744
... < 0 DM,16.0,existing credits paid back duly till now,car (new),2372.0,A65,unemployed,1.0,female : divorced/separated/married,none,4.0,if not A121 : building society savings agreement/ life insurance,22.0,none,rent,2.0,skilled employee / official,1.0,none,yes,0.711
... < 0 DM,15.0,existing credits paid back duly till now,furniture/equipment,3946.0,A61,... < 1 year,1.0,female : divorced/separated/married,none,4.0,"if not A121/A122 : car or other, not in attribute 6",23.0,none,rent,4.0,skilled employee / official,1.0,"yes, registered under the customers name",yes,0.752
... < 0 DM,18.0,existing credits paid back duly till now,car (new),2577.0,A61,unemployed,1.0,male : divorced/separated,none,4.0,"if not A121/A122 : car or other, not in attribute 6",58.0,none,rent,1.0,skilled employee / official,1.0,none,yes,0.731
no checking account,12.0,delay in paying off in the past,education,2024.0,A65,4 <= ... < 7 years,4.0,male : divorced/separated,guarantor,2.0,"if not A121/A122 : car or other, not in attribute 6",45.0,none,own,1.0,skilled employee / official,1.0,none,yes,0.742
no checking account,4.0,all credits at this bank paid back duly,car (new),276.0,A65,4 <= ... < 7 years,4.0,female : divorced/separated/married,none,2.0,"if not A121/A122 : car or other, not in attribute 6",61.0,none,rent,1.0,skilled employee / official,1.0,"yes, registered under the customers name",yes,0.776
0 <= ... < 200 DM,12.0,critical account/ other credits existing (not at this bank),education,2018.0,A65,4 <= ... < 7 years,4.0,female : divorced/separated/married,none,2.0,"if not A121/A122 : car or other, not in attribute 6",61.0,none,for free,2.0,skilled employee / official,1.0,none,yes,0.746
no checking account,12.0,critical account/ other credits existing (not at this bank),education,1976.0,A65,4 <= ... < 7 years,4.0,female : divorced/separated/married,none,4.0,if not A121 : building society savings agreement/ life insurance,75.0,none,rent,4.0,skilled employee / official,1.0,none,yes,0.785
no checking account,18.0,critical account/ other credits existing (not at this bank),retraining,5808.0,A65,4 <= ... < 7 years,4.0,female : divorced/separated/married,none,2.0,"if not A121/A122 : car or other, not in attribute 6",60.0,none,own,4.0,skilled employee / official,1.0,none,yes,0.638
0 <= ... < 200 DM,4.0,existing credits paid back duly till now,car (new),2437.0,A61,... < 1 year,1.0,female : divorced/separated/married,none,3.0,"if not A121/A122 : car or other, not in attribute 6",23.0,none,rent,1.0,skilled employee / official,1.0,none,yes,0.754
... < 0 DM,15.0,existing credits paid back duly till now,car (new),276.0,A61,.. >= 7 years,1.0,female : divorced/separated/married,none,4.0,"if not A121/A122 : car or other, not in attribute 6",22.0,none,for free,1.0,skilled employee / official,1.0,none,yes,0.721
... < 0 DM,15.0,existing credits paid back duly till now,car (new),4347.0,A65,unemployed,1.0,female : divorced/separated/married,none,4.0,if not A121 : building society savings agreement/ life insurance,23.0,none,rent,3.0,skilled employee / official,1.0,none,yes,0.733
... < 0 DM,14.0,existing credits paid back duly till now,business,2429.0,A61,... < 1 year,1.0,female : divorced/separated/married,none,4.0,"if not A121/A122 : car or other, not in attribute 6",20.0,none,rent,4.0,skilled employee / official,1.0,"yes, registered under the customers name",yes,0.767
... < 0 DM,19.0,existing credits paid back duly till now,car (new),2684.0,A61,unemployed,1.0,male : divorced/separated,none,4.0,"if not A121/A122 : car or other, not in attribute 6",55.0,none,rent,1.0,skilled employee / official,1.0,none,yes,0.728
... < 0 DM,4.0,critical account/ other credits existing (not at this bank),car (new),1327.0,A65,... < 1 year,4.0,male : single,none,4.0,"if not A121/A122 : car or other, not in attribute 6",61.0,none,own,2.0,unskilled - resident,1.0,none,yes,0.724
0 <= ... < 200 DM,24.0,critical account/ other credits existing (not at this bank),car (new),1193.0,A63,.. >= 7 years,4.0,male : single,none,4.0,if not A121 : building society savings agreement/ life insurance,60.0,none,own,2.0,skilled employee / official,1.0,none,yes,0.706
... < 0 DM,24.0,delay in paying off in the past,retraining,276.0,A61,4 <= ... < 7 years,4.0,male : single,none,4.0,"if not A121/A122 : car or other, not in attribute 6",60.0,none,own,4.0,unskilled - resident,1.0,none,yes,0.732
... < 0 DM,24.0,critical account/ other credits existing (not at this bank),car (new),1426.0,A61,.. >= 7 years,4.0,male : single,none,4.0,"if not A121/A122 : car or other, not in attribute 6",75.0,none,for free,2.0,unskilled - resident,1.0,"yes, registered under the customers name",yes,0.739
... < 0 DM,47.0,critical account/ other credits existing (not at this bank),car (new),1633.0,A61,.. >= 7 years,4.0,male : divorced/separated,none,4.0,"if not A121/A122 : car or other, not in attribute 6",58.0,none,rent,3.0,unskilled - resident,1.0,none,yes,0.758
0 <= ... < 200 DM,10.0,delay in paying off in the past,radio/television,2149.0,A65,... < 1 year,2.0,male : divorced/separated,guarantor,4.0,if not A121 : building society savings agreement/ life insurance,23.0,none,own,1.0,unskilled - resident,1.0,none,yes,0.75
0 <= ... < 200 DM,13.0,existing credits paid back duly till now,car (new),276.0,A61,... < 1 year,2.0,female : divorced/separated/married,none,4.0,if not A121 : building society savings agreement/ life insurance,23.0,none,for free,1.0,unskilled - resident,1.0,none,no,0.775
0 <= ... < 200 DM,13.0,existing credits paid back duly till now,retraining,1753.0,A61,4 <= ... < 7 years,2.0,female : divorced/separated/married,guarantor,4.0,if not A121 : building society savings agreement/ life insurance,19.0,none,own,4.0,unskilled - resident,1.0,none,yes,0.719
0 <= ... < 200 DM,19.0,existing credits paid back duly till now,radio/television,4765.0,A61,... < 1 year,2.0,female : divorced/separated/married,guarantor,4.0,if not A121 : building society savings agreement/ life insurance,24.0,none,for free,1.0,unemployed/ unskilled - non-resident,1.0,none,yes,0.731
0 <= ... < 200 DM,12.0,existing credits paid back duly till now,radio/television,2076.0,A61,... < 1 year,4.0,female : divorced/separated/married,guarantor,4.0,if not A121 : building society savings agreement/ life insurance,54.0,none,rent,1.0,unskilled - resident,1.0,none,yes,0.74
... < 0 DM,8.0,existing credits paid back duly till now,furniture/equipment,3225.0,A61,... < 1 year,3.0,male : divorced/separated,none,3.0,if not A121 : building society savings agreement/ life insurance,23.0,none,rent,1.0,unskilled - resident,1.0,"yes, registered under the customers name",yes,0.76
... < 0 DM,24.0,delay in paying off in the past,car (new),276.0,A61,... < 1 year,4.0,female : divorced/separated/married,guarantor,4.0,real estate,24.0,none,for free,1.0,unskilled - resident,1.0,"yes, registered under the customers name",yes,0.724
... < 0 DM,24.0,existing credits paid back duly till now,retraining,3114.0,A65,... < 1 year,4.0,female : divorced/separated/married,none,4.0,unknown / no property,19.0,none,rent,1.0,unskilled - resident,1.0,"yes, registered under the customers name",yes,0.739
0 <= ... < 200 DM,24.0,existing credits paid back duly till now,furniture/equipment,3252.0,A61,... < 1 year,4.0,female : divorced/separated/married,none,4.0,real estate,23.0,none,rent,3.0,skilled employee / official,1.0,none,no,0.732
... < 0 DM,36.0,existing credits paid back duly till now,furniture/equipment,4207.0,A61,... < 1 year,4.0,female : divorced/separated/married,none,4.0,real estate,51.0,none,rent,4.0,unskilled - resident,1.0,"yes, registered under the customers name",yes,0.735
0 <= ... < 200 DM,28.0,delay in paying off in the past,education,2193.0,A61,.. >= 7 years,4.0,male : single,none,4.0,unknown / no property,50.0,none,for free,1.0,skilled employee / official,1.0,none,yes,0.696
0 <= ... < 200 DM,48.0,delay in paying off in the past,education,6242.0,A65,4 <= ... < 7 years,4.0,male : single,guarantor,4.0,unknown / no property,49.0,none,for free,2.0,skilled employee / official,1.0,none,yes,0.807
0 <= ... < 200 DM,48.0,all credits at this bank paid back duly,retraining,6226.0,A61,.. >= 7 years,4.0,male : single,none,4.0,unknown / no property,50.0,none,for free,1.0,skilled employee / official,1.0,"yes, registered under the customers name",yes,0.68
... < 0 DM,48.0,delay in paying off in the past,education,6174.0,A61,.. >= 7 years,4.0,male : single,none,4.0,unknown / no property,75.0,none,for free,4.0,skilled employee / official,1.0,none,yes,0.759
0 <= ... < 200 DM,50.0,delay in paying off in the past,education,11029.0,A61,.. >= 7 years,4.0,male : divorced/separated,none,4.0,if not A121 : building society savings agreement/ life insurance,50.0,none,for free,1.0,skilled employee / official,1.0,none,yes,0.799
0 <= ... < 200 DM,4.0,existing credits paid back duly till now,radio/television,1553.0,A61,4 <= ... < 7 years,1.0,male : divorced/separated,none,2.0,"if not A121/A122 : car or other, not in attribute 6",23.0,none,for free,2.0,skilled employee / official,1.0,"yes, registered under the customers name",yes,0.714
... < 0 DM,6.0,critical account/ other credits existing (not at this bank),retraining,545.0,A61,4 <= ... < 7 years,1.0,male : single,none,2.0,"if not A121/A122 : car or other, not in attribute 6",25.0,none,rent,4.0,skilled employee / official,1.0,none,yes,0.757
no checking account,6.0,all credits at this bank paid back duly,radio/television,1560.0,A65,... < 1 year,1.0,female : divorced/separated/married,none,2.0,"if not A121/A122 : car or other, not in attribute 6",24.0,none,rent,2.0,skilled employee / official,1.0,"yes, registered under the customers name",yes,0.699
no checking account,6.0,existing credits paid back duly till now,radio/television,1553.0,A61,4 <= ... < 7 years,3.0,female : divorced/separated/married,none,2.0,if not A121 : building society savings agreement/ life insurance,47.0,none,rent,4.0,skilled employee / official,1.0,"yes, registered under the customers name",yes,0.739
no checking account,22.0,critical account/ other credits existing (not at this bank),car (new),1517.0,A61,4 <= ... < 7 years,1.0,female : divorced/separated/married,none,4.0,"if not A121/A122 : car or other, not in attribute 6",24.0,none,rent,3.0,skilled employee / official,1.0,"yes, registered under the customers name",yes,0.675
0 <= ... < 200 DM,15.0,existing credits paid back duly till now,radio/television,2910.0,A65,1 <= ... < 4 years,3.0,male : single,guarantor,4.0,if not A121 : building society savings agreement/ life insurance,21.0,none,rent,3.0,skilled employee / official,1.0,none,yes,0.779
0 <= ... < 200 DM,45.0,existing credits paid back duly till now,furniture/equipment,276.0,A62,1 <= ... < 4 years,4.0,male : divorced/separated,guarantor,4.0,if not A121 : building society savings agreement/ life insurance,20.0,none,for free,1.0,skilled employee / official,1.0,none,yes,0.762
0 <= ... < 200 DM,45.0,all credits at this bank paid back duly,radio/television,3408.0,A65,... < 1 year,4.0,male : single,guarantor,4.0,if not A121 : building society savings agreement/ life insurance,19.0,none,rent,1.0,skilled employee / official,1.0,none,yes,0.787
0 <= ... < 200 DM,45.0,existing credits paid back duly till now,retraining,3011.0,A62,1 <= ... < 4 years,4.0,male : single,none,4.0,if not A121 : building society savings agreement/ life insurance,21.0,none,rent,4.0,unemployed/ unskilled - non-resident,1.0,none,no,0.778
0 <= ... < 200 DM,45.0,existing credits paid back duly till now,education,3064.0,A62,1 <= ... < 4 years,4.0,male : single,guarantor,4.0,if not A121 : building society savings agreement/ life insurance,61.0,none,rent,1.0,skilled employee / official,1.0,none,yes,0.74
... < 0 DM,17.0,existing credits paid back duly till now,furniture/equipment,3634.0,A65,.. >= 7 years,3.0,male : divorced/separated,none,3.0,if not A121 : building society savings agreement/ life insurance,31.0,none,own,1.0,skilled employee / official,1.0,none,yes,0.758
0 <= ... < 200 DM,30.0,delay in paying off in the past,furniture/equipment,6383.0,A65,.. >= 7 years,4.0,male : single,none,4.0,if not A121 : building society savings agreement/ life insurance,31.0,none,own,1.0,skilled employee / official,1.0,none,no,0.687
... < 0 DM,30.0,existing credits paid back duly till now,education,6671.0,A65,.. >= 7 years,4.0,male : single,guarantor,4.0,"if not A121/A122 : car or other, not in attribute 6",20.0,none,for free,1.0,skilled employee / official,1.0,none,yes,0.769
... < 0 DM,30.0,existing credits paid back duly till now,furniture/equipment,6511.0,A63,... < 1 year,4.0,male : single,none,4.0,if not A121 : building society savings agreement/ life insurance,31.0,none,own,4.0,unemployed/ unskilled - non-resident,1.0,"yes, registered under the customers name",yes,0.752
... < 0 DM,31.0,existing credits paid back duly till now,furniture/equipment,6368.0,A65,.. >= 7 years,4.0,male : single,none,4.0,if not A121 : building society savings agreement/ life insurance,75.0,none,own,2.0,skilled employee / official,1.0,none,yes,0.701
no checking account,10.0,delay in paying off in the past,car (new),1970.0,A61,... < 1 year,4.0,male : single,none,4.0,if not A121 : building society savings agreement/ life insurance,44.0,none,for free,2.0,skilled employee / official,1.0,"yes, registered under the customers name",yes,0.834
no checking account,24.0,all credits at this bank paid back duly,car (new),276.0,A61,.. >= 7 years,4.0,male : divorced/separated,guarantor,4.0,unknown / no property,60.0,none,for free,2.0,skilled employee / official,1.0,"yes, registered under the customers name",yes,0.785
... < 0 DM,24.0,delay in paying off in the past,retraining,2026.0,A65,.. >= 7 years,4.0,male : single,none,4.0,unknown / no property,60.0,none,for free,2.0,skilled employee / official,1.0,"yes, registered under the customers name",yes,0.802
no checking account,24.0,delay in paying off in the past,car (new),2031.0,A61,.. >= 7 years,4.0,male : single,none,4.0,unknown / no property,75.0,none,for free,4.0,unemployed/ unskilled - non-resident,1.0,none,no,0.763
no checking account,48.0,delay in paying off in the past,car (new),5514.0,A61,.. >= 7 years,4.0,male : single,none,4.0,unknown / no property,60.0,none,for free,3.0,skilled employee / official,1.0,"yes, registered under the customers name",yes,0.695
0 <= ... < 200 DM,12.0,existing credits paid back duly till now,furniture/equipment,1252.0,A65,... < 1 year,3.0,male : divorced/separated,guarantor,1.0,if not A121 : building society savings agreement/ life insurance,21.0,none,own,1.0,unskilled - resident,1.0,none,yes,0.757
... < 0 DM,9.0,delay in paying off in the past,education,1285.0,A61,4 <= ... < 7 years,4.0,male : single,guarantor,1.0,if not A121 : building society savings agreement/ life insurance,21.0,none,rent,1.0,unskilled - resident,1.0,none,yes,0.751
... < 0 DM,32.0,existing credits paid back duly till now,furniture/equipment,276.0,A61,1 <= ... < 4 years,4.0,male : single,guarantor,1.0,if not A121 : building society savings agreement/ life insurance,20.0,none,rent,4.0,unskilled - resident,1.0,none,yes,0.726
... < 0 DM,12.0,existing credits paid back duly till now,furniture/equipment,1905.0,A61,1 <= ... < 4 years,4.0,male : single,guarantor,2.0,if not A121 : building society savings agreement/ life insurance,21.0,none,for free,2.0,skilled employee / official,1.0,"yes, registered under the customers name",yes,0.732
... < 0 DM,12.0,existing credits paid back duly till now,furniture/equipment,1536.0,A61,1 <= ... < 4 years,4.0,male : divorced/separated,guarantor,3.0,if not A121 : building society savings agreement/ life insurance,52.0,none,own,4.0,unskilled - resident,1.0,none,yes,0.716
... < 0 DM,15.0,existing credits paid back duly till now,radio/television,2209.0,A61,... < 1 year,3.0,male : divorced/separated,none,4.0,if not A121 : building society savings agreement/ life insurance,31.0,none,rent,1.0,skilled employee / official,1.0,none,yes,0.75
... < 0 DM,36.0,existing credits paid back duly till now,education,276.0,A61,1 <= ... < 4 years,4.0,male : divorced/separated,none,4.0,"if not A121/A122 : car or other, not in attribute 6",31.0,none,for free,1.0,skilled employee / official,1.0,none,no,0.74
0 <= ... < 200 DM,36.0,all credits at this bank paid back duly,radio/television,2457.0,A65,1 <= ... < 4 years,4.0,male : divorced/separated,none,4.0,"if not A121/A122 : car or other, not in attribute 6",29.0,none,rent,1.0,unskilled - resident,1.0,none,yes,0.741
... < 0 DM,35.0,existing credits paid back duly till now,radio/television,2376.0,A65,1 <= ... < 4 years,4.0,male : divorced/separated,none,4.0,"if not A121/A122 : car or other, not in attribute 6",31.0,none,rent,4.0,skilled employee / official,1.0,"yes, registered under the customers name",yes,0.753
... < 0 DM,39.0,existing credits paid back duly till now,radio/television,2770.0,A61,1 <= ... < 4 years,4.0,male : divorced/separated,none,4.0,"if not A121/A122 : car or other, not in attribute 6",75.0,none,rent,3.0,skilled employee / official,1.0,none,yes,0.734
no checking account,8.0,existing credits paid back duly till now,furniture/equipment,2795.0,A63,.. >= 7 years,3.0,male : divorced/separated,none,3.0,if not A121 : building society savings agreement/ life insurance,40.0,none,own,1.0,skilled employee / official,1.0,none,yes,0.734
0 <= ... < 200 DM,24.0,all credits at this bank paid back duly,furniture/equipment,500.0,A63,.. >= 7 years,3.0,male : single,none,4.0,if not A121 : building society savings agreement/ life insurance,53.0,none,rent,1.0,skilled employee / official,1.0,none,no,0.815
no checking account,24.0,existing credits paid back duly till now,education,2848.0,A65,.. >= 7 years,3.0,male : single,guarantor,4.0,if not A121 : building society savings agreement/ life insurance,53.0,none,for free,1.0,skilled employee / official,1.0,none,yes,0.796
no checking account,24.0,existing credits paid back duly till now,furniture/equipment,2863.0,A63,... < 1 year,3.0,male : single,none,4.0,if not A121 : building society savings agreement/ life insurance,53.0,none,own,4.0,unemployed/ unskilled - non-resident,1.0,"yes, registered under the customers name",yes,0.743
no checking account,32.0,existing credits paid back duly till now,furniture/equipment,3284.0,A63,.. >= 7 years,4.0,male : divorced/separated,none,4.0,if not A121 : building society savings agreement/ life insurance,75.0,none,own,2.0,skilled employee / official,1.0,none,yes,0.758
no checking account,4.0,existing credits paid back duly till now,car (new),3116.0,A63,1 <= ... < 4 years,1.0,male : divorced/separated,none,2.0,if not A121 : building society savings agreement/ life insurance,19.0,none,own,1.0,skilled employee / official,1.0,none,yes,0.731
no checking account,14.0,all credits at this bank paid back duly,car (new),1173.0,A65,1 <= ... < 4 years,2.0,female : divorced/separated/married,none,4.0,if not A121 : building society savings agreement/ life insurance,25.0,none,own,4.0,skilled employee / official,1.0,none,yes,0.758
no checking account,12.0,existing credits paid back duly till now,retraining,276.0,A63,1 <= ... < 4 years,2.0,female : divorced/separated/married,none,2.0,if not A121 : building society savings agreement/ life insurance,26.0,none,for free,3.0,skilled employee / official,1.0,none,yes,0.748
no checking account,12.0,existing credits paid back duly till now,car (new),1308.0,A63,... < 1 year,2.0,female : divorced/separated/married,none,2.0,if not A121 : building society savings agreement/ life insurance,27.0,none,rent,1.0,unskilled - resident,1.0,none,no,0.715
no checking account,12.0,existing credits paid back duly till now,car (new),1415.0,A63,1 <= ... < 4 years,2.0,male : divorced/separated,none,2.0,if not A121 : building society savings agreement/ life insurance,74.0,none,own,1.0,skilled employee / official,1.0,none,yes,0.742
0 <= ... < 200 DM,8.0,existing credits paid back duly till now,furniture/equipment,1283.0,A61,... < 1 year,2.0,male : divorced/separated,none,2.0,if not A121 : building society savings agreement/ life insurance,24.0,none,own,1.0,skilled employee / official,1.0,none,yes,0.737
0 <= ... < 200 DM,4.0,delay in paying off in the past,car (new),1099.0,A61,1 <= ... < 4 years,3.0,female : divorced/separated/married,none,4.0,real estate,24.0,none,for free,1.0,skilled employee / official,1.0,none,yes,0.735
0 <= ... < 200 DM,10.0,existing credits paid back duly till now,furniture/equipment,276.0,A65,1 <= ... < 4 years,3.0,female : divorced/separated/married,none,4.0,real estate,24.0,none,rent,1.0,skilled employee / official,1.0,none,yes,0.741
0 <= ... < 200 DM,8.0,existing credits paid back duly till now,furniture/equipment,2514.0,A61,1 <= ... < 4 years,4.0,female : divorced/separated/married,none,4.0,real estate,26.0,none,for free,4.0,unemployed/ unskilled - non-resident,1.0,none,yes,0.742
0 <= ... < 200 DM,7.0,existing credits paid back duly till now,furniture/equipment,1256.0,A61,1 <= ... < 4 years,3.0,female : divorced/separated/married,none,4.0,if not A121 : building society savings agreement/ life insurance,64.0,none,own,3.0,skilled employee / official,1.0,none,yes,0.725
no checking account,4.0,existing credits paid back duly till now,car (new),1586.0,A61,... < 1 year,3.0,male : single,none,1.0,if not A121 : building society savings agreement/ life insurance,26.0,none,own,1.0,skilled employee / official,1.0,none,yes,0.661
... >= 200 DM / salary assignments for at least 1 year,12.0,existing credits paid back duly till now,car (new),276.0,A61,... < 1 year,4.0,male : single,none,1.0,real estate,22.0,none,rent,2.0,skilled employee / official,1.0,none,no,0.716
... >= 200 DM / salary assignments for at least 1 year,13.0,delay in paying off in the past,car (new),1390.0,A65,... < 1 year,4.0,male : divorced/separated,none,1.0,real estate,26.0,none,own,3.0,skilled employee / official,1.0,none,yes,0.714
... >= 200 DM / salary assignments for at least 1 year,12.0,existing credits paid back duly till now,car (new),1378.0,A61,... < 1 year,4.0,male : single,none,1.0,real estate,71.0,none,for free,1.0,skilled employee / official,1.0,none,yes,0.754
... >= 200 DM / salary assignments for at least 1 year,23.0,existing credits paid back duly till now,car (new),1258.0,A61,... < 1 year,4.0,male : single,none,4.0,if not A121 : building society savings agreement/ life insurance,28.0,none,own,4.0,skilled employee / official,1.0,none,yes,0.74
0 <= ... < 200 DM,33.0,existing credits paid back duly till now,car (new),6136.0,A65,1 <= ... < 4 years,1.0,male : single,none,4.0,"if not A121/A122 : car or other, not in attribute 6",37.0,none,for free,1.0,skilled employee / official,1.0,"yes, registered under the customers name",yes,0.755
0 <= ... < 200 DM,36.0,all credits at this bank paid back duly,car (new),12594.0,A65,1 <= ... < 4 years,1.0,male : single,guarantor,4.0,if not A121 : building society savings agreement/ life insurance,38.0,none,for free,2.0,skilled employee / official,1.0,none,yes,0.788
... < 0 DM,36.0,existing credits paid back duly till now,retraining,12361.0,A65,1 <= ... < 4 years,1.0,male : single,none,4.0,unknown / no property,31.0,none,for free,4.0,skilled employee / official,1.0,"yes, registered under the customers name",no,0.727
0 <= ... < 200 DM,36.0,existing credits paid back duly till now,car (new),12273.0,A65,1 <= ... < 4 years,4.0,male : single,none,4.0,unknown / no property,70.0,none,for free,2.0,skilled employee / official,1.0,"yes, registered under the customers name",yes,0.759
0 <= ... < 200 DM,57.0,existing credits paid back duly till now,car (new),12689.0,A65,... < 1 year,1.0,male : divorced/separated,none,4.0,unknown / no property,37.0,none,for free,1.0,skilled employee / official,1.0,"yes, registered under the customers name",yes,0.755
no checking account,10.0,existing credits paid back duly till now,car (new),1696.0,A61,1 <= ... < 4 years,1.0,male : divorced/separated,none,4.0,"if not A121/A122 : car or other, not in attribute 6",39.0,none,own,1.0,skilled employee / official,1.0,"yes, registered under the customers name",yes,0.719
no checking account,4.0,all credits at this bank paid back duly,car (new),1312.0,A61,4 <= ... < 7 years,2.0,female : divorced/separated/married,none,4.0,"if not A121/A122 : car or other, not in attribute 6",64.0,none,rent,1.0,skilled employee / official,1.0,"yes, registered under the customers name",yes,0.775
no checking account,10.0,existing credits paid back duly till now,car (new),276.0,A65,1 <= ... < 4 years,2.0,female : divorced/separated/married,none,4.0,"if not A121/A122 : car or other, not in attribute 6",64.0,none,for free,1.0,unemployed/ unskilled - non-resident,1.0,"yes, registered under the customers name",yes,0.769
no checking account,10.0,existing credits paid back duly till now,car (new),1484.0,A61,1 <= ... < 4 years,2.0,female : divorced/separated/married,none,4.0,if not A121 : building society savings agreement/ life insurance,75.0,none,own,4.0,skilled employee / official,1.0,"yes, registered under the customers name",no,0.737
no checking account,36.0,existing credits paid back duly till now,car (new),1402.0,A61,1 <= ... < 4 years,4.0,female : divorced/separated/married,none,4.0,"if not A121/A122 : car or other, not in attribute 6",64.0,none,own,4.0,skilled employee / official,1.0,"yes, registered under the customers name",yes,0.681
... < 0 DM,12.0,critical account/ other credits existing (not at this bank),car (new),538.0,A61,.. >= 7 years,2.0,male : single,co-applicant,4.0,if not A121 : building society savings agreement/ life insurance,32.0,none,rent,2.0,skilled employee / official,1.0,"yes, registered under the customers name",yes,0.729
... < 0 DM,4.0,critical account/ other credits existing (not at this bank),car (new),4832.0,A61,4 <= ... < 7 years,3.0,male : single,none,4.0,if not A121 : building society savings agreement/ life insurance,43.0,none,rent,2.0,skilled employee / official,1.0,"yes, registered under the customers name",no,0.725
0 <= ... < 200 DM,12.0,all credits at this bank paid back duly,furniture/equipment,5059.0,A61,.. >= 7 years,3.0,male : divorced/separated,co-applicant,4.0,if not A121 : building society savings agreement/ life insurance,42.0,none,for free,2.0,skilled employee / official,1.0,"yes, registered under the customers name",yes,0.81
... < 0 DM,11.0,critical account/ other credits existing (not at this bank),car (new),7644.0,A61,.. >= 7 years,3.0,male : single,co-applicant,4.0,if not A121 : building society savings agreement/ life insurance,43.0,none,rent,4.0,unemployed/ unskilled - non-resident,1.0,none,yes,0.759
... < 0 DM,28.0,critical account/ other credits existing (not at this bank),car (new),4861.0,A61,.. >= 7 years,4.0,male : single,co-applicant,4.0,if not A121 : building society savings agreement/ life insurance,69.0,none,rent,2.0,skilled employee / official,1.0,"yes, registered under the customers name",yes,0.746
... < 0 DM,12.0,critical account/ other credits existing (not at this bank),car (new),397.0,A61,.. >= 7 years,2.0,male : single,co-applicant,4.0,if not A121 : building society savings agreement/ life insurance,31.0,none,rent,2.0,skilled employee / official,1.0,"yes, registered under the customers name",yes,0.728
... < 0 DM,4.0,critical account/ other credits existing (not at this bank),car (new),4836.0,A61,4 <= ... < 7 years,3.0,male : single,none,4.0,if not A121 : building society savings agreement/ life insurance,43.0,none,rent,2.0,skilled employee / official,1.0,"yes, registered under the customers name",no,0.725
0 <= ... < 200 DM,12.0,all credits at this bank paid back duly,furniture/equipment,5112.0,A61,.. >= 7 years,3.0,male : divorced/separated,co-applicant,4.0,if not A121 : building society savings agreement/ life insurance,43.0,none,for free,2.0,skilled employee / official,1.0,"yes, registered under the customers name",yes,0.81
... < 0 DM,12.0,critical account/ other credits existing (not at this bank),car (new),4723.0,A61,.. >= 7 years,3.0,male : single,co-applicant,4.0,if not A121 : building society savings agreement/ life insurance,43.0,none,rent,4.0,unemployed/ unskilled - non-resident,1.0,none,yes,0.773
... < 0 DM,29.0,critical account/ other credits existing (not at this bank),car (new),4851.0,A61,.. >= 7 years,4.0,male : single,co-applicant,4.0,if not A121 : building society savings agreement/ life insurance,70.0,none,rent,2.0,skilled employee / official,1.0,"yes, registered under the customers name",yes,0.747
0 <= ... < 200 DM,15.0,existing credits paid back duly till now,education,2281.0,A61,.. >= 7 years,3.0,male : divorced/separated,none,4.0,"if not A121/A122 : car or other, not in attribute 6",30.0,none,rent,1.0,skilled employee / official,1.0,"yes, registered under the customers name",yes,0.786
... >= 200 DM / salary assignments for at least 1 year,12.0,existing credits paid back duly till now,education,346.0,A61,4 <= ... < 7 years,4.0,male : single,guarantor,4.0,"if not A121/A122 : car or other, not in attribute 6",40.0,none,rent,1.0,unemployed/ unskilled - non-resident,1.0,"yes, registered under the customers name",yes,0.723
... >= 200 DM / salary assignments for at least 1 year,15.0,existing credits paid back duly till now,retraining,1736.0,A65,.. >= 7 years,4.0,male : single,none,4.0,"if not A121/A122 : car or other, not in attribute 6",39.0,none,for free,4.0,management/ self-employed/ highly qualified employee/ officer,1.0,none,yes,0.753
... >= 200 DM / salary assignments for at least 1 year,15.0,existing credits paid back duly till now,education,2004.0,A61,.. >= 7 years,4.0,male : single,none,4.0,if not A121 : building society savings agreement/ life insurance,72.0,none,rent,4.0,management/ self-employed/ highly qualified employee/ officer,1.0,"yes, registered under the customers name",yes,0.738
... >= 200 DM / salary assignments for at least 1 year,43.0,existing credits paid back duly till now,education,1850.0,A61,... < 1 year,4.0,male : single,none,4.0,"if not A121/A122 : car or other, not in attribute 6",40.0,none,rent,4.0,management/ self-employed/ highly qualified employee/ officer,1.0,"yes, registered under the customers name",yes,0.706
0 <= ... < 200 DM,4.0,existing credits paid back duly till now,retraining,276.0,A65,.. >= 7 years,3.0,male : single,none,3.0,if not A121 : building society savings agreement/ life insurance,19.0,none,own,2.0,skilled employee / official,1.0,none,yes,0.711
... < 0 DM,12.0,existing credits paid back duly till now,education,690.0,A61,.. >= 7 years,4.0,male : single,none,4.0,if not A121 : building society savings agreement/ life insurance,38.0,none,rent,2.0,skilled employee / official,1.0,none,yes,0.787
0 <= ... < 200 DM,17.0,existing credits paid back duly till now,retraining,1816.0,A65,.. >= 7 years,4.0,male : single,none,4.0,if not A121 : building society savings agreement/ life insurance,27.0,none,own,4.0,skilled employee / official,1.0,none,yes,0.754
0 <= ... < 200 DM,11.0,existing credits paid back duly till now,retraining,627.0,A65,.. >= 7 years,4.0,male : single,none,4.0,if not A121 : building society savings agreement/ life insurance,67.0,none,own,1.0,skilled employee / official,1.0,none,yes,0.751
0 <= ... < 200 DM,37.0,existing credits paid back duly till now,retraining,7061.0,A65,.. >= 7 years,4.0,male : single,none,4.0,if not A121 : building society savings agreement/ life insurance,38.0,none,own,2.0,skilled employee / official,1.0,none,yes,0.686
... < 0 DM,18.0,existing credits paid back duly till now,furniture/equipment,1115.0,A65,... < 1 year,4.0,male : divorced/separated,none,2.0,"if not A121/A122 : car or other, not in attribute 6",26.0,none,own,1.0,skilled employee / official,1.0,none,yes,0.755
... < 0 DM,4.0,all credits at this bank paid back duly,furniture/equipment,1186.0,A64,.. >= 7 years,4.0,female : divorced/separated/married,none,2.0,"if not A121/A122 : car or other, not in attribute 6",33.0,none,rent,4.0,skilled employee / official,1.0,none,yes,0.739
0 <= ... < 200 DM,18.0,existing credits paid back duly till now,education,289.0,A61,unemployed,4.0,female : divorced/separated/married,guarantor,2.0,"if not A121/A122 : car or other, not in attribute 6",33.0,none,for free,3.0,skilled employee / official,1.0,none,yes,0.732
... < 0 DM,21.0,existing credits paid back duly till now,furniture/equipment,1400.0,A61,unemployed,1.0,female : divorced/separated/married,none,2.0,if not A121 : building society savings agreement/ life insurance,33.0,none,own,4.0,skilled employee / official,1.0,none,yes,0.665
... < 0 DM,18.0,existing credits paid back duly till now,furniture/equipment,929.0,A61,unemployed,4.0,female : divorced/separated/married,none,4.0,"if not A121/A122 : car or other, not in attribute 6",65.0,none,for free,2.0,skilled employee / official,1.0,none,yes,0.725
0 <= ... < 200 DM,4.0,existing credits paid back duly till now,furniture/equipment,276.0,A64,... < 1 year,1.0,male : divorced/separated,none,1.0,if not A121 : building society savings agreement/ life insurance,20.0,none,own,1.0,skilled employee / official,1.0,none,yes,0.748
0 <= ... < 200 DM,11.0,existing credits paid back duly till now,furniture/equipment,1667.0,A65,... < 1 year,4.0,female : divorced/separated/married,none,1.0,real estate,48.0,none,for free,1.0,skilled employee / official,1.0,none,yes,0.78
0 <= ... < 200 DM,11.0,delay in paying off in the past,retraining,1553.0,A64,... < 1 year,4.0,female : divorced/separated/married,none,1.0,real estate,19.0,none,rent,3.0,skilled employee / official,1.0,none,yes,0.776
0 <= ... < 200 DM,11.0,existing credits paid back duly till now,furniture/equipment,1576.0,A64,... < 1 year,4.0,female : divorced/separated/married,guarantor,4.0,if not A121 : building society savings agreement/ life insurance,20.0,none,own,4.0,skilled employee / official,1.0,none,yes,0.76
0 <= ... < 200 DM,38.0,existing credits paid back duly till now,furniture/equipment,1793.0,A64,... < 1 year,4.0,female : divorced/separated/married,none,1.0,if not A121 : building society savings agreement/ life insurance,20.0,none,own,1.0,skilled employee / official,1.0,"yes, registered under the customers name",yes,0.709
no checking account,10.0,existing credits paid back duly till now,car (new),1357.0,A61,1 <= ... < 4 years,2.0,male : divorced/separated,none,4.0,"if not A121/A122 : car or other, not in attribute 6",35.0,none,own,1.0,skilled employee / official,1.0,"yes, registered under the customers name",yes,0.72
no checking account,4.0,all credits at this bank paid back duly,car (new),2847.0,A61,4 <= ... < 7 years,2.0,female : divorced/separated/married,none,4.0,"if not A121/A122 : car or other, not in attribute 6",64.0,none,rent,1.0,skilled employee / official,1.0,"yes, registered under the customers name",yes,0.769
no checking account,10.0,existing credits paid back duly till now,car (new),340.0,A65,1 <= ... < 4 years,2.0,female : divorced/separated/married,none,4.0,"if not A121/A122 : car or other, not in attribute 6",64.0,none,for free,1.0,unemployed/ unskilled - non-resident,1.0,none,yes,0.767
no checking account,10.0,existing credits paid back duly till now,car (new),1224.0,A61,1 <= ... < 4 years,2.0,female : divorced/separated/married,none,4.0,if not A121 : building society savings agreement/ life insurance,73.0,none,own,4.0,skilled employee / official,1.0,"yes, registered under the customers name",no,0.737
no checking account,36.0,existing credits paid back duly till now,car (new),1384.0,A61,1 <= ... < 4 years,4.0,female : divorced/separated/married,none,4.0,"if not A121/A122 : car or other, not in attribute 6",64.0,none,for free,2.0,skilled employee / official,1.0,"yes, registered under the customers name",yes,0.775
no checking account,10.0,existing credits paid back duly till now,retraining,998.0,A65,... < 1 year,2.0,female : divorced/separated/married,none,2.0,if not A121 : building society savings agreement/ life insurance,24.0,none,rent,1.0,skilled employee / official,1.0,"yes, registered under the customers name",yes,0.753
0 <= ... < 200 DM,5.0,existing credits paid back duly till now,car (new),891.0,A65,4 <= ... < 7 years,4.0,male : divorced/separated,none,3.0,if not A121 : building society savings agreement/ life insurance,40.0,none,own,1.0,skilled employee / official,1.0,"yes, registered under the customers name",yes,0.75
no checking account,10.0,all credits at this bank paid back duly,retraining,276.0,A65,4 <= ... < 7 years,4.0,female : divorced/separated/married,none,3.0,if not A121 : building society savings agreement/ life insurance,40.0,none,own,4.0,unemployed/ unskilled - non-resident,1.0,"yes, registered under the customers name",yes,0.771
no checking account,10.0,delay in paying off in the past,retraining,2611.0,A65,1 <= ... < 4 years,4.0,female : divorced/separated/married,none,4.0,if not A121 : building society savings agreement/ life insurance,40.0,none,own,1.0,skilled employee / official,1.0,none,yes,0.746
no checking account,21.0,existing credits paid back duly till now,retraining,861.0,A65,4 <= ... < 7 years,4.0,female : divorced/separated/married,none,3.0,if not A121 : building society savings agreement/ life insurance,75.0,none,own,2.0,skilled employee / official,1.0,"yes, registered under the customers name",yes,0.735
no checking account,9.0,delay in paying off in the past,car (new),2031.0,A61,... < 1 year,4.0,male : single,none,3.0,unknown / no property,43.0,none,for free,2.0,skilled employee / official,1.0,"yes, registered under the customers name",yes,0.733
no checking account,24.0,all credits at this bank paid back duly,car (new),276.0,A61,.. >= 7 years,4.0,male : divorced/separated,guarantor,4.0,unknown / no property,60.0,none,for free,2.0,skilled employee / official,1.0,"yes, registered under the customers name",yes,0.785
... < 0 DM,24.0,delay in paying off in the past,retraining,2051.0,A65,.. >= 7 years,4.0,male : single,none,4.0,unknown / no property,60.0,none,for free,2.0,skilled employee / official,1.0,"yes, registered under the customers name",yes,0.801
no checking account,24.0,delay in paying off in the past,car (new),2022.0,A61,.. >= 7 years,4.0,male : single,none,4.0,unknown / no property,75.0,none,for free,4.0,unemployed/ unskilled - non-resident,1.0,none,no,0.763
no checking account,48.0,delay in paying off in the past,car (new),5485.0,A61,.. >= 7 years,4.0,male : single,none,4.0,unknown / no property,60.0,none,for free,3.0,skilled employee / official,1.0,"yes, registered under the customers name",yes,0.695
... < 0 DM,16.0,existing credits paid back duly till now,furniture/equipment,3112.0,A65,... < 1 year,3.0,male : divorced/separated,none,4.0,if not A121 : building society savings agreement/ life insurance,28.0,none,own,1.0,skilled employee / official,1.0,none,yes,0.8
0 <= ... < 200 DM,24.0,delay in paying off in the past,furniture/equipment,5240.0,A61,1 <= ... < 4 years,4.0,male : single,none,4.0,if not A121 : building society savings agreement/ life insurance,28.0,none,rent,1.0,skilled employee / official,1.0,none,no,0.771
... < 0 DM,24.0,existing credits paid back duly till now,education,4213.0,A61,1 <= ... < 4 years,4.0,male : single,co-applicant,4.0,if not A121 : building society savings agreement/ life insurance,19.0,none,for free,1.0,skilled employee / official,1.0,none,yes,0.727
... < 0 DM,24.0,existing credits paid back duly till now,furniture/equipment,4133.0,A61,1 <= ... < 4 years,4.0,male : single,none,4.0,if not A121 : building society savings agreement/ life insurance,28.0,none,own,4.0,unemployed/ unskilled - non-resident,1.0,"yes, registered under the customers name",yes,0.694
... < 0 DM,26.0,existing credits paid back duly till now,furniture/equipment,4089.0,A61,1 <= ... < 4 years,4.0,male : single,none,4.0,if not A121 : building society savings agreement/ life insurance,75.0,none,own,4.0,skilled employee / official,1.0,none,yes,0.731
... < 0 DM,13.0,no credits taken/ all credits paid back duly,furniture/equipment,276.0,A61,1 <= ... < 4 years,4.0,male : single,none,2.0,if not A121 : building society savings agreement/ life insurance,28.0,none,rent,4.0,skilled employee / official,1.0,"yes, registered under the customers name",yes,0.731
... < 0 DM,12.0,delay in paying off in the past,radio/television,6207.0,A61,4 <= ... < 7 years,4.0,male : divorced/separated,none,2.0,if not A121 : building society savings agreement/ life insurance,28.0,none,for free,2.0,skilled employee / official,1.0,"yes, registered under the customers name",yes,0.715
0 <= ... < 200 DM,11.0,all credits at this bank paid back duly,radio/television,6178.0,A65,... < 1 year,4.0,male : single,none,2.0,if not A121 : building society savings agreement/ life insurance,28.0,none,rent,2.0,unskilled - resident,1.0,"yes, registered under the customers name",yes,0.791
... < 0 DM,12.0,no credits taken/ all credits paid back duly,education,6857.0,A65,1 <= ... < 4 years,4.0,male : single,none,3.0,if not A121 : building society savings agreement/ life insurance,24.0,none,rent,4.0,skilled employee / official,1.0,none,yes,0.763
0 <= ... < 200 DM,12.0,no credits taken/ all credits paid back duly,radio/television,6069.0,A61,1 <= ... < 4 years,4.0,male : single,none,4.0,if not A121 : building society savings agreement/ life insurance,67.0,none,rent,4.0,skilled employee / official,1.0,"yes, registered under the customers name",yes,0.751
... < 0 DM,4.0,existing credits paid back duly till now,furniture/equipment,1835.0,A65,... < 1 year,2.0,female : divorced/separated/married,guarantor,1.0,if not A121 : building society savings agreement/ life insurance,19.0,none,rent,1.0,skilled employee / official,1.0,none,yes,0.759
0 <= ... < 200 DM,15.0,delay in paying off in the past,furniture/equipment,284.0,A61,4 <= ... < 7 years,4.0,male : divorced/separated,guarantor,1.0,if not A121 : building society savings agreement/ life insurance,46.0,none,rent,1.0,skilled employee / official,1.0,none,yes,0.774
... < 0 DM,13.0,existing credits paid back duly till now,education,747.0,A61,... < 1 year,4.0,female : divorced/separated/married,guarantor,1.0,if not A121 : building society savings agreement/ life insurance,41.0,none,rent,1.0,skilled employee / official,1.0,none,yes,0.741
... < 0 DM,15.0,existing credits paid back duly till now,furniture/equipment,1868.0,A61,... < 1 year,4.0,female : divorced/separated/married,guarantor,1.0,if not A121 : building society savings agreement/ life insurance,46.0,none,for free,2.0,unemployed/ unskilled - non-resident,1.0,"yes, registered under the customers name",yes,0.764
... < 0 DM,28.0,existing credits paid back duly till now,furniture/equipment,4925.0,A61,... < 1 year,4.0,female : divorced/separated/married,guarantor,2.0,if not A121 : building society savings agreement/ life insurance,60.0,none,rent,2.0,skilled employee / official,1.0,none,yes,0.757
0 <= ... < 200 DM,28.0,existing credits paid back duly till now,car (new),6966.0,A65,1 <= ... < 4 years,1.0,male : single,none,4.0,"if not A121/A122 : car or other, not in attribute 6",37.0,none,for free,1.0,skilled employee / official,1.0,"yes, registered under the customers name",yes,0.751
0 <= ... < 200 DM,36.0,all credits at this bank paid back duly,car (new),12380.0,A65,1 <= ... < 4 years,1.0,male : single,guarantor,4.0,unknown / no property,37.0,none,for free,1.0,skilled employee / official,1.0,none,yes,0.673
... < 0 DM,36.0,existing credits paid back duly till now,retraining,12435.0,A65,1 <= ... < 4 years,1.0,male : single,none,4.0,unknown / no property,32.0,none,for free,4.0,skilled employee / official,1.0,"yes, registered under the customers name",no,0.727
0 <= ... < 200 DM,36.0,existing credits paid back duly till now,car (new),12389.0,A65,1 <= ... < 4 years,3.0,male : single,none,4.0,unknown / no property,72.0,none,for free,2.0,skilled employee / official,1.0,"yes, registered under the customers name",yes,0.746
0 <= ... < 200 DM,58.0,existing credits paid back duly till now,car (new),13064.0,A65,... < 1 year,1.0,male : divorced/separated,none,4.0,unknown / no property,36.0,none,for free,1.0,skilled employee / official,1.0,"yes, registered under the customers name",yes,0.752
... < 0 DM,15.0,existing credits paid back duly till now,car (new),3855.0,A61,... < 1 year,2.0,male : divorced/separated,none,2.0,if not A121 : building society savings agreement/ life insurance,29.0,none,own,1.0,unskilled - resident,1.0,"yes, registered under the customers name",yes,0.717
... < 0 DM,14.0,existing credits paid back duly till now,car (new),276.0,A61,4 <= ... < 7 years,3.0,female : divorced/separated/married,co-applicant,2.0,if not A121 : building society savings agreement/ life insurance,29.0,none,for free,1.0,skilled employee / official,1.0,"yes, registered under the customers name",yes,0.733
no checking account,15.0,existing credits paid back duly till now,furniture/equipment,4957.0,A64,1 <= ... < 4 years,3.0,male : divorced/separated,none,2.0,if not A121 : building society savings agreement/ life insurance,29.0,none,own,1.0,skilled employee / official,1.0,"yes, registered under the customers name",yes,0.748
... < 0 DM,15.0,all credits at this bank paid back duly,car (new),3762.0,A65,1 <= ... < 4 years,3.0,female : divorced/separated/married,none,4.0,if not A121 : building society savings agreement/ life insurance,48.0,none,own,4.0,skilled employee / official,1.0,"yes, registered under the customers name",yes,0.753
0 <= ... < 200 DM,41.0,existing credits paid back duly till now,car (new),4308.0,A61,1 <= ... < 4 years,3.0,female : divorced/separated/married,none,2.0,if not A121 : building society savings agreement/ life insurance,28.0,none,for free,4.0,skilled employee / official,1.0,"yes, registered under the customers name",yes,0.784
0 <= ... < 200 DM,11.0,all credits at this bank paid back duly,car (new),1340.0,A64,... < 1 year,3.0,male : divorced/separated,none,4.0,"if not A121/A122 : car or other, not in attribute 6",37.0,none,own,2.0,skilled employee / official,1.0,none,yes,0.749
0 <= ... < 200 DM,4.0,delay in paying off in the past,car (new),276.0,A64,1 <= ... < 4 years,4.0,female : divorced/separated/married,none,4.0,"if not A121/A122 : car or other, not in attribute 6",40.0,none,for free,2.0,unemployed/ unskilled - non-resident,1.0,none,yes,0.779
0 <= ... < 200 DM,11.0,critical account/ other credits existing (not at this bank),car (new),1190.0,A65,1 <= ... < 4 years,4.0,female : divorced/separated/married,guarantor,4.0,"if not A121/A122 : car or other, not in attribute 6",40.0,none,own,4.0,skilled employee / official,1.0,none,yes,0.708
0 <= ... < 200 DM,11.0,critical account/ other credits existing (not at this bank),car (new),1297.0,A64,1 <= ... < 4 years,4.0,male : divorced/separated,none,4.0,if not A121 : building society savings agreement/ life insurance,67.0,none,own,2.0,skilled employee / official,1.0,none,yes,0.733
0 <= ... < 200 DM,40.0,critical account/ other credits existing (not at this bank),car (new),1912.0,A64,1 <= ... < 4 years,4.0,female : divorced/separated/married,none,4.0,"if not A121/A122 : car or other, not in attribute 6",41.0,none,rent,4.0,skilled employee / official,1.0,none,yes,0.739
0 <= ... < 200 DM,12.0,existing credits paid back duly till now,car (new),654.0,A65,unemployed,1.0,female : divorced/separated/married,none,2.0,if not A121 : building society savings agreement/ life insurance,24.0,none,rent,2.0,unemployed/ unskilled - non-resident,1.0,none,yes,0.745
0 <= ... < 200 DM,11.0,existing credits paid back duly till now,car (new),7427.0,A63,4 <= ... < 7 years,1.0,female : divorced/separated/married,guarantor,2.0,real estate,24.0,none,for free,1.0,unemployed/ unskilled - non-resident,1.0,none,yes,0.755
0 <= ... < 200 DM,12.0,delay in paying off in the past,retraining,7794.0,A65,... < 1 year,1.0,male : divorced/separated,none,2.0,real estate,21.0,none,rent,1.0,unemployed/ unskilled - non-resident,1.0,none,yes,0.842
0 <= ... < 200 DM,12.0,existing credits paid back duly till now,car (new),7546.0,A65,unemployed,3.0,female : divorced/separated/married,none,2.0,real estate,50.0,none,rent,4.0,unemployed/ unskilled - non-resident,1.0,none,yes,0.699
0 <= ... < 200 DM,25.0,existing credits paid back duly till now,car (new),7494.0,A65,unemployed,1.0,female : divorced/separated/married,none,4.0,if not A121 : building society savings agreement/ life insurance,24.0,none,rent,4.0,unemployed/ unskilled - non-resident,1.0,none,no,0.771
0 <= ... < 200 DM,13.0,critical account/ other credits existing (not at this bank),furniture/equipment,2508.0,A65,1 <= ... < 4 years,2.0,female : divorced/separated/married,none,4.0,if not A121 : building society savings agreement/ life insurance,23.0,none,rent,2.0,skilled employee / official,1.0,none,yes,0.769
... < 0 DM,18.0,all credits at this bank paid back duly,furniture/equipment,438.0,A61,1 <= ... < 4 years,4.0,male : divorced/separated,none,4.0,real estate,22.0,none,rent,2.0,skilled employee / official,1.0,none,yes,0.717
... < 0 DM,19.0,existing credits paid back duly till now,car (new),2134.0,A63,... < 1 year,4.0,female : divorced/separated/married,none,4.0,real estate,23.0,none,rent,4.0,skilled employee / official,1.0,"yes, registered under the customers name",yes,0.766
0 <= ... < 200 DM,23.0,delay in paying off in the past,furniture/equipment,2123.0,A61,1 <= ... < 4 years,4.0,female : divorced/separated/married,none,4.0,real estate,25.0,none,rent,4.0,unemployed/ unskilled - non-resident,1.0,none,no,0.739
... < 0 DM,18.0,critical account/ other credits existing (not at this bank),furniture/equipment,2072.0,A61,1 <= ... < 4 years,4.0,female : divorced/separated/married,none,4.0,real estate,75.0,none,rent,3.0,skilled employee / official,1.0,none,yes,0.696
... < 0 DM,16.0,existing credits paid back duly till now,furniture/equipment,3076.0,A61,... < 1 year,3.0,male : divorced/separated,none,4.0,if not A121 : building society savings agreement/ life insurance,27.0,none,own,1.0,skilled employee / official,1.0,none,yes,0.76
0 <= ... < 200 DM,24.0,delay in paying off in the past,furniture/equipment,4202.0,A61,1 <= ... < 4 years,4.0,male : single,none,4.0,if not A121 : building society savings agreement/ life insurance,28.0,none,rent,1.0,skilled employee / official,1.0,none,no,0.776
... < 0 DM,24.0,existing credits paid back duly till now,education,5720.0,A61,1 <= ... < 4 years,4.0,male : single,co-applicant,4.0,if not A121 : building society savings agreement/ life insurance,19.0,none,for free,1.0,skilled employee / official,1.0,none,yes,0.72
... < 0 DM,24.0,existing credits paid back duly till now,furniture/equipment,3889.0,A61,1 <= ... < 4 years,4.0,male : single,none,4.0,if not A121 : building society savings agreement/ life insurance,28.0,none,own,4.0,unemployed/ unskilled - non-resident,1.0,"yes, registered under the customers name",yes,0.696
... < 0 DM,25.0,existing credits paid back duly till now,furniture/equipment,4252.0,A61,1 <= ... < 4 years,4.0,male : single,none,4.0,if not A121 : building society savings agreement/ life insurance,75.0,none,own,4.0,skilled employee / official,1.0,none,yes,0.73
... < 0 DM,4.0,all credits at this bank paid back duly,car (new),276.0,A65,1 <= ... < 4 years,4.0,male : divorced/separated,none,1.0,unknown / no property,29.0,none,for free,1.0,skilled employee / official,1.0,none,yes,0.742
... < 0 DM,12.0,all credits at this bank paid back duly,education,3347.0,A61,4 <= ... < 7 years,4.0,male : divorced/separated,guarantor,1.0,"if not A121/A122 : car or other, not in attribute 6",29.0,none,for free,1.0,skilled employee / official,1.0,none,yes,0.775
0 <= ... < 200 DM,12.0,all credits at this bank paid back duly,radio/television,2185.0,A61,... < 1 year,4.0,male : divorced/separated,none,4.0,unknown / no property,41.0,none,for free,1.0,skilled employee / official,1.0,none,yes,0.746
... < 0 DM,12.0,all credits at this bank paid back duly,radio/television,2221.0,A61,1 <= ... < 4 years,4.0,male : divorced/separated,none,1.0,if not A121 : building society savings agreement/ life insurance,22.0,none,for free,4.0,unemployed/ unskilled - non-resident,1.0,"yes, registered under the customers name",yes,0.735
... < 0 DM,42.0,all credits at this bank paid back duly,furniture/equipment,2171.0,A61,1 <= ... < 4 years,4.0,male : divorced/separated,none,1.0,unknown / no property,30.0,none,for free,4.0,skilled employee / official,1.0,none,yes,0.684
... < 0 DM,6.0,existing credits paid back duly till now,furniture/equipment,1839.0,A65,... < 1 year,2.0,female : divorced/separated/married,guarantor,1.0,if not A121 : building society savings agreement/ life insurance,23.0,none,rent,1.0,skilled employee / official,1.0,none,yes,0.762
0 <= ... < 200 DM,15.0,all credits at this bank paid back duly,furniture/equipment,276.0,A61,... < 1 year,4.0,male : divorced/separated,guarantor,1.0,if not A121 : building society savings agreement/ life insurance,46.0,none,rent,1.0,skilled employee / official,1.0,none,yes,0.815
... < 0 DM,15.0,existing credits paid back duly till now,education,1923.0,A61,... < 1 year,4.0,male : married/widowed,co-applicant,1.0,if not A121 : building society savings agreement/ life insurance,46.0,none,rent,1.0,skilled employee / official,1.0,none,yes,0.759
... < 0 DM,16.0,existing credits paid back duly till now,furniture/equipment,1765.0,A61,... < 1 year,4.0,female : divorced/separated/married,guarantor,1.0,if not A121 : building society savings agreement/ life insurance,46.0,none,for free,1.0,unemployed/ unskilled - non-resident,1.0,"yes, registered under the customers name",yes,0.748
... < 0 DM,27.0,existing credits paid back duly till now,furniture/equipment,4814.0,A61,... < 1 year,4.0,female : divorced/separated/married,guarantor,2.0,if not A121 : building society savings agreement/ life insurance,60.0,none,rent,2.0,skilled employee / official,1.0,none,yes,0.758
no checking account,6.0,existing credits paid back duly till now,car (new),2283.0,A65,... < 1 year,3.0,male : divorced/separated,none,1.0,if not A121 : building society savings agreement/ life insurance,30.0,none,own,1.0,skilled employee / official,1.0,none,yes,0.773
... < 0 DM,24.0,existing credits paid back duly till now,car (new),291.0,A65,... < 1 year,4.0,male : single,guarantor,1.0,if not A121 : building society savings agreement/ life insurance,54.0,none,rent,1.0,skilled employee / official,1.0,none,yes,0.793
no checking account,28.0,existing credits paid back duly till now,furniture/equipment,1187.0,A65,... < 1 year,4.0,male : single,none,1.0,if not A121 : building society savings agreement/ life insurance,50.0,none,own,1.0,skilled employee / official,1.0,none,yes,0.732
no checking account,24.0,existing credits paid back duly till now,car (new),2373.0,A65,... < 1 year,4.0,male : single,none,1.0,"if not A121/A122 : car or other, not in attribute 6",54.0,none,own,4.0,unemployed/ unskilled - non-resident,1.0,"yes, registered under the customers name",yes,0.748
no checking account,36.0,existing credits paid back duly till now,car (new),4697.0,A65,... < 1 year,4.0,male : single,none,2.0,if not A121 : building society savings agreement/ life insurance,75.0,none,own,1.0,skilled employee / official,1.0,none,yes,0.731
0 <= ... < 200 DM,15.0,existing credits paid back duly till now,radio/television,3033.0,A65,1 <= ... < 4 years,3.0,male : single,guarantor,4.0,if not A121 : building society savings agreement/ life insurance,21.0,none,rent,3.0,skilled employee / official,1.0,none,yes,0.778
0 <= ... < 200 DM,45.0,existing credits paid back duly till now,furniture/equipment,294.0,A62,1 <= ... < 4 years,4.0,male : divorced/separated,guarantor,4.0,if not A121 : building society savings agreement/ life insurance,21.0,none,for free,1.0,skilled employee / official,1.0,none,yes,0.763
0 <= ... < 200 DM,46.0,all credits at this bank paid back duly,radio/television,3513.0,A65,... < 1 year,4.0,male : single,guarantor,4.0,if not A121 : building society savings agreement/ life insurance,20.0,none,rent,1.0,skilled employee / official,1.0,none,yes,0.788
0 <= ... < 200 DM,45.0,existing credits paid back duly till now,radio/television,3105.0,A62,1 <= ... < 4 years,4.0,male : single,none,4.0,if not A121 : building society savings agreement/ life insurance,21.0,none,rent,4.0,unemployed/ unskilled - non-resident,1.0,none,no,0.661
0 <= ... < 200 DM,45.0,existing credits paid back duly till now,education,3124.0,A62,1 <= ... < 4 years,4.0,male : single,guarantor,4.0,if not A121 : building society savings agreement/ life insurance,61.0,none,rent,1.0,skilled employee / official,1.0,none,yes,0.739
0 <= ... < 200 DM,12.0,existing credits paid back duly till now,furniture/equipment,1193.0,A65,... < 1 year,4.0,male : divorced/separated,guarantor,1.0,if not A121 : building society savings agreement/ life insurance,22.0,none,own,1.0,unskilled - resident,1.0,none,yes,0.756
... < 0 DM,6.0,delay in paying off in the past,education,1271.0,A61,4 <= ... < 7 years,4.0,male : single,guarantor,1.0,if not A121 : building society savings agreement/ life insurance,21.0,none,for free,1.0,unskilled - resident,1.0,none,yes,0.782
... < 0 DM,35.0,existing credits paid back duly till now,furniture/equipment,276.0,A61,1 <= ... < 4 years,4.0,male : single,guarantor,1.0,if not A121 : building society savings agreement/ life insurance,21.0,none,rent,4.0,unskilled - resident,1.0,none,yes,0.727
... < 0 DM,12.0,existing credits paid back duly till now,furniture/equipment,2188.0,A61,1 <= ... < 4 years,4.0,male : single,guarantor,1.0,if not A121 : building society savings agreement/ life insurance,19.0,none,for free,3.0,skilled employee / official,1.0,"yes, registered under the customers name",yes,0.732
... < 0 DM,12.0,existing credits paid back duly till now,furniture/equipment,1268.0,A61,1 <= ... < 4 years,4.0,male : divorced/separated,guarantor,4.0,if not A121 : building society savings agreement/ life insurance,50.0,none,own,4.0,unskilled - resident,1.0,none,yes,0.733
... < 0 DM,24.0,existing credits paid back duly till now,business,1632.0,A61,... < 1 year,2.0,female : divorced/separated/married,none,4.0,if not A121 : building society savings agreement/ life insurance,24.0,none,rent,1.0,skilled employee / official,1.0,none,yes,0.74
... < 0 DM,48.0,existing credits paid back duly till now,business,4322.0,A61,... < 1 year,3.0,female : divorced/separated/married,guarantor,4.0,if not A121 : building society savings agreement/ life insurance,19.0,none,for free,1.0,skilled employee / official,1.0,none,no,0.71
0 <= ... < 200 DM,48.0,all credits at this bank paid back duly,furniture/equipment,4168.0,A63,... < 1 year,3.0,male : divorced/separated,none,4.0,if not A121 : building society savings agreement/ life insurance,24.0,none,rent,1.0,skilled employee / official,1.0,none,yes,0.797
... < 0 DM,48.0,existing credits paid back duly till now,business,4326.0,A61,... < 1 year,3.0,female : divorced/separated/married,none,4.0,if not A121 : building society savings agreement/ life insurance,23.0,none,rent,3.0,unemployed/ unskilled - non-resident,1.0,"yes, registered under the customers name",yes,0.763
... < 0 DM,50.0,existing credits paid back duly till now,business,8015.0,A61,... < 1 year,4.0,female : divorced/separated/married,none,4.0,if not A121 : building society savings agreement/ life insurance,46.0,none,rent,3.0,skilled employee / official,1.0,none,yes,0.765
... < 0 DM,12.0,existing credits paid back duly till now,furniture/equipment,1294.0,A65,.. >= 7 years,1.0,male : divorced/separated,none,2.0,if not A121 : building society savings agreement/ life insurance,24.0,none,own,1.0,unskilled - resident,1.0,"yes, registered under the customers name",yes,0.699
0 <= ... < 200 DM,4.0,all credits at this bank paid back duly,furniture/equipment,1201.0,A65,.. >= 7 years,2.0,male : divorced/separated,none,4.0,if not A121 : building society savings agreement/ life insurance,49.0,none,own,1.0,unskilled - resident,1.0,"yes, registered under the customers name",no,0.765
... < 0 DM,12.0,existing credits paid back duly till now,car (new),276.0,A65,.. >= 7 years,2.0,male : divorced/separated,guarantor,4.0,if not A121 : building society savings agreement/ life insurance,49.0,none,for free,1.0,unskilled - resident,1.0,"yes, registered under the customers name",yes,0.801
... < 0 DM,12.0,no credits taken/ all credits paid back duly,furniture/equipment,1363.0,A64,.. >= 7 years,2.0,male : divorced/separated,none,4.0,if not A121 : building society savings agreement/ life insurance,49.0,none,own,2.0,unskilled - resident,1.0,none,yes,0.718
... < 0 DM,24.0,existing credits paid back duly till now,furniture/equipment,3744.0,A65,.. >= 7 years,3.0,male : divorced/separated,none,4.0,if not A121 : building society savings agreement/ life insurance,66.0,none,own,3.0,unskilled - resident,1.0,"yes, registered under the customers name",yes,0.758
... < 0 DM,18.0,existing credits paid back duly till now,furniture/equipment,474.0,A65,.. >= 7 years,1.0,male : single,none,4.0,if not A121 : building society savings agreement/ life insurance,50.0,none,for free,1.0,skilled employee / official,2.0,"yes, registered under the customers name",yes,0.73
... < 0 DM,24.0,delay in paying off in the past,car (new),7495.0,A65,.. >= 7 years,1.0,male : single,none,4.0,if not A121 : building society savings agreement/ life insurance,51.0,none,for free,1.0,skilled employee / official,1.0,"yes, registered under the customers name",yes,0.769
... < 0 DM,18.0,existing credits paid back duly till now,education,7544.0,A65,.. >= 7 years,1.0,male : single,none,4.0,if not A121 : building society savings agreement/ life insurance,51.0,none,rent,4.0,skilled employee / official,2.0,"yes, registered under the customers name",no,0.732
0 <= ... < 200 DM,15.0,existing credits paid back duly till now,car (used),7614.0,A65,.. >= 7 years,1.0,male : single,none,4.0,if not A121 : building society savings agreement/ life insurance,47.0,none,for free,1.0,unemployed/ unskilled - non-resident,1.0,none,yes,0.699
... < 0 DM,18.0,existing credits paid back duly till now,car (used),7760.0,A65,... < 1 year,3.0,male : single,none,4.0,if not A121 : building society savings agreement/ life insurance,72.0,none,for free,2.0,skilled employee / official,1.0,"yes, registered under the customers name",yes,0.773
... < 0 DM,18.0,existing credits paid back duly till now,furniture/equipment,1584.0,A65,.. >= 7 years,1.0,male : single,none,4.0,if not A121 : building society savings agreement/ life insurance,51.0,none,for free,1.0,skilled employee / official,2.0,"yes, registered under the customers name",yes,0.725
... < 0 DM,4.0,delay in paying off in the past,car (new),7601.0,A65,.. >= 7 years,1.0,male : single,none,4.0,if not A121 : building society savings agreement/ life insurance,51.0,none,for free,1.0,skilled employee / official,1.0,"yes, registered under the customers name",yes,0.772
... < 0 DM,18.0,existing credits paid back duly till now,education,7499.0,A65,.. >= 7 years,1.0,male : divorced/separated,none,4.0,if not A121 : building society savings agreement/ life insurance,45.0,none,rent,4.0,skilled employee / official,2.0,"yes, registered under the customers name",yes,0.78
0 <= ... < 200 DM,20.0,existing credits paid back duly till now,car (used),8232.0,A65,.. >= 7 years,1.0,male : single,none,4.0,if not A121 : building society savings agreement/ life insurance,51.0,none,for free,1.0,unemployed/ unskilled - non-resident,1.0,none,yes,0.694
... < 0 DM,18.0,existing credits paid back duly till now,car (used),7478.0,A65,... < 1 year,3.0,male : single,none,4.0,if not A121 : building society savings agreement/ life insurance,74.0,none,for free,2.0,skilled employee / official,1.0,"yes, registered under the customers name",yes,0.777
... < 0 DM,7.0,existing credits paid back duly till now,car (new),1267.0,A61,... < 1 year,2.0,female : divorced/separated/married,none,1.0,"if not A121/A122 : car or other, not in attribute 6",23.0,none,rent,1.0,skilled employee / official,1.0,"yes, registered under the customers name",yes,0.678
... < 0 DM,18.0,existing credits paid back duly till now,car (new),1101.0,A61,... < 1 year,4.0,female : divorced/separated/married,co-applicant,3.0,"if not A121/A122 : car or other, not in attribute 6",23.0,none,for free,1.0,unskilled - resident,1.0,"yes, registered under the customers name",yes,0.725
... < 0 DM,18.0,delay in paying off in the past,business,289.0,A61,4 <= ... < 7 years,4.0,female : divorced/separated/married,none,3.0,"if not A121/A122 : car or other, not in attribute 6",19.0,none,rent,4.0,skilled employee / official,1.0,"yes, registered under the customers name",yes,0.753
... < 0 DM,18.0,existing credits paid back duly till now,car (new),1277.0,A65,... < 1 year,4.0,female : divorced/separated/married,none,3.0,"if not A121/A122 : car or other, not in attribute 6",23.0,none,rent,1.0,skilled employee / official,1.0,none,yes,0.739
... < 0 DM,33.0,existing credits paid back duly till now,car (new),3107.0,A61,... < 1 year,4.0,female : divorced/separated/married,none,4.0,"if not A121/A122 : car or other, not in attribute 6",45.0,none,rent,1.0,skilled employee / official,1.0,"yes, registered under the customers name",yes,0.74
... < 0 DM,11.0,no credits taken/ all credits paid back duly,furniture/equipment,276.0,A61,1 <= ... < 4 years,4.0,male : single,none,2.0,if not A121 : building society savings agreement/ life insurance,30.0,none,rent,4.0,skilled employee / official,1.0,"yes, registered under the customers name",yes,0.734
... < 0 DM,12.0,delay in paying off in the past,radio/television,6310.0,A61,4 <= ... < 7 years,4.0,male : divorced/separated,none,2.0,if not A121 : building society savings agreement/ life insurance,28.0,none,for free,2.0,skilled employee / official,1.0,"yes, registered under the customers name",yes,0.715
0 <= ... < 200 DM,12.0,all credits at this bank paid back duly,radio/television,6258.0,A65,... < 1 year,4.0,male : single,none,2.0,if not A121 : building society savings agreement/ life insurance,28.0,none,rent,2.0,unskilled - resident,1.0,"yes, registered under the customers name",yes,0.79
... < 0 DM,14.0,no credits taken/ all credits paid back duly,education,6969.0,A61,1 <= ... < 4 years,4.0,male : single,none,3.0,if not A121 : building society savings agreement/ life insurance,23.0,none,rent,4.0,skilled employee / official,1.0,none,yes,0.706
0 <= ... < 200 DM,12.0,no credits taken/ all credits paid back duly,radio/television,5828.0,A61,1 <= ... < 4 years,4.0,male : single,none,4.0,if not A121 : building society savings agreement/ life insurance,66.0,none,rent,4.0,skilled employee / official,1.0,"yes, registered under the customers name",yes,0.752
... < 0 DM,4.0,existing credits paid back duly till now,car (new),952.0,A61,... < 1 year,1.0,male : divorced/separated,none,2.0,if not A121 : building society savings agreement/ life insurance,19.0,none,own,1.0,unskilled - resident,1.0,none,yes,0.735
0 <= ... < 200 DM,17.0,delay in paying off in the past,car (new),948.0,A61,... < 1 year,1.0,female : divorced/separated/married,none,4.0,"if not A121/A122 : car or other, not in attribute 6",23.0,none,own,1.0,unskilled - resident,1.0,"yes, registered under the customers name",yes,0.698
... < 0 DM,24.0,existing credits paid back duly till now,furniture/equipment,276.0,A64,... < 1 year,1.0,female : divorced/separated/married,none,2.0,"if not A121/A122 : car or other, not in attribute 6",23.0,none,for free,1.0,unskilled - resident,1.0,none,yes,0.682
... < 0 DM,18.0,existing credits paid back duly till now,car (new),2471.0,A61,... < 1 year,1.0,female : divorced/separated/married,guarantor,2.0,"if not A121/A122 : car or other, not in attribute 6",23.0,none,for free,4.0,skilled employee / official,1.0,none,yes,0.763
... < 0 DM,18.0,existing credits paid back duly till now,car (new),855.0,A61,... < 1 year,1.0,female : divorced/separated/married,none,2.0,"if not A121/A122 : car or other, not in attribute 6",65.0,none,rent,3.0,unskilled - resident,1.0,none,yes,0.765
... < 0 DM,12.0,no credits taken/ all credits paid back duly,furniture/equipment,276.0,A61,1 <= ... < 4 years,4.0,male : single,none,2.0,if not A121 : building society savings agreement/ life insurance,30.0,none,rent,4.0,skilled employee / official,1.0,"yes, registered under the customers name",yes,0.734
... < 0 DM,12.0,delay in paying off in the past,radio/television,6145.0,A61,4 <= ... < 7 years,4.0,male : divorced/separated,none,2.0,if not A121 : building society savings agreement/ life insurance,29.0,none,for free,2.0,skilled employee / official,1.0,"yes, registered under the customers name",yes,0.717
0 <= ... < 200 DM,9.0,all credits at this bank paid back duly,radio/television,6198.0,A65,... < 1 year,4.0,male : single,none,2.0,if not A121 : building society savings agreement/ life insurance,28.0,none,rent,2.0,skilled employee / official,1.0,"yes, registered under the customers name",yes,0.79
... < 0 DM,17.0,no credits taken/ all credits paid back duly,education,7062.0,A61,1 <= ... < 4 years,4.0,male : single,none,3.0,if not A121 : building society savings agreement/ life insurance,26.0,none,rent,4.0,skilled employee / official,1.0,none,yes,0.71
0 <= ... < 200 DM,12.0,no credits taken/ all credits paid back duly,radio/television,6103.0,A61,1 <= ... < 4 years,4.0,male : single,none,4.0,if not A121 : building society savings agreement/ life insurance,66.0,none,rent,4.0,skilled employee / official,1.0,"yes, registered under the customers name",yes,0.75
... < 0 DM,27.0,existing credits paid back duly till now,radio/television,1941.0,A61,1 <= ... < 4 years,4.0,male : divorced/separated,none,4.0,if not A121 : building society savings agreement/ life insurance,23.0,none,for free,1.0,skilled employee / official,1.0,"yes, registered under the customers name",yes,0.705
... < 0 DM,45.0,all credits at this bank paid back duly,car (new),405.0,A61,4 <= ... < 7 years,4.0,male : single,guarantor,4.0,unknown / no property,23.0,none,for free,1.0,skilled employee / official,1.0,"yes, registered under the customers name",yes,0.731
... < 0 DM,45.0,existing credits paid back duly till now,furniture/equipment,1828.0,A61,1 <= ... < 4 years,4.0,male : single,none,4.0,"if not A121/A122 : car or other, not in attribute 6",19.0,none,for free,2.0,skilled employee / official,1.0,none,yes,0.741
0 <= ... < 200 DM,49.0,existing credits paid back duly till now,retraining,2308.0,A61,1 <= ... < 4 years,4.0,male : single,none,4.0,unknown / no property,23.0,none,for free,4.0,unemployed/ unskilled - non-resident,1.0,"yes, registered under the customers name",yes,0.773
... < 0 DM,45.0,existing credits paid back duly till now,radio/television,1808.0,A65,... < 1 year,4.0,male : single,none,4.0,unknown / no property,56.0,none,for free,2.0,skilled employee / official,1.0,"yes, registered under the customers name",yes,0.737
no checking account,6.0,existing credits paid back duly till now,car (new),2431.0,A65,... < 1 year,3.0,male : divorced/separated,none,1.0,if not A121 : building society savings agreement/ life insurance,30.0,none,own,1.0,skilled employee / official,1.0,none,yes,0.773
... < 0 DM,24.0,existing credits paid back duly till now,car (new),333.0,A65,... < 1 year,4.0,male : single,guarantor,1.0,if not A121 : building society savings agreement/ life insurance,54.0,none,rent,1.0,skilled employee / official,1.0,none,yes,0.793
no checking account,28.0,existing credits paid back duly till now,furniture/equipment,1201.0,A65,... < 1 year,4.0,male : single,none,1.0,if not A121 : building society savings agreement/ life insurance,50.0,none,own,1.0,skilled employee / official,1.0,none,yes,0.732
no checking account,24.0,existing credits paid back duly till now,car (new),2336.0,A65,... < 1 year,4.0,male : single,none,1.0,"if not A121/A122 : car or other, not in attribute 6",54.0,none,own,4.0,unemployed/ unskilled - non-resident,1.0,"yes, registered under the customers name",yes,0.749
no checking account,36.0,existing credits paid back duly till now,car (new),4691.0,A65,... < 1 year,4.0,male : single,none,2.0,if not A121 : building society savings agreement/ life insurance,75.0,none,own,1.0,skilled employee / official,1.0,none,yes,0.731
... < 0 DM,15.0,existing credits paid back duly till now,car (new),3983.0,A61,... < 1 year,2.0,male : divorced/separated,none,2.0,if not A121 : building society savings agreement/ life insurance,26.0,none,own,1.0,unskilled - resident,1.0,"yes, registered under the customers name",yes,0.715
... < 0 DM,11.0,existing credits paid back duly till now,car (new),342.0,A61,4 <= ... < 7 years,3.0,female : divorced/separated/married,none,2.0,if not A121 : building society savings agreement/ life insurance,29.0,none,for free,1.0,skilled employee / official,1.0,"yes, registered under the customers name",yes,0.729
no checking account,15.0,existing credits paid back duly till now,furniture/equipment,3942.0,A64,1 <= ... < 4 years,3.0,female : divorced/separated/married,none,2.0,if not A121 : building society savings agreement/ life insurance,29.0,none,own,2.0,skilled employee / official,1.0,"yes, registered under the customers name",yes,0.691
... < 0 DM,15.0,all credits at this bank paid back duly,car (new),3768.0,A61,1 <= ... < 4 years,3.0,female : divorced/separated/married,none,4.0,if not A121 : building society savings agreement/ life insurance,54.0,none,own,4.0,skilled employee / official,1.0,"yes, registered under the customers name",yes,0.714
... < 0 DM,43.0,existing credits paid back duly till now,car (new),4732.0,A61,1 <= ... < 4 years,3.0,female : divorced/separated/married,none,2.0,if not A121 : building society savings agreement/ life insurance,28.0,none,for free,4.0,skilled employee / official,1.0,"yes, registered under the customers name",yes,0.731
... < 0 DM,18.0,existing credits paid back duly till now,retraining,1906.0,A65,... < 1 year,1.0,male : married/widowed,none,3.0,"if not A121/A122 : car or other, not in attribute 6",24.0,none,for free,3.0,unskilled - resident,1.0,none,yes,0.81
... < 0 DM,4.0,existing credits paid back duly till now,radio/television,276.0,A65,4 <= ... < 7 years,2.0,male : married/widowed,none,4.0,"if not A121/A122 : car or other, not in attribute 6",23.0,none,rent,2.0,skilled employee / official,1.0,none,yes,0.723
... < 0 DM,18.0,delay in paying off in the past,education,2094.0,A65,4 <= ... < 7 years,2.0,male : married/widowed,none,4.0,"if not A121/A122 : car or other, not in attribute 6",23.0,none,rent,1.0,unskilled - resident,1.0,none,no,0.753
... < 0 DM,18.0,existing credits paid back duly till now,radio/television,1850.0,A65,4 <= ... < 7 years,4.0,male : married/widowed,none,4.0,if not A121 : building society savings agreement/ life insurance,47.0,none,rent,3.0,unskilled - resident,1.0,none,yes,0.74
... < 0 DM,31.0,existing credits paid back duly till now,radio/television,5266.0,A65,4 <= ... < 7 years,2.0,male : divorced/separated,none,4.0,"if not A121/A122 : car or other, not in attribute 6",22.0,none,rent,4.0,unskilled - resident,1.0,none,yes,0.752
0 <= ... < 200 DM,4.0,existing credits paid back duly till now,furniture/equipment,3929.0,A65,... < 1 year,2.0,male : divorced/separated,none,3.0,"if not A121/A122 : car or other, not in attribute 6",31.0,none,own,1.0,skilled employee / official,1.0,"yes, registered under the customers name",yes,0.738
0 <= ... < 200 DM,21.0,existing credits paid back duly till now,furniture/equipment,276.0,A65,4 <= ... < 7 years,2.0,male : single,guarantor,3.0,"if not A121/A122 : car or other, not in attribute 6",36.0,none,own,2.0,skilled employee / official,1.0,"yes, registered under the customers name",no,0.706
0 <= ... < 200 DM,21.0,delay in paying off in the past,retraining,4029.0,A65,4 <= ... < 7 years,2.0,male : single,none,3.0,"if not A121/A122 : car or other, not in attribute 6",35.0,none,for free,1.0,unskilled - resident,1.0,"yes, registered under the customers name",yes,0.802
0 <= ... < 200 DM,21.0,existing credits paid back duly till now,furniture/equipment,4043.0,A65,4 <= ... < 7 years,4.0,male : single,none,4.0,if not A121 : building society savings agreement/ life insurance,61.0,none,own,1.0,skilled employee / official,1.0,"yes, registered under the customers name",yes,0.749
0 <= ... < 200 DM,39.0,existing credits paid back duly till now,furniture/equipment,7305.0,A65,4 <= ... < 7 years,2.0,male : single,none,3.0,"if not A121/A122 : car or other, not in attribute 6",35.0,none,own,4.0,skilled employee / official,1.0,"yes, registered under the customers name",yes,0.666
0 <= ... < 200 DM,6.0,existing credits paid back duly till now,radio/television,1463.0,A61,4 <= ... < 7 years,1.0,male : divorced/separated,none,2.0,"if not A121/A122 : car or other, not in attribute 6",23.0,none,rent,2.0,skilled employee / official,1.0,"yes, registered under the customers name",yes,0.71
... < 0 DM,5.0,critical account/ other credits existing (not at this bank),retraining,349.0,A61,4 <= ... < 7 years,1.0,male : single,none,2.0,"if not A121/A122 : car or other, not in attribute 6",24.0,none,rent,4.0,skilled employee / official,1.0,none,yes,0.757
no checking account,6.0,all credits at this bank paid back duly,radio/television,1625.0,A65,... < 1 year,1.0,female : divorced/separated/married,none,2.0,"if not A121/A122 : car or other, not in attribute 6",25.0,none,rent,2.0,skilled employee / official,1.0,"yes, registered under the customers name",yes,0.7
no checking account,6.0,existing credits paid back duly till now,radio/television,1594.0,A61,4 <= ... < 7 years,3.0,female : divorced/separated/married,none,2.0,if not A121 : building society savings agreement/ life insurance,49.0,none,rent,4.0,skilled employee / official,1.0,"yes, registered under the customers name",yes,0.741
no checking account,22.0,critical account/ other credits existing (not at this bank),car (new),1917.0,A61,4 <= ... < 7 years,1.0,female : divorced/separated/married,none,4.0,"if not A121/A122 : car or other, not in attribute 6",24.0,none,rent,3.0,skilled employee / official,1.0,"yes, registered under the customers name",yes,0.674
0 <= ... < 200 DM,11.0,critical account/ other credits existing (not at this bank),furniture/equipment,276.0,A64,.. >= 7 years,2.0,female : divorced/separated/married,none,4.0,if not A121 : building society savings agreement/ life insurance,37.0,none,own,1.0,skilled employee / official,1.0,"yes, registered under the customers name",yes,0.665
0 <= ... < 200 DM,19.0,all credits at this bank paid back duly,furniture/equipment,5348.0,A63,.. >= 7 years,3.0,male : divorced/separated,none,4.0,if not A121 : building society savings agreement/ life insurance,34.0,none,own,4.0,skilled employee / official,1.0,"yes, registered under the customers name",yes,0.767
0 <= ... < 200 DM,18.0,critical account/ other credits existing (not at this bank),furniture/equipment,3628.0,A61,.. >= 7 years,3.0,female : divorced/separated/married,guarantor,4.0,if not A121 : building society savings agreement/ life insurance,37.0,none,for free,1.0,skilled employee / official,1.0,none,yes,0.697
no checking account,18.0,existing credits paid back duly till now,car (new),3618.0,A61,... < 1 year,3.0,female : divorced/separated/married,none,4.0,if not A121 : building society savings agreement/ life insurance,37.0,none,own,1.0,skilled employee / official,1.0,"yes, registered under the customers name",yes,0.733
0 <= ... < 200 DM,24.0,critical account/ other credits existing (not at this bank),furniture/equipment,3608.0,A61,.. >= 7 years,3.0,female : divorced/separated/married,none,4.0,if not A121 : building society savings agreement/ life insurance,66.0,none,rent,3.0,skilled employee / official,1.0,"yes, registered under the customers name",yes,0.765
no checking account,4.0,existing credits paid back duly till now,furniture/equipment,2888.0,A63,.. >= 7 years,4.0,male : divorced/separated,none,3.0,unknown / no property,32.0,none,rent,1.0,skilled employee / official,1.0,"yes, registered under the customers name",yes,0.702
... < 0 DM,24.0,existing credits paid back duly till now,furniture/equipment,543.0,A63,4 <= ... < 7 years,4.0,male : single,guarantor,3.0,unknown / no property,32.0,none,rent,1.0,skilled employee / official,1.0,"yes, registered under the customers name",yes,0.719
no checking account,31.0,existing credits paid back duly till now,retraining,4379.0,A63,.. >= 7 years,4.0,male : single,none,3.0,if not A121 : building society savings agreement/ life insurance,29.0,none,rent,1.0,skilled employee / official,1.0,"yes, registered under the customers name",yes,0.714
no checking account,24.0,existing credits paid back duly till now,furniture/equipment,3053.0,A65,.. >= 7 years,4.0,male : single,none,4.0,unknown / no property,32.0,none,rent,4.0,skilled employee / official,1.0,"yes, registered under the customers name",no,0.725
no checking account,24.0,existing credits paid back duly till now,furniture/equipment,3020.0,A63,.. >= 7 years,4.0,male : single,none,3.0,unknown / no property,73.0,none,for free,3.0,skilled employee / official,1.0,"yes, registered under the customers name",yes,0.722
0 <= ... < 200 DM,8.0,existing credits paid back duly till now,furniture/equipment,1093.0,A61,... < 1 year,2.0,male : divorced/separated,none,2.0,if not A121 : building society savings agreement/ life insurance,24.0,none,own,1.0,skilled employee / official,1.0,none,yes,0.738
0 <= ... < 200 DM,4.0,delay in paying off in the past,car (new),1318.0,A61,1 <= ... < 4 years,3.0,female : divorced/separated/married,none,4.0,real estate,24.0,none,for free,1.0,skilled employee / official,1.0,none,yes,0.734
0 <= ... < 200 DM,14.0,existing credits paid back duly till now,furniture/equipment,276.0,A65,1 <= ... < 4 years,3.0,female : divorced/separated/married,none,4.0,real estate,19.0,none,rent,1.0,skilled employee / official,1.0,none,yes,0.733
0 <= ... < 200 DM,8.0,existing credits paid back duly till now,furniture/equipment,3456.0,A61,1 <= ... < 4 years,4.0,female : divorced/separated/married,none,4.0,real estate,24.0,none,for free,4.0,unemployed/ unskilled - non-resident,1.0,none,yes,0.735
0 <= ... < 200 DM,8.0,existing credits paid back duly till now,furniture/equipment,1177.0,A61,1 <= ... < 4 years,3.0,female : divorced/separated/married,none,4.0,if not A121 : building society savings agreement/ life insurance,64.0,none,own,3.0,skilled employee / official,1.0,none,yes,0.725
... < 0 DM,4.0,critical account/ other credits existing (not at this bank),car (new),1168.0,A65,... < 1 year,4.0,male : single,none,4.0,"if not A121/A122 : car or other, not in attribute 6",60.0,none,own,2.0,unskilled - resident,1.0,none,yes,0.724
0 <= ... < 200 DM,24.0,critical account/ other credits existing (not at this bank),car (new),1163.0,A63,.. >= 7 years,4.0,male : single,none,4.0,if not A121 : building society savings agreement/ life insurance,60.0,none,own,2.0,skilled employee / official,1.0,none,yes,0.706
... < 0 DM,24.0,delay in paying off in the past,retraining,276.0,A61,... < 1 year,4.0,male : single,none,4.0,"if not A121/A122 : car or other, not in attribute 6",56.0,none,own,4.0,unskilled - resident,1.0,none,yes,0.777
... < 0 DM,24.0,critical account/ other credits existing (not at this bank),car (new),1204.0,A61,.. >= 7 years,4.0,male : single,none,4.0,"if not A121/A122 : car or other, not in attribute 6",75.0,none,for free,3.0,unskilled - resident,1.0,"yes, registered under the customers name",no,0.737
... < 0 DM,47.0,critical account/ other credits existing (not at this bank),car (new),1676.0,A61,.. >= 7 years,4.0,male : divorced/separated,none,4.0,"if not A121/A122 : car or other, not in attribute 6",60.0,none,rent,4.0,unskilled - resident,1.0,none,yes,0.776
... < 0 DM,16.0,existing credits paid back duly till now,furniture/equipment,3169.0,A61,... < 1 year,3.0,male : divorced/separated,none,4.0,if not A121 : building society savings agreement/ life insurance,28.0,none,own,1.0,skilled employee / official,1.0,none,yes,0.76
0 <= ... < 200 DM,24.0,delay in paying off in the past,furniture/equipment,4176.0,A61,1 <= ... < 4 years,4.0,male : single,none,4.0,if not A121 : building society savings agreement/ life insurance,28.0,none,rent,1.0,skilled employee / official,1.0,none,no,0.776
... < 0 DM,24.0,existing credits paid back duly till now,education,5785.0,A61,1 <= ... < 4 years,4.0,male : single,co-applicant,4.0,if not A121 : building society savings agreement/ life insurance,19.0,none,for free,1.0,skilled employee / official,1.0,none,yes,0.72
... < 0 DM,24.0,existing credits paid back duly till now,furniture/equipment,4163.0,A61,1 <= ... < 4 years,4.0,male : single,none,4.0,if not A121 : building society savings agreement/ life insurance,28.0,none,own,4.0,unemployed/ unskilled - non-resident,1.0,"yes, registered under the customers name",yes,0.694
... < 0 DM,26.0,existing credits paid back duly till now,furniture/equipment,4077.0,A61,1 <= ... < 4 years,4.0,male : single,none,4.0,if not A121 : building society savings agreement/ life insurance,75.0,none,own,4.0,skilled employee / official,1.0,none,yes,0.731
0 <= ... < 200 DM,11.0,critical account/ other credits existing (not at this bank),furniture/equipment,276.0,A64,.. >= 7 years,2.0,male : divorced/separated,none,4.0,if not A121 : building society savings agreement/ life insurance,36.0,none,own,1.0,skilled employee / official,1.0,"yes, registered under the customers name",yes,0.731
0 <= ... < 200 DM,18.0,all credits at this bank paid back duly,furniture/equipment,6137.0,A63,.. >= 7 years,3.0,male : divorced/separated,none,4.0,if not A121 : building society savings agreement/ life insurance,38.0,none,own,4.0,skilled employee / official,1.0,"yes, registered under the customers name",yes,0.767
0 <= ... < 200 DM,18.0,critical account/ other credits existing (not at this bank),retraining,3653.0,A61,.. >= 7 years,3.0,female : divorced/separated/married,guarantor,4.0,if not A121 : building society savings agreement/ life insurance,37.0,none,for free,1.0,skilled employee / official,1.0,none,yes,0.718
no checking account,18.0,existing credits paid back duly till now,car (new),3629.0,A61,... < 1 year,3.0,female : divorced/separated/married,none,4.0,if not A121 : building society savings agreement/ life insurance,37.0,none,own,1.0,skilled employee / official,1.0,"yes, registered under the customers name",yes,0.733
0 <= ... < 200 DM,25.0,critical account/ other credits existing (not at this bank),furniture/equipment,3159.0,A61,.. >= 7 years,4.0,female : divorced/separated/married,none,4.0,if not A121 : building society savings agreement/ life insurance,68.0,none,rent,3.0,skilled employee / official,1.0,"yes, registered under the customers name",yes,0.771
no checking account,10.0,existing credits paid back duly till now,car (new),1402.0,A65,.. >= 7 years,4.0,male : divorced/separated,co-applicant,2.0,if not A121 : building society savings agreement/ life insurance,39.0,none,own,1.0,skilled employee / official,1.0,"yes, registered under the customers name",no,0.733
no checking account,5.0,delay in paying off in the past,car (new),1351.0,A65,4 <= ... < 7 years,4.0,male : single,none,2.0,if not A121 : building society savings agreement/ life insurance,45.0,none,rent,1.0,unskilled - resident,1.0,none,no,0.79
0 <= ... < 200 DM,29.0,existing credits paid back duly till now,car (new),276.0,A65,.. >= 7 years,4.0,male : single,co-applicant,2.0,if not A121 : building society savings agreement/ life insurance,47.0,none,for free,1.0,unskilled - resident,1.0,none,no,0.776
no checking account,10.0,existing credits paid back duly till now,education,3581.0,A65,.. >= 7 years,4.0,male : single,co-applicant,2.0,if not A121 : building society savings agreement/ life insurance,45.0,none,for free,3.0,unskilled - resident,1.0,none,yes,0.739
no checking account,10.0,existing credits paid back duly till now,car (new),1282.0,A65,.. >= 7 years,4.0,male : single,co-applicant,4.0,if not A121 : building society savings agreement/ life insurance,74.0,none,own,4.0,unskilled - resident,1.0,none,no,0.663
... >= 200 DM / salary assignments for at least 1 year,6.0,delay in paying off in the past,car (new),1194.0,A61,1 <= ... < 4 years,1.0,male : divorced/separated,none,4.0,if not A121 : building society savings agreement/ life insurance,38.0,none,own,1.0,unskilled - resident,1.0,none,yes,0.725
0 <= ... < 200 DM,4.0,critical account/ other credits existing (not at this bank),education,325.0,A65,1 <= ... < 4 years,2.0,female : divorced/separated/married,none,4.0,if not A121 : building society savings agreement/ life insurance,50.0,none,rent,1.0,unskilled - resident,1.0,"yes, registered under the customers name",yes,0.777
... < 0 DM,6.0,critical account/ other credits existing (not at this bank),education,2878.0,A61,1 <= ... < 4 years,2.0,male : divorced/separated,none,4.0,if not A121 : building society savings agreement/ life insurance,50.0,none,rent,3.0,unskilled - resident,1.0,none,yes,0.764
... >= 200 DM / salary assignments for at least 1 year,6.0,delay in paying off in the past,education,1003.0,A61,1 <= ... < 4 years,3.0,female : divorced/separated/married,guarantor,4.0,if not A121 : building society savings agreement/ life insurance,60.0,none,own,4.0,unemployed/ unskilled - non-resident,1.0,none,yes,0.715
... >= 200 DM / salary assignments for at least 1 year,28.0,critical account/ other credits existing (not at this bank),retraining,619.0,A61,1 <= ... < 4 years,2.0,female : divorced/separated/married,none,4.0,if not A121 : building society savings agreement/ life insurance,51.0,none,for free,4.0,unskilled - resident,1.0,none,yes,0.743
0 <= ... < 200 DM,21.0,critical account/ other credits existing (not at this bank),radio/television,2166.0,A63,1 <= ... < 4 years,2.0,male : single,none,1.0,if not A121 : building society savings agreement/ life insurance,23.0,bank,own,1.0,management/ self-employed/ highly qualified employee/ officer,2.0,none,yes,0.095
0 <= ... < 200 DM,27.0,critical account/ other credits existing (not at this bank),radio/television,2550.0,A61,1 <= ... < 4 years,4.0,male : single,co-applicant,2.0,"if not A121/A122 : car or other, not in attribute 6",23.0,none,own,2.0,unskilled - resident,1.0,none,no,0.252
... >= 200 DM / salary assignments for at least 1 year,27.0,critical account/ other credits existing (not at this bank),radio/television,2556.0,A63,unemployed,4.0,male : single,none,3.0,if not A121 : building society savings agreement/ life insurance,28.0,bank,own,1.0,unskilled - resident,1.0,none,yes,0.16
0 <= ... < 200 DM,27.0,no credits taken/ all credits paid back duly,radio/television,2499.0,A63,1 <= ... < 4 years,4.0,male : married/widowed,none,2.0,if not A121 : building society savings agreement/ life insurance,23.0,stores,own,2.0,unskilled - resident,1.0,none,yes,0.252
0 <= ... < 200 DM,38.0,critical account/ other credits existing (not at this bank),radio/television,7340.0,A63,1 <= ... < 4 years,4.0,male : single,none,2.0,if not A121 : building society savings agreement/ life insurance,20.0,none,own,2.0,unskilled - resident,2.0,none,yes,0.259
... < 0 DM,9.0,critical account/ other credits existing (not at this bank),business,2417.0,A61,.. >= 7 years,3.0,male : single,none,3.0,"if not A121/A122 : car or other, not in attribute 6",24.0,stores,own,3.0,management/ self-employed/ highly qualified employee/ officer,2.0,"yes, registered under the customers name",yes,0.093
... < 0 DM,21.0,critical account/ other credits existing (not at this bank),business,276.0,A61,.. >= 7 years,4.0,male : single,none,4.0,"if not A121/A122 : car or other, not in attribute 6",37.0,stores,own,4.0,management/ self-employed/ highly qualified employee/ officer,2.0,"yes, registered under the customers name",yes,0.11
... < 0 DM,27.0,critical account/ other credits existing (not at this bank),car (new),2398.0,A61,.. >= 7 years,4.0,male : single,none,4.0,"if not A121/A122 : car or other, not in attribute 6",43.0,stores,own,4.0,management/ self-employed/ highly qualified employee/ officer,2.0,"yes, registered under the customers name",yes,0.181
... < 0 DM,30.0,critical account/ other credits existing (not at this bank),business,3304.0,A61,.. >= 7 years,4.0,male : single,none,4.0,"if not A121/A122 : car or other, not in attribute 6",46.0,stores,own,4.0,management/ self-employed/ highly qualified employee/ officer,2.0,"yes, registered under the customers name",yes,0.096
... < 0 DM,48.0,critical account/ other credits existing (not at this bank),business,8333.0,A61,.. >= 7 years,4.0,male : single,none,4.0,"if not A121/A122 : car or other, not in attribute 6",64.0,stores,own,4.0,management/ self-employed/ highly qualified employee/ officer,2.0,"yes, registered under the customers name",yes,0.075
no checking account,4.0,existing credits paid back duly till now,radio/television,370.0,A61,4 <= ... < 7 years,2.0,male : single,none,1.0,unknown / no property,22.0,bank,own,1.0,skilled employee / official,1.0,none,yes,0.103
... >= 200 DM / salary assignments for at least 1 year,9.0,critical account/ other credits existing (not at this bank),radio/television,1466.0,A64,4 <= ... < 7 years,4.0,male : single,none,2.0,"if not A121/A122 : car or other, not in attribute 6",20.0,none,own,1.0,unskilled - resident,1.0,none,yes,0.251
no checking account,9.0,existing credits paid back duly till now,radio/television,1548.0,A61,unemployed,4.0,male : single,co-applicant,3.0,"if not A121/A122 : car or other, not in attribute 6",30.0,none,own,1.0,skilled employee / official,1.0,none,yes,0.267
no checking account,9.0,existing credits paid back duly till now,car (used),1493.0,A61,4 <= ... < 7 years,4.0,male : married/widowed,none,2.0,"if not A121/A122 : car or other, not in attribute 6",22.0,none,own,1.0,skilled employee / official,2.0,none,no,0.288
no checking account,24.0,existing credits paid back duly till now,radio/television,7255.0,A61,4 <= ... < 7 years,4.0,male : single,none,2.0,"if not A121/A122 : car or other, not in attribute 6",22.0,none,own,1.0,skilled employee / official,2.0,none,yes,0.215
0 <= ... < 200 DM,6.0,existing credits paid back duly till now,radio/television,603.0,A61,... < 1 year,1.0,male : married/widowed,co-applicant,1.0,real estate,27.0,bank,own,1.0,unskilled - resident,1.0,none,no,0.127
0 <= ... < 200 DM,4.0,existing credits paid back duly till now,radio/television,276.0,A61,4 <= ... < 7 years,3.0,male : married/widowed,none,3.0,real estate,19.0,none,own,1.0,unskilled - resident,1.0,none,yes,0.263
no checking account,6.0,critical account/ other credits existing (not at this bank),radio/television,576.0,A61,... < 1 year,3.0,male : single,none,3.0,real estate,26.0,none,own,1.0,management/ self-employed/ highly qualified employee/ officer,1.0,none,no,0.177
0 <= ... < 200 DM,6.0,existing credits paid back duly till now,radio/television,641.0,A62,... < 1 year,3.0,male : married/widowed,none,4.0,unknown / no property,26.0,none,own,1.0,unskilled - resident,2.0,none,no,0.218
0 <= ... < 200 DM,13.0,existing credits paid back duly till now,radio/television,6599.0,A61,... < 1 year,3.0,male : married/widowed,none,3.0,real estate,26.0,none,own,1.0,unskilled - resident,1.0,none,no,0.306
... < 0 DM,18.0,existing credits paid back duly till now,radio/television,1624.0,A61,.. >= 7 years,3.0,female : divorced/separated/married,none,4.0,"if not A121/A122 : car or other, not in attribute 6",28.0,bank,own,1.0,skilled employee / official,1.0,none,yes,0.239
... < 0 DM,24.0,existing credits paid back duly till now,radio/television,1539.0,A62,unemployed,4.0,female : divorced/separated/married,co-applicant,3.0,unknown / no property,56.0,none,own,1.0,skilled employee / official,1.0,none,yes,0.176
... < 0 DM,24.0,no credits taken/ all credits paid back duly,repairs,481.0,A61,.. >= 7 years,4.0,female : divorced/separated/married,none,4.0,"if not A121/A122 : car or other, not in attribute 6",55.0,bank,own,1.0,unemployed/ unskilled - non-resident,1.0,none,yes,0.142
... < 0 DM,24.0,existing credits paid back duly till now,radio/television,1705.0,A61,.. >= 7 years,4.0,male : married/widowed,none,4.0,"if not A121/A122 : car or other, not in attribute 6",65.0,none,own,1.0,skilled employee / official,2.0,none,no,0.302
... < 0 DM,33.0,existing credits paid back duly till now,radio/television,6586.0,A61,.. >= 7 years,4.0,female : divorced/separated/married,none,4.0,"if not A121/A122 : car or other, not in attribute 6",55.0,none,own,1.0,management/ self-employed/ highly qualified employee/ officer,1.0,none,yes,0.231
0 <= ... < 200 DM,10.0,existing credits paid back duly till now,car (new),1169.0,A61,... < 1 year,2.0,male : single,none,1.0,real estate,23.0,stores,own,1.0,unskilled - resident,1.0,none,yes,0.382
no checking account,24.0,existing credits paid back duly till now,car (new),1231.0,A61,.. >= 7 years,4.0,male : single,guarantor,2.0,real estate,19.0,bank,own,1.0,unskilled - resident,1.0,none,yes,0.176
0 <= ... < 200 DM,24.0,existing credits paid back duly till now,car (new),276.0,A61,... < 1 year,4.0,male : single,none,4.0,real estate,45.0,stores,own,1.0,unskilled - resident,2.0,none,yes,0.285
0 <= ... < 200 DM,24.0,existing credits paid back duly till now,car (new),1281.0,A62,... < 1 year,4.0,male : married/widowed,none,2.0,unknown / no property,23.0,stores,own,1.0,unskilled - resident,1.0,none,no,0.295
0 <= ... < 200 DM,27.0,existing credits paid back duly till now,car (new),7817.0,A61,... < 1 year,4.0,male : single,none,2.0,real estate,23.0,stores,own,1.0,unskilled - resident,2.0,none,yes,0.21
0 <= ... < 200 DM,28.0,delay in paying off in the past,car (new),7600.0,A62,.. >= 7 years,1.0,male : single,none,3.0,"if not A121/A122 : car or other, not in attribute 6",27.0,bank,own,2.0,management/ self-employed/ highly qualified employee/ officer,1.0,"yes, registered under the customers name",yes,0.127
0 <= ... < 200 DM,36.0,delay in paying off in the past,business,8055.0,A62,.. >= 7 years,2.0,male : single,none,4.0,"if not A121/A122 : car or other, not in attribute 6",50.0,none,own,4.0,management/ self-employed/ highly qualified employee/ officer,1.0,none,no,0.235
... >= 200 DM / salary assignments for at least 1 year,36.0,critical account/ other credits existing (not at this bank),radio/television,8112.0,A62,.. >= 7 years,2.0,male : single,none,4.0,real estate,42.0,none,own,3.0,management/ self-employed/ highly qualified employee/ officer,1.0,"yes, registered under the customers name",yes,0.089
0 <= ... < 200 DM,36.0,delay in paying off in the past,car (new),8094.0,A62,unemployed,2.0,male : married/widowed,co-applicant,4.0,"if not A121/A122 : car or other, not in attribute 6",42.0,none,own,4.0,management/ self-employed/ highly qualified employee/ officer,2.0,"yes, registered under the customers name",yes,0.157
0 <= ... < 200 DM,46.0,delay in paying off in the past,car (new),13760.0,A62,.. >= 7 years,2.0,male : single,none,4.0,"if not A121/A122 : car or other, not in attribute 6",42.0,none,own,4.0,management/ self-employed/ highly qualified employee/ officer,1.0,"yes, registered under the customers name",yes,0.303
no checking account,6.0,existing credits paid back duly till now,car (used),935.0,A65,.. >= 7 years,2.0,male : single,none,3.0,"if not A121/A122 : car or other, not in attribute 6",21.0,none,own,1.0,management/ self-employed/ highly qualified employee/ officer,2.0,"yes, registered under the customers name",yes,0.144
no checking account,23.0,existing credits paid back duly till now,car (used),6132.0,A65,.. >= 7 years,3.0,male : single,none,4.0,"if not A121/A122 : car or other, not in attribute 6",40.0,none,own,1.0,management/ self-employed/ highly qualified employee/ officer,2.0,"yes, registered under the customers name",yes,0.122
no checking account,17.0,existing credits paid back duly till now,car (used),4407.0,A65,.. >= 7 years,3.0,male : single,none,4.0,"if not A121/A122 : car or other, not in attribute 6",34.0,none,own,1.0,management/ self-employed/ highly qualified employee/ officer,2.0,"yes, registered under the customers name",yes,0.132
no checking account,31.0,existing credits paid back duly till now,car (used),8241.0,A65,.. >= 7 years,3.0,male : single,none,4.0,"if not A121/A122 : car or other, not in attribute 6",48.0,none,own,1.0,management/ self-employed/ highly qualified employee/ officer,2.0,"yes, registered under the customers name",yes,0.112
no checking account,47.0,existing credits paid back duly till now,car (used),12816.0,A65,.. >= 7 years,4.0,male : single,none,4.0,"if not A121/A122 : car or other, not in attribute 6",64.0,none,own,2.0,management/ self-employed/ highly qualified employee/ officer,2.0,"yes, registered under the customers name",yes,0.109
0 <= ... < 200 DM,5.0,existing credits paid back duly till now,car (new),9957.0,A65,unemployed,1.0,male : single,none,1.0,unknown / no property,23.0,bank,own,1.0,unemployed/ unskilled - non-resident,1.0,"yes, registered under the customers name",yes,0.128
0 <= ... < 200 DM,7.0,existing credits paid back duly till now,radio/television,14567.0,A65,unemployed,1.0,male : single,none,2.0,if not A121 : building society savings agreement/ life insurance,19.0,none,own,1.0,unemployed/ unskilled - non-resident,1.0,none,no,0.302
... >= 200 DM / salary assignments for at least 1 year,6.0,critical account/ other credits existing (not at this bank),car (used),15386.0,A61,unemployed,1.0,male : single,none,2.0,if not A121 : building society savings agreement/ life insurance,23.0,none,own,1.0,unemployed/ unskilled - non-resident,1.0,"yes, registered under the customers name",yes,0.189
0 <= ... < 200 DM,42.0,existing credits paid back duly till now,car (new),14609.0,A65,unemployed,1.0,male : single,none,2.0,if not A121 : building society savings agreement/ life insurance,23.0,none,own,1.0,unemployed/ unskilled - non-resident,2.0,"yes, registered under the customers name",yes,0.289
0 <= ... < 200 DM,6.0,existing credits paid back duly till now,car (new),15078.0,A65,unemployed,2.0,male : single,none,3.0,if not A121 : building society savings agreement/ life insurance,40.0,none,own,1.0,management/ self-employed/ highly qualified employee/ officer,2.0,"yes, registered under the customers name",yes,0.239
... >= 200 DM / salary assignments for at least 1 year,6.0,delay in paying off in the past,radio/television,731.0,A61,... < 1 year,1.0,male : single,co-applicant,1.0,if not A121 : building society savings agreement/ life insurance,20.0,bank,own,1.0,skilled employee / official,1.0,none,yes,0.232
... >= 200 DM / salary assignments for at least 1 year,4.0,critical account/ other credits existing (not at this bank),radio/television,664.0,A61,... < 1 year,2.0,female : divorced/separated/married,none,1.0,if not A121 : building society savings agreement/ life insurance,29.0,bank,own,1.0,management/ self-employed/ highly qualified employee/ officer,1.0,"yes, registered under the customers name",yes,0.221
... >= 200 DM / salary assignments for at least 1 year,6.0,delay in paying off in the past,repairs,276.0,A61,.. >= 7 years,2.0,female : divorced/separated/married,none,1.0,real estate,29.0,stores,own,1.0,skilled employee / official,1.0,none,yes,0.135
... >= 200 DM / salary assignments for at least 1 year,25.0,delay in paying off in the past,radio/television,5167.0,A61,... < 1 year,2.0,female : divorced/separated/married,none,1.0,if not A121 : building society savings agreement/ life insurance,29.0,bank,own,1.0,skilled employee / official,2.0,none,yes,0.23
... >= 200 DM / salary assignments for at least 1 year,6.0,delay in paying off in the past,radio/television,617.0,A61,... < 1 year,4.0,female : divorced/separated/married,none,1.0,if not A121 : building society savings agreement/ life insurance,58.0,bank,own,1.0,skilled employee / official,2.0,none,yes,0.278
... < 0 DM,9.0,existing credits paid back duly till now,radio/television,1304.0,A61,4 <= ... < 7 years,1.0,male : single,none,2.0,real estate,34.0,none,own,1.0,skilled employee / official,1.0,none,yes,0.291
no checking account,9.0,no credits taken/ all credits paid back duly,radio/television,1321.0,A61,4 <= ... < 7 years,3.0,male : single,co-applicant,4.0,real estate,59.0,none,own,1.0,skilled employee / official,2.0,none,no,0.112
... < 0 DM,4.0,existing credits paid back duly till now,repairs,1381.0,A61,.. >= 7 years,3.0,male : single,none,4.0,real estate,71.0,bank,own,1.0,skilled employee / official,1.0,none,yes,0.181
... < 0 DM,9.0,existing credits paid back duly till now,radio/television,276.0,A62,4 <= ... < 7 years,3.0,male : married/widowed,none,4.0,unknown / no property,59.0,none,own,1.0,skilled employee / official,1.0,none,yes,0.278
... < 0 DM,20.0,existing credits paid back duly till now,radio/television,6439.0,A61,4 <= ... < 7 years,3.0,male : single,none,4.0,real estate,59.0,none,own,1.0,skilled employee / official,1.0,none,yes,0.337
0 <= ... < 200 DM,6.0,existing credits paid back duly till now,radio/television,1109.0,A61,1 <= ... < 4 years,2.0,female : divorced/separated/married,guarantor,2.0,real estate,26.0,none,own,1.0,unskilled - resident,2.0,none,yes,0.216
0 <= ... < 200 DM,13.0,existing credits paid back duly till now,radio/television,276.0,A61,1 <= ... < 4 years,3.0,female : divorced/separated/married,guarantor,4.0,real estate,19.0,bank,own,1.0,unskilled - resident,2.0,none,yes,0.114
0 <= ... < 200 DM,18.0,all credits at this bank paid back duly,car (used),1096.0,A63,1 <= ... < 4 years,4.0,female : divorced/separated/married,guarantor,4.0,real estate,26.0,bank,own,1.0,unskilled - resident,2.0,none,yes,0.171
0 <= ... < 200 DM,22.0,existing credits paid back duly till now,radio/television,2158.0,A61,1 <= ... < 4 years,4.0,female : divorced/separated/married,guarantor,4.0,real estate,30.0,none,own,1.0,unskilled - resident,2.0,none,yes,0.216
0 <= ... < 200 DM,39.0,existing credits paid back duly till now,radio/television,7017.0,A61,1 <= ... < 4 years,4.0,female : divorced/separated/married,guarantor,4.0,real estate,47.0,none,own,2.0,unskilled - resident,2.0,none,yes,0.206
no checking account,38.0,no credits taken/ all credits paid back duly,car (used),4996.0,A65,1 <= ... < 4 years,2.0,male : single,none,2.0,if not A121 : building society savings agreement/ life insurance,30.0,none,own,1.0,unskilled - resident,2.0,none,yes,0.234
no checking account,54.0,no credits taken/ all credits paid back duly,car (used),9006.0,A65,1 <= ... < 4 years,2.0,male : single,none,2.0,real estate,39.0,none,own,1.0,management/ self-employed/ highly qualified employee/ officer,2.0,"yes, registered under the customers name",yes,0.047
no checking account,54.0,no credits taken/ all credits paid back duly,others,9416.0,A62,1 <= ... < 4 years,2.0,male : single,none,1.0,if not A121 : building society savings agreement/ life insurance,39.0,bank,own,1.0,unskilled - resident,2.0,none,yes,0.069
no checking account,60.0,no credits taken/ all credits paid back duly,car (used),10175.0,A65,1 <= ... < 4 years,2.0,male : single,none,2.0,if not A121 : building society savings agreement/ life insurance,44.0,none,own,1.0,unskilled - resident,2.0,none,yes,0.186
no checking account,54.0,no credits taken/ all credits paid back duly,car (used),14712.0,A65,1 <= ... < 4 years,3.0,male : single,none,3.0,if not A121 : building society savings agreement/ life insurance,63.0,none,own,2.0,unskilled - resident,2.0,none,yes,0.209
no checking account,11.0,critical account/ other credits existing (not at this bank),car (new),1775.0,A61,4 <= ... < 7 years,1.0,male : single,co-applicant,1.0,if not A121 : building society savings agreement/ life insurance,31.0,bank,own,2.0,management/ self-employed/ highly qualified employee/ officer,1.0,none,yes,0.165
... < 0 DM,18.0,critical account/ other credits existing (not at this bank),car (new),2759.0,A64,unemployed,2.0,male : single,none,2.0,if not A121 : building society savings agreement/ life insurance,19.0,bank,own,1.0,skilled employee / official,1.0,none,no,0.25
no checking account,18.0,critical account/ other credits existing (not at this bank),repairs,2734.0,A61,4 <= ... < 7 years,2.0,male : single,none,2.0,if not A121 : building society savings agreement/ life insurance,31.0,bank,own,4.0,skilled employee / official,1.0,"yes, registered under the customers name",yes,0.227
no checking account,32.0,critical account/ other credits existing (not at this bank),car (new),6861.0,A61,4 <= ... < 7 years,2.0,male : single,none,2.0,if not A121 : building society savings agreement/ life insurance,31.0,bank,own,2.0,skilled employee / official,2.0,none,yes,0.248
no checking account,18.0,critical account/ other credits existing (not at this bank),car (new),2802.0,A61,4 <= ... < 7 years,3.0,male : single,none,2.0,real estate,62.0,bank,own,2.0,skilled employee / official,1.0,none,yes,0.195
no checking account,33.0,delay in paying off in the past,radio/television,8611.0,A63,4 <= ... < 7 years,3.0,male : single,none,1.0,"if not A121/A122 : car or other, not in attribute 6",32.0,none,own,1.0,management/ self-employed/ highly qualified employee/ officer,1.0,"yes, registered under the customers name",yes,0.194
no checking account,48.0,delay in paying off in the past,radio/television,12622.0,A63,4 <= ... < 7 years,4.0,male : single,none,1.0,real estate,37.0,stores,own,1.0,management/ self-employed/ highly qualified employee/ officer,1.0,"yes, registered under the customers name",yes,0.071
no checking account,48.0,delay in paying off in the past,car (used),12777.0,A61,4 <= ... < 7 years,4.0,male : single,none,1.0,unknown / no property,37.0,bank,own,1.0,management/ self-employed/ highly qualified employee/ officer,1.0,"yes, registered under the customers name",yes,0.023
no checking account,60.0,delay in paying off in the past,radio/television,15945.0,A63,4 <= ... < 7 years,4.0,male : single,none,1.0,"if not A121/A122 : car or other, not in attribute 6",37.0,none,own,1.0,management/ self-employed/ highly qualified employee/ officer,1.0,"yes, registered under the customers name",yes,0.147
no checking account,48.0,delay in paying off in the past,radio/television,12745.0,A63,4 <= ... < 7 years,4.0,male : single,none,3.0,"if not A121/A122 : car or other, not in attribute 6",71.0,none,own,3.0,management/ self-employed/ highly qualified employee/ officer,2.0,"yes, registered under the customers name",yes,0.153
0 <= ... < 200 DM,27.0,existing credits paid back duly till now,radio/television,2132.0,A61,4 <= ... < 7 years,3.0,male : single,none,3.0,real estate,28.0,none,own,2.0,skilled employee / official,1.0,none,yes,0.355
... >= 200 DM / salary assignments for at least 1 year,48.0,existing credits paid back duly till now,radio/television,3121.0,A61,.. >= 7 years,4.0,male : single,co-applicant,4.0,real estate,19.0,none,own,2.0,skilled employee / official,1.0,none,no,0.215
0 <= ... < 200 DM,47.0,existing credits paid back duly till now,radio/television,3047.0,A62,4 <= ... < 7 years,4.0,female : divorced/separated/married,none,4.0,real estate,28.0,none,own,4.0,skilled employee / official,2.0,none,yes,0.226
0 <= ... < 200 DM,59.0,critical account/ other credits existing (not at this bank),car (used),3067.0,A61,4 <= ... < 7 years,4.0,male : married/widowed,none,4.0,unknown / no property,28.0,none,own,1.0,skilled employee / official,1.0,none,yes,0.192
0 <= ... < 200 DM,48.0,existing credits paid back duly till now,radio/television,9482.0,A61,4 <= ... < 7 years,4.0,male : single,none,4.0,real estate,37.0,none,own,2.0,skilled employee / official,1.0,none,yes,0.309
no checking account,6.0,critical account/ other credits existing (not at this bank),car (new),276.0,A64,1 <= ... < 4 years,1.0,male : single,none,1.0,real estate,19.0,bank,own,2.0,unskilled - resident,2.0,none,yes,0.137
no checking account,5.0,critical account/ other credits existing (not at this bank),others,276.0,A64,1 <= ... < 4 years,2.0,female : divorced/separated/married,co-applicant,2.0,real estate,41.0,bank,own,2.0,management/ self-employed/ highly qualified employee/ officer,1.0,none,no,0.073
no checking account,6.0,all credits at this bank paid back duly,business,276.0,A64,.. >= 7 years,2.0,female : divorced/separated/married,none,2.0,real estate,41.0,bank,own,4.0,unskilled - resident,1.0,none,yes,0.215
no checking account,6.0,critical account/ other credits existing (not at this bank),car (new),276.0,A62,1 <= ... < 4 years,2.0,female : divorced/separated/married,none,2.0,unknown / no property,41.0,bank,own,2.0,unskilled - resident,1.0,"yes, registered under the customers name",yes,0.258
no checking account,17.0,critical account/ other credits existing (not at this bank),car (new),4250.0,A64,1 <= ... < 4 years,3.0,female : divorced/separated/married,none,2.0,real estate,49.0,bank,own,1.0,unskilled - resident,1.0,none,yes,0.245
no checking account,12.0,critical account/ other credits existing (not at this bank),car (new),1270.0,A61,.. >= 7 years,3.0,male : single,none,3.0,real estate,38.0,bank,own,2.0,unskilled - resident,1.0,none,yes,0.202
no checking account,12.0,critical account/ other credits existing (not at this bank),car (new),1157.0,A61,.. >= 7 years,4.0,male : single,co-applicant,4.0,real estate,63.0,none,own,2.0,management/ self-employed/ highly qualified employee/ officer,1.0,none,no,0.239
no checking account,4.0,existing credits paid back duly till now,car (used),567.0,A61,4 <= ... < 7 years,4.0,male : single,none,4.0,real estate,61.0,none,own,1.0,unskilled - resident,1.0,none,yes,0.301
no checking account,12.0,critical account/ other credits existing (not at this bank),radio/television,1218.0,A62,.. >= 7 years,4.0,male : married/widowed,none,4.0,unknown / no property,61.0,none,own,2.0,unskilled - resident,1.0,none,yes,0.228
no checking account,24.0,critical account/ other credits existing (not at this bank),car (new),6197.0,A61,.. >= 7 years,4.0,male : single,none,4.0,real estate,61.0,none,own,2.0,unskilled - resident,2.0,none,yes,0.258
0 <= ... < 200 DM,6.0,critical account/ other credits existing (not at this bank),furniture/equipment,276.0,A61,unemployed,1.0,male : single,none,1.0,if not A121 : building society savings agreement/ life insurance,19.0,stores,own,2.0,management/ self-employed/ highly qualified employee/ officer,1.0,"yes, registered under the customers name",yes,0.233
... >= 200 DM / salary assignments for at least 1 year,4.0,delay in paying off in the past,furniture/equipment,1003.0,A61,unemployed,4.0,male : single,co-applicant,1.0,real estate,35.0,stores,own,2.0,management/ self-employed/ highly qualified employee/ officer,1.0,"yes, registered under the customers name",yes,0.071
0 <= ... < 200 DM,6.0,delay in paying off in the past,radio/television,994.0,A61,unemployed,4.0,male : single,none,1.0,if not A121 : building society savings agreement/ life insurance,35.0,stores,own,4.0,management/ self-employed/ highly qualified employee/ officer,1.0,none,no,0.207
0 <= ... < 200 DM,4.0,delay in paying off in the past,furniture/equipment,1329.0,A61,unemployed,4.0,male : single,none,1.0,if not A121 : building society savings agreement/ life insurance,36.0,none,own,1.0,management/ self-employed/ highly qualified employee/ officer,2.0,"yes, registered under the customers name",yes,0.261
0 <= ... < 200 DM,20.0,delay in paying off in the past,furniture/equipment,5255.0,A61,unemployed,4.0,male : single,none,2.0,if not A121 : building society savings agreement/ life insurance,47.0,stores,own,2.0,management/ self-employed/ highly qualified employee/ officer,1.0,"yes, registered under the customers name",yes,0.235
... >= 200 DM / salary assignments for at least 1 year,6.0,delay in paying off in the past,radio/television,790.0,A61,unemployed,1.0,male : single,co-applicant,1.0,if not A121 : building society savings agreement/ life insurance,21.0,bank,own,1.0,skilled employee / official,1.0,none,yes,0.119
... >= 200 DM / salary assignments for at least 1 year,6.0,critical account/ other credits existing (not at this bank),radio/television,276.0,A61,... < 1 year,2.0,female : divorced/separated/married,none,1.0,if not A121 : building society savings agreement/ life insurance,29.0,bank,own,1.0,management/ self-employed/ highly qualified employee/ officer,1.0,"yes, registered under the customers name",yes,0.221
... >= 200 DM / salary assignments for at least 1 year,6.0,delay in paying off in the past,repairs,701.0,A61,... < 1 year,2.0,female : divorced/separated/married,none,1.0,real estate,29.0,stores,own,1.0,skilled employee / official,1.0,none,yes,0.212
... >= 200 DM / salary assignments for at least 1 year,25.0,delay in paying off in the past,radio/television,5232.0,A61,... < 1 year,2.0,female : divorced/separated/married,none,1.0,if not A121 : building society savings agreement/ life insurance,29.0,bank,own,1.0,skilled employee / official,2.0,none,yes,0.23
... >= 200 DM / salary assignments for at least 1 year,4.0,delay in paying off in the past,radio/television,679.0,A61,... < 1 year,4.0,female : divorced/separated/married,none,1.0,if not A121 : building society savings agreement/ life insurance,56.0,bank,own,1.0,skilled employee / official,2.0,none,yes,0.279
no checking account,19.0,existing credits paid back duly till now,car (used),3542.0,A62,4 <= ... < 7 years,2.0,male : single,co-applicant,3.0,"if not A121/A122 : car or other, not in attribute 6",23.0,none,own,1.0,skilled employee / official,1.0,none,yes,0.237
... >= 200 DM / salary assignments for at least 1 year,24.0,critical account/ other credits existing (not at this bank),car (used),3133.0,A62,4 <= ... < 7 years,3.0,female : divorced/separated/married,none,4.0,"if not A121/A122 : car or other, not in attribute 6",19.0,none,own,1.0,unemployed/ unskilled - non-resident,1.0,"yes, registered under the customers name",yes,0.26
no checking account,24.0,existing credits paid back duly till now,radio/television,3519.0,A62,1 <= ... < 4 years,3.0,female : divorced/separated/married,none,4.0,unknown / no property,26.0,stores,own,1.0,skilled employee / official,1.0,none,yes,0.165
0 <= ... < 200 DM,24.0,existing credits paid back duly till now,repairs,3454.0,A62,4 <= ... < 7 years,4.0,female : divorced/separated/married,none,4.0,"if not A121/A122 : car or other, not in attribute 6",23.0,none,own,1.0,skilled employee / official,2.0,none,yes,0.259
no checking account,44.0,existing credits paid back duly till now,car (used),7371.0,A62,4 <= ... < 7 years,3.0,female : divorced/separated/married,none,4.0,"if not A121/A122 : car or other, not in attribute 6",23.0,none,own,1.0,skilled employee / official,1.0,none,yes,0.329
... >= 200 DM / salary assignments for at least 1 year,6.0,delay in paying off in the past,radio/television,397.0,A61,... < 1 year,1.0,male : single,co-applicant,1.0,if not A121 : building society savings agreement/ life insurance,22.0,bank,own,1.0,skilled employee / official,1.0,none,yes,0.235
... >= 200 DM / salary assignments for at least 1 year,4.0,critical account/ other credits existing (not at this bank),radio/television,730.0,A61,... < 1 year,2.0,female : divorced/separated/married,none,1.0,if not A121 : building society savings agreement/ life insurance,29.0,bank,own,1.0,management/ self-employed/ highly qualified employee/ officer,1.0,"yes, registered under the customers name",yes,0.221
... >= 200 DM / salary assignments for at least 1 year,6.0,delay in paying off in the past,repairs,329.0,A61,.. >= 7 years,2.0,female : divorced/separated/married,none,1.0,real estate,29.0,stores,own,1.0,skilled employee / official,1.0,none,yes,0.135
... >= 200 DM / salary assignments for at least 1 year,26.0,delay in paying off in the past,radio/television,5368.0,A61,... < 1 year,2.0,female : divorced/separated/married,none,1.0,if not A121 : building society savings agreement/ life insurance,29.0,bank,own,1.0,skilled employee / official,2.0,none,yes,0.229
... >= 200 DM / salary assignments for at least 1 year,6.0,delay in paying off in the past,radio/television,619.0,A61,... < 1 year,4.0,female : divorced/separated/married,none,1.0,if not A121 : building society savings agreement/ life insurance,55.0,bank,own,1.0,skilled employee / official,2.0,none,yes,0.277
no checking account,11.0,critical account/ other credits existing (not at this bank),radio/television,1150.0,A62,unemployed,3.0,female : divorced/separated/married,none,3.0,real estate,30.0,none,own,1.0,unskilled - resident,1.0,none,yes,0.17
no checking account,11.0,critical account/ other credits existing (not at this bank),radio/television,1189.0,A63,unemployed,4.0,female : divorced/separated/married,co-applicant,4.0,real estate,57.0,stores,own,3.0,skilled employee / official,2.0,none,yes,0.128
no checking account,4.0,critical account/ other credits existing (not at this bank),education,276.0,A62,unemployed,4.0,female : divorced/separated/married,none,4.0,real estate,53.0,none,own,2.0,unskilled - resident,1.0,none,yes,0.25
no checking account,18.0,critical account/ other credits existing (not at this bank),radio/television,3097.0,A62,unemployed,4.0,female : divorced/separated/married,none,4.0,real estate,64.0,none,own,3.0,unskilled - resident,1.0,none,yes,0.215
no checking account,38.0,critical account/ other credits existing (not at this bank),radio/television,8681.0,A62,unemployed,4.0,female : divorced/separated/married,none,4.0,real estate,73.0,none,own,4.0,unskilled - resident,1.0,none,yes,0.186
... >= 200 DM / salary assignments for at least 1 year,9.0,critical account/ other credits existing (not at this bank),car (used),1621.0,A63,1 <= ... < 4 years,1.0,male : single,none,1.0,"if not A121/A122 : car or other, not in attribute 6",23.0,none,own,1.0,skilled employee / official,1.0,"yes, registered under the customers name",yes,0.326
... >= 200 DM / salary assignments for at least 1 year,15.0,critical account/ other credits existing (not at this bank),car (used),2383.0,A61,1 <= ... < 4 years,2.0,male : single,none,2.0,"if not A121/A122 : car or other, not in attribute 6",36.0,stores,own,1.0,skilled employee / official,1.0,none,no,0.194
... >= 200 DM / salary assignments for at least 1 year,15.0,critical account/ other credits existing (not at this bank),car (used),2367.0,A63,1 <= ... < 4 years,2.0,male : married/widowed,co-applicant,2.0,unknown / no property,36.0,none,own,1.0,skilled employee / official,1.0,"yes, registered under the customers name",yes,0.247
... >= 200 DM / salary assignments for at least 1 year,33.0,critical account/ other credits existing (not at this bank),car (used),7134.0,A63,1 <= ... < 4 years,2.0,male : single,none,2.0,"if not A121/A122 : car or other, not in attribute 6",36.0,none,own,1.0,skilled employee / official,1.0,"yes, registered under the customers name",yes,0.278
... >= 200 DM / salary assignments for at least 1 year,15.0,critical account/ other credits existing (not at this bank),car (used),2257.0,A63,1 <= ... < 4 years,4.0,male : single,none,3.0,"if not A121/A122 : car or other, not in attribute 6",64.0,none,own,1.0,skilled employee / official,2.0,"yes, registered under the customers name",yes,0.274
0 <= ... < 200 DM,6.0,critical account/ other credits existing (not at this bank),radio/television,811.0,A65,4 <= ... < 7 years,2.0,male : single,guarantor,1.0,real estate,21.0,bank,own,1.0,skilled employee / official,1.0,"yes, registered under the customers name",yes,0.201
0 <= ... < 200 DM,15.0,critical account/ other credits existing (not at this bank),radio/television,2699.0,A65,4 <= ... < 7 years,4.0,male : single,guarantor,2.0,real estate,35.0,bank,own,3.0,skilled employee / official,1.0,"yes, registered under the customers name",yes,0.237
0 <= ... < 200 DM,15.0,critical account/ other credits existing (not at this bank),others,2303.0,A65,4 <= ... < 7 years,4.0,male : single,guarantor,2.0,real estate,32.0,bank,own,2.0,skilled employee / official,2.0,none,yes,0.167
0 <= ... < 200 DM,19.0,critical account/ other credits existing (not at this bank),radio/television,3971.0,A65,4 <= ... < 7 years,4.0,male : single,guarantor,2.0,real estate,39.0,bank,own,3.0,skilled employee / official,1.0,"yes, registered under the customers name",yes,0.231
0 <= ... < 200 DM,36.0,critical account/ other credits existing (not at this bank),radio/television,8640.0,A65,4 <= ... < 7 years,4.0,male : single,guarantor,3.0,real estate,56.0,bank,own,4.0,skilled employee / official,1.0,"yes, registered under the customers name",yes,0.213
0 <= ... < 200 DM,4.0,existing credits paid back duly till now,business,1923.0,A64,... < 1 year,1.0,male : married/widowed,none,1.0,real estate,19.0,bank,own,1.0,skilled employee / official,1.0,"yes, registered under the customers name",yes,0.232
0 <= ... < 200 DM,13.0,existing credits paid back duly till now,business,276.0,A64,... < 1 year,3.0,male : married/widowed,none,3.0,real estate,29.0,bank,own,1.0,skilled employee / official,1.0,"yes, registered under the customers name",yes,0.245
no checking account,18.0,all credits at this bank paid back duly,business,1891.0,A64,.. >= 7 years,3.0,male : married/widowed,none,3.0,real estate,36.0,bank,own,1.0,management/ self-employed/ highly qualified employee/ officer,1.0,none,no,0.083
0 <= ... < 200 DM,24.0,existing credits paid back duly till now,business,3648.0,A64,... < 1 year,3.0,male : married/widowed,none,3.0,real estate,42.0,bank,own,1.0,skilled employee / official,1.0,"yes, registered under the customers name",yes,0.224
0 <= ... < 200 DM,39.0,existing credits paid back duly till now,business,7867.0,A64,... < 1 year,4.0,male : married/widowed,none,4.0,real estate,57.0,bank,own,2.0,skilled employee / official,1.0,"yes, registered under the customers name",yes,0.226
no checking account,24.0,critical account/ other credits existing (not at this bank),radio/television,5059.0,A61,... < 1 year,1.0,male : married/widowed,none,1.0,unknown / no property,35.0,stores,for free,1.0,skilled employee / official,1.0,"yes, registered under the customers name",yes,0.309
no checking account,22.0,critical account/ other credits existing (not at this bank),radio/television,5083.0,A61,4 <= ... < 7 years,3.0,male : married/widowed,none,3.0,unknown / no property,47.0,none,for free,3.0,unskilled - resident,2.0,"yes, registered under the customers name",no,0.236
no checking account,25.0,no credits taken/ all credits paid back duly,radio/television,4805.0,A61,... < 1 year,3.0,male : married/widowed,co-applicant,3.0,unknown / no property,47.0,bank,own,4.0,skilled employee / official,1.0,"yes, registered under the customers name",yes,0.097
no checking account,25.0,critical account/ other credits existing (not at this bank),radio/television,5104.0,A62,... < 1 year,3.0,male : single,none,3.0,real estate,47.0,none,for free,3.0,management/ self-employed/ highly qualified employee/ officer,2.0,"yes, registered under the customers name",yes,0.216
no checking account,24.0,critical account/ other credits existing (not at this bank),radio/television,10872.0,A61,unemployed,3.0,male : married/widowed,none,3.0,unknown / no property,49.0,none,for free,3.0,skilled employee / official,1.0,"yes, registered under the customers name",yes,0.287
... >= 200 DM / salary assignments for at least 1 year,5.0,delay in paying off in the past,radio/television,792.0,A61,... < 1 year,1.0,male : single,co-applicant,1.0,if not A121 : building society savings agreement/ life insurance,24.0,bank,own,1.0,skilled employee / official,1.0,none,yes,0.236
... >= 200 DM / salary assignments for at least 1 year,6.0,critical account/ other credits existing (not at this bank),radio/television,276.0,A61,... < 1 year,2.0,female : divorced/separated/married,none,1.0,if not A121 : building society savings agreement/ life insurance,29.0,bank,own,1.0,management/ self-employed/ highly qualified employee/ officer,1.0,"yes, registered under the customers name",yes,0.221
... >= 200 DM / salary assignments for at least 1 year,6.0,delay in paying off in the past,repairs,600.0,A61,.. >= 7 years,2.0,female : divorced/separated/married,none,1.0,real estate,29.0,stores,own,1.0,skilled employee / official,1.0,none,yes,0.134
... >= 200 DM / salary assignments for at least 1 year,25.0,delay in paying off in the past,radio/television,5106.0,A61,... < 1 year,2.0,female : divorced/separated/married,none,1.0,if not A121 : building society savings agreement/ life insurance,29.0,bank,own,1.0,skilled employee / official,2.0,none,yes,0.231
... >= 200 DM / salary assignments for at least 1 year,4.0,delay in paying off in the past,radio/television,670.0,A61,... < 1 year,4.0,female : divorced/separated/married,none,1.0,if not A121 : building society savings agreement/ life insurance,57.0,bank,own,1.0,skilled employee / official,2.0,none,yes,0.279
0 <= ... < 200 DM,16.0,delay in paying off in the past,car (new),2371.0,A62,.. >= 7 years,2.0,male : single,none,2.0,"if not A121/A122 : car or other, not in attribute 6",43.0,none,own,1.0,skilled employee / official,2.0,none,yes,0.296
no checking account,18.0,delay in paying off in the past,car (new),2908.0,A65,.. >= 7 years,4.0,male : single,none,4.0,real estate,22.0,none,own,1.0,skilled employee / official,2.0,none,yes,0.367
0 <= ... < 200 DM,18.0,delay in paying off in the past,radio/television,2879.0,A65,.. >= 7 years,4.0,male : single,none,4.0,"if not A121/A122 : car or other, not in attribute 6",68.0,bank,own,1.0,skilled employee / official,2.0,none,yes,0.174
0 <= ... < 200 DM,18.0,no credits taken/ all credits paid back duly,car (used),2907.0,A65,unemployed,4.0,male : married/widowed,co-applicant,4.0,"if not A121/A122 : car or other, not in attribute 6",43.0,none,own,1.0,skilled employee / official,2.0,none,yes,0.139
0 <= ... < 200 DM,24.0,delay in paying off in the past,car (new),7847.0,A65,.. >= 7 years,4.0,male : single,none,4.0,"if not A121/A122 : car or other, not in attribute 6",43.0,none,own,1.0,management/ self-employed/ highly qualified employee/ officer,2.0,none,yes,0.259
no checking account,12.0,existing credits paid back duly till now,furniture/equipment,1868.0,A61,1 <= ... < 4 years,1.0,male : single,none,1.0,real estate,24.0,none,rent,1.0,unskilled - resident,2.0,"yes, registered under the customers name",yes,0.252
no checking account,13.0,no credits taken/ all credits paid back duly,furniture/equipment,348.0,A61,4 <= ... < 7 years,3.0,male : single,none,2.0,real estate,19.0,bank,rent,1.0,unskilled - resident,1.0,none,yes,0.187
no checking account,11.0,existing credits paid back duly till now,radio/television,1756.0,A61,1 <= ... < 4 years,3.0,male : married/widowed,co-applicant,2.0,real estate,24.0,none,own,1.0,unskilled - resident,1.0,none,yes,0.175
no checking account,12.0,existing credits paid back duly till now,furniture/equipment,5958.0,A61,1 <= ... < 4 years,3.0,male : single,none,2.0,real estate,26.0,stores,rent,1.0,management/ self-employed/ highly qualified employee/ officer,1.0,none,yes,0.165
no checking account,45.0,existing credits paid back duly till now,furniture/equipment,1878.0,A61,1 <= ... < 4 years,3.0,male : single,none,2.0,real estate,27.0,none,rent,1.0,unskilled - resident,2.0,none,yes,0.325
... < 0 DM,8.0,existing credits paid back duly till now,car (used),2514.0,A61,1 <= ... < 4 years,3.0,male : divorced/separated,none,4.0,if not A121 : building society savings agreement/ life insurance,40.0,bank,own,1.0,management/ self-employed/ highly qualified employee/ officer,1.0,"yes, registered under the customers name",yes,0.235
... < 0 DM,30.0,no credits taken/ all credits paid back duly,car (used),3888.0,A61,1 <= ... < 4 years,4.0,male : divorced/separated,none,2.0,if not A121 : building society savings agreement/ life insurance,23.0,none,own,1.0,management/ self-employed/ highly qualified employee/ officer,1.0,"yes, registered under the customers name",yes,0.254
... < 0 DM,30.0,existing credits paid back duly till now,car (used),3898.0,A61,unemployed,4.0,male : married/widowed,none,4.0,unknown / no property,40.0,none,own,1.0,management/ self-employed/ highly qualified employee/ officer,1.0,"yes, registered under the customers name",yes,0.123
... >= 200 DM / salary assignments for at least 1 year,30.0,existing credits paid back duly till now,radio/television,3839.0,A61,1 <= ... < 4 years,4.0,male : divorced/separated,co-applicant,4.0,if not A121 : building society savings agreement/ life insurance,44.0,none,own,1.0,management/ self-employed/ highly qualified employee/ officer,2.0,"yes, registered under the customers name",yes,0.237
... < 0 DM,41.0,existing credits paid back duly till now,car (used),9092.0,A61,1 <= ... < 4 years,4.0,male : divorced/separated,none,4.0,if not A121 : building society savings agreement/ life insurance,40.0,stores,own,1.0,management/ self-employed/ highly qualified employee/ officer,1.0,"yes, registered under the customers name",yes,0.198
... < 0 DM,8.0,existing credits paid back duly till now,car (used),2529.0,A61,1 <= ... < 4 years,3.0,male : divorced/separated,none,4.0,if not A121 : building society savings agreement/ life insurance,40.0,bank,own,1.0,management/ self-employed/ highly qualified employee/ officer,1.0,"yes, registered under the customers name",yes,0.235
... < 0 DM,30.0,no credits taken/ all credits paid back duly,car (used),3861.0,A61,1 <= ... < 4 years,4.0,male : divorced/separated,none,2.0,if not A121 : building society savings agreement/ life insurance,23.0,none,own,1.0,management/ self-employed/ highly qualified employee/ officer,1.0,"yes, registered under the customers name",yes,0.254
... < 0 DM,30.0,existing credits paid back duly till now,car (used),3866.0,A61,unemployed,4.0,male : married/widowed,none,4.0,unknown / no property,43.0,none,own,1.0,management/ self-employed/ highly qualified employee/ officer,1.0,"yes, registered under the customers name",yes,0.124
... >= 200 DM / salary assignments for at least 1 year,30.0,existing credits paid back duly till now,radio/television,3843.0,A61,1 <= ... < 4 years,4.0,male : divorced/separated,co-applicant,4.0,if not A121 : building society savings agreement/ life insurance,40.0,none,own,1.0,management/ self-employed/ highly qualified employee/ officer,2.0,"yes, registered under the customers name",yes,0.234
... < 0 DM,41.0,existing credits paid back duly till now,car (used),9171.0,A61,1 <= ... < 4 years,4.0,male : divorced/separated,none,4.0,if not A121 : building society savings agreement/ life insurance,40.0,stores,own,1.0,management/ self-employed/ highly qualified employee/ officer,1.0,"yes, registered under the customers name",yes,0.197
no checking account,18.0,existing credits paid back duly till now,car (used),3499.0,A62,4 <= ... < 7 years,2.0,male : single,co-applicant,3.0,"if not A121/A122 : car or other, not in attribute 6",23.0,none,own,1.0,skilled employee / official,1.0,none,yes,0.239
... >= 200 DM / salary assignments for at least 1 year,24.0,critical account/ other credits existing (not at this bank),car (used),3448.0,A62,4 <= ... < 7 years,3.0,female : divorced/separated/married,none,4.0,"if not A121/A122 : car or other, not in attribute 6",20.0,none,own,1.0,unemployed/ unskilled - non-resident,1.0,"yes, registered under the customers name",yes,0.258
no checking account,24.0,existing credits paid back duly till now,radio/television,3493.0,A62,1 <= ... < 4 years,3.0,female : divorced/separated/married,none,4.0,unknown / no property,23.0,stores,own,1.0,skilled employee / official,1.0,none,yes,0.164
no checking account,24.0,existing credits paid back duly till now,repairs,1018.0,A62,4 <= ... < 7 years,4.0,female : divorced/separated/married,none,4.0,"if not A121/A122 : car or other, not in attribute 6",31.0,none,own,1.0,skilled employee / official,2.0,none,yes,0.292
no checking account,45.0,existing credits paid back duly till now,car (used),6811.0,A62,4 <= ... < 7 years,3.0,female : divorced/separated/married,none,4.0,"if not A121/A122 : car or other, not in attribute 6",23.0,bank,own,1.0,skilled employee / official,1.0,none,yes,0.185
no checking account,8.0,existing credits paid back duly till now,business,1512.0,A64,1 <= ... < 4 years,2.0,male : single,none,3.0,if not A121 : building society savings agreement/ life insurance,54.0,bank,own,1.0,management/ self-employed/ highly qualified employee/ officer,1.0,"yes, registered under the customers name",yes,0.178
no checking account,24.0,existing credits paid back duly till now,business,4765.0,A64,1 <= ... < 4 years,1.0,male : single,none,2.0,if not A121 : building society savings agreement/ life insurance,31.0,bank,own,2.0,management/ self-employed/ highly qualified employee/ officer,1.0,"yes, registered under the customers name",yes,0.162
no checking account,24.0,existing credits paid back duly till now,repairs,4583.0,A62,unemployed,2.0,male : single,none,3.0,if not A121 : building society savings agreement/ life insurance,54.0,none,own,3.0,management/ self-employed/ highly qualified employee/ officer,2.0,"yes, registered under the customers name",yes,0.164
no checking account,24.0,no credits taken/ all credits paid back duly,business,4596.0,A64,1 <= ... < 4 years,2.0,male : married/widowed,none,3.0,real estate,61.0,none,own,4.0,management/ self-employed/ highly qualified employee/ officer,1.0,"yes, registered under the customers name",yes,0.196
no checking account,37.0,existing credits paid back duly till now,business,9389.0,A64,1 <= ... < 4 years,2.0,male : single,none,3.0,if not A121 : building society savings agreement/ life insurance,54.0,none,own,2.0,management/ self-employed/ highly qualified employee/ officer,2.0,"yes, registered under the customers name",yes,0.223
... >= 200 DM / salary assignments for at least 1 year,19.0,critical account/ other credits existing (not at this bank),business,1258.0,A64,1 <= ... < 4 years,2.0,male : divorced/separated,none,2.0,real estate,22.0,bank,own,2.0,skilled employee / official,1.0,"yes, registered under the customers name",yes,0.292
... >= 200 DM / salary assignments for at least 1 year,24.0,critical account/ other credits existing (not at this bank),business,1652.0,A64,unemployed,2.0,male : divorced/separated,co-applicant,4.0,real estate,36.0,none,own,2.0,skilled employee / official,1.0,none,no,0.257
... >= 200 DM / salary assignments for at least 1 year,24.0,critical account/ other credits existing (not at this bank),business,364.0,A64,1 <= ... < 4 years,2.0,male : single,none,4.0,real estate,45.0,none,own,4.0,unskilled - resident,2.0,"yes, registered under the customers name",yes,0.235
... >= 200 DM / salary assignments for at least 1 year,24.0,no credits taken/ all credits paid back duly,car (used),1283.0,A62,1 <= ... < 4 years,2.0,male : divorced/separated,none,4.0,real estate,36.0,none,own,1.0,management/ self-employed/ highly qualified employee/ officer,1.0,"yes, registered under the customers name",yes,0.155
... >= 200 DM / salary assignments for at least 1 year,27.0,critical account/ other credits existing (not at this bank),business,5205.0,A64,1 <= ... < 4 years,3.0,male : married/widowed,none,4.0,real estate,35.0,stores,own,2.0,skilled employee / official,1.0,"yes, registered under the customers name",yes,0.168
0 <= ... < 200 DM,15.0,delay in paying off in the past,car (new),2383.0,A62,.. >= 7 years,2.0,male : single,none,2.0,"if not A121/A122 : car or other, not in attribute 6",43.0,none,own,1.0,skilled employee / official,2.0,none,yes,0.297
no checking account,18.0,delay in paying off in the past,car (new),2913.0,A65,.. >= 7 years,4.0,male : single,none,4.0,real estate,22.0,none,own,1.0,skilled employee / official,2.0,none,yes,0.367
0 <= ... < 200 DM,18.0,delay in paying off in the past,radio/television,2944.0,A65,.. >= 7 years,4.0,male : single,none,4.0,"if not A121/A122 : car or other, not in attribute 6",69.0,bank,own,1.0,skilled employee / official,2.0,none,yes,0.174
0 <= ... < 200 DM,18.0,no credits taken/ all credits paid back duly,car (new),2897.0,A65,unemployed,4.0,male : married/widowed,co-applicant,4.0,"if not A121/A122 : car or other, not in attribute 6",43.0,none,own,1.0,skilled employee / official,2.0,none,yes,0.282
0 <= ... < 200 DM,26.0,delay in paying off in the past,car (new),7588.0,A65,.. >= 7 years,4.0,male : single,none,4.0,"if not A121/A122 : car or other, not in attribute 6",43.0,none,own,1.0,management/ self-employed/ highly qualified employee/ officer,2.0,none,yes,0.259
... >= 200 DM / salary assignments for at least 1 year,10.0,existing credits paid back duly till now,car (used),1296.0,A62,1 <= ... < 4 years,1.0,male : single,none,1.0,"if not A121/A122 : car or other, not in attribute 6",22.0,none,own,1.0,skilled employee / official,1.0,"yes, registered under the customers name",yes,0.222
... >= 200 DM / salary assignments for at least 1 year,4.0,delay in paying off in the past,domestic appliances,1201.0,A61,1 <= ... < 4 years,2.0,male : single,none,2.0,real estate,37.0,none,own,1.0,skilled employee / official,1.0,none,yes,0.315
... >= 200 DM / salary assignments for at least 1 year,10.0,existing credits paid back duly till now,domestic appliances,1225.0,A61,unemployed,2.0,male : married/widowed,none,2.0,"if not A121/A122 : car or other, not in attribute 6",37.0,none,own,1.0,management/ self-employed/ highly qualified employee/ officer,2.0,"yes, registered under the customers name",yes,0.173
... >= 200 DM / salary assignments for at least 1 year,10.0,existing credits paid back duly till now,domestic appliances,8092.0,A61,1 <= ... < 4 years,2.0,male : single,none,2.0,"if not A121/A122 : car or other, not in attribute 6",37.0,stores,own,1.0,skilled employee / official,1.0,"yes, registered under the customers name",yes,0.225
... >= 200 DM / salary assignments for at least 1 year,11.0,existing credits paid back duly till now,domestic appliances,721.0,A61,1 <= ... < 4 years,3.0,male : single,none,3.0,"if not A121/A122 : car or other, not in attribute 6",62.0,bank,own,1.0,skilled employee / official,1.0,"yes, registered under the customers name",yes,0.266
no checking account,20.0,critical account/ other credits existing (not at this bank),radio/television,2781.0,A61,1 <= ... < 4 years,3.0,female : divorced/separated/married,none,1.0,unknown / no property,33.0,none,own,1.0,skilled employee / official,1.0,"yes, registered under the customers name",yes,0.238
... < 0 DM,30.0,critical account/ other credits existing (not at this bank),radio/television,2838.0,A64,1 <= ... < 4 years,4.0,female : divorced/separated/married,none,2.0,"if not A121/A122 : car or other, not in attribute 6",21.0,none,own,1.0,skilled employee / official,1.0,"yes, registered under the customers name",no,0.281
no checking account,30.0,critical account/ other credits existing (not at this bank),others,2756.0,A61,1 <= ... < 4 years,4.0,female : divorced/separated/married,none,4.0,"if not A121/A122 : car or other, not in attribute 6",42.0,none,own,1.0,management/ self-employed/ highly qualified employee/ officer,1.0,"yes, registered under the customers name",yes,0.256
no checking account,30.0,no credits taken/ all credits paid back duly,radio/television,1986.0,A61,unemployed,4.0,female : divorced/separated/married,none,2.0,"if not A121/A122 : car or other, not in attribute 6",33.0,none,own,1.0,skilled employee / official,2.0,"yes, registered under the customers name",yes,0.209
no checking account,44.0,critical account/ other credits existing (not at this bank),radio/television,7041.0,A61,1 <= ... < 4 years,4.0,female : divorced/separated/married,none,2.0,"if not A121/A122 : car or other, not in attribute 6",33.0,bank,own,1.0,skilled employee / official,1.0,"yes, registered under the customers name",yes,0.166
... < 0 DM,9.0,existing credits paid back duly till now,car (used),2585.0,A61,1 <= ... < 4 years,3.0,male : divorced/separated,none,4.0,if not A121 : building society savings agreement/ life insurance,40.0,bank,own,1.0,management/ self-employed/ highly qualified employee/ officer,1.0,"yes, registered under the customers name",yes,0.234
... < 0 DM,30.0,no credits taken/ all credits paid back duly,car (used),3869.0,A61,1 <= ... < 4 years,4.0,male : divorced/separated,none,2.0,if not A121 : building society savings agreement/ life insurance,25.0,none,own,1.0,management/ self-employed/ highly qualified employee/ officer,1.0,"yes, registered under the customers name",yes,0.256
... < 0 DM,30.0,existing credits paid back duly till now,car (used),3932.0,A61,unemployed,4.0,male : married/widowed,none,4.0,unknown / no property,40.0,none,own,1.0,unemployed/ unskilled - non-resident,1.0,"yes, registered under the customers name",yes,0.206
... >= 200 DM / salary assignments for at least 1 year,30.0,existing credits paid back duly till now,car (used),3830.0,A61,1 <= ... < 4 years,4.0,male : divorced/separated,co-applicant,4.0,if not A121 : building society savings agreement/ life insurance,47.0,none,own,1.0,management/ self-employed/ highly qualified employee/ officer,2.0,"yes, registered under the customers name",yes,0.209
... < 0 DM,38.0,existing credits paid back duly till now,car (used),9266.0,A61,1 <= ... < 4 years,4.0,male : divorced/separated,none,4.0,if not A121 : building society savings agreement/ life insurance,40.0,stores,own,1.0,management/ self-employed/ highly qualified employee/ officer,1.0,"yes, registered under the customers name",yes,0.198
0 <= ... < 200 DM,12.0,no credits taken/ all credits paid back duly,car (new),1377.0,A61,... < 1 year,2.0,male : single,none,1.0,real estate,23.0,stores,own,1.0,management/ self-employed/ highly qualified employee/ officer,1.0,none,yes,0.19
no checking account,24.0,existing credits paid back duly till now,car (new),460.0,A61,.. >= 7 years,4.0,male : single,guarantor,2.0,real estate,20.0,bank,own,1.0,unskilled - resident,1.0,none,yes,0.18
0 <= ... < 200 DM,24.0,existing credits paid back duly till now,car (new),1242.0,A61,... < 1 year,4.0,male : single,none,4.0,real estate,50.0,stores,own,1.0,unskilled - resident,2.0,none,yes,0.281
0 <= ... < 200 DM,24.0,existing credits paid back duly till now,business,1252.0,A62,... < 1 year,4.0,male : married/widowed,none,2.0,unknown / no property,23.0,stores,own,1.0,unskilled - resident,1.0,none,no,0.169
0 <= ... < 200 DM,27.0,existing credits paid back duly till now,car (new),8269.0,A61,... < 1 year,4.0,male : single,none,2.0,real estate,23.0,stores,own,1.0,unskilled - resident,1.0,none,yes,0.339
... < 0 DM,7.0,critical account/ other credits existing (not at this bank),car (new),1033.0,A61,1 <= ... < 4 years,1.0,female : divorced/separated/married,co-applicant,1.0,real estate,31.0,bank,own,2.0,skilled employee / official,2.0,none,yes,0.142
... < 0 DM,12.0,critical account/ other credits existing (not at this bank),repairs,3518.0,A61,1 <= ... < 4 years,3.0,female : divorced/separated/married,co-applicant,2.0,real estate,19.0,none,own,2.0,skilled employee / official,1.0,"yes, registered under the customers name",no,0.289
... >= 200 DM / salary assignments for at least 1 year,12.0,critical account/ other credits existing (not at this bank),car (new),3390.0,A64,.. >= 7 years,3.0,female : divorced/separated/married,co-applicant,2.0,real estate,29.0,none,own,2.0,management/ self-employed/ highly qualified employee/ officer,1.0,none,yes,0.232
... < 0 DM,12.0,no credits taken/ all credits paid back duly,car (new),3536.0,A61,1 <= ... < 4 years,3.0,male : single,co-applicant,2.0,unknown / no property,29.0,none,own,1.0,skilled employee / official,1.0,none,yes,0.3
... < 0 DM,22.0,critical account/ other credits existing (not at this bank),car (new),8651.0,A61,1 <= ... < 4 years,3.0,female : divorced/separated/married,co-applicant,2.0,real estate,29.0,none,own,2.0,skilled employee / official,1.0,none,yes,0.348
no checking account,4.0,critical account/ other credits existing (not at this bank),radio/television,276.0,A61,1 <= ... < 4 years,2.0,male : single,none,1.0,"if not A121/A122 : car or other, not in attribute 6",24.0,none,own,2.0,skilled employee / official,1.0,none,yes,0.312
no checking account,18.0,critical account/ other credits existing (not at this bank),radio/television,1818.0,A61,1 <= ... < 4 years,4.0,male : single,none,2.0,real estate,19.0,none,own,2.0,unskilled - resident,1.0,"yes, registered under the customers name",no,0.214
... >= 200 DM / salary assignments for at least 1 year,18.0,critical account/ other credits existing (not at this bank),radio/television,1814.0,A62,unemployed,4.0,male : single,none,2.0,"if not A121/A122 : car or other, not in attribute 6",25.0,none,own,2.0,skilled employee / official,1.0,none,yes,0.206
no checking account,18.0,no credits taken/ all credits paid back duly,radio/television,1786.0,A61,1 <= ... < 4 years,4.0,male : married/widowed,co-applicant,2.0,"if not A121/A122 : car or other, not in attribute 6",24.0,none,own,2.0,skilled employee / official,2.0,none,yes,0.16
no checking account,33.0,critical account/ other credits existing (not at this bank),radio/television,6729.0,A61,1 <= ... < 4 years,4.0,male : single,none,2.0,"if not A121/A122 : car or other, not in attribute 6",24.0,none,own,1.0,skilled employee / official,1.0,none,yes,0.24
0 <= ... < 200 DM,29.0,delay in paying off in the past,car (new),7601.0,A62,.. >= 7 years,1.0,male : single,none,3.0,"if not A121/A122 : car or other, not in attribute 6",27.0,bank,own,2.0,management/ self-employed/ highly qualified employee/ officer,1.0,"yes, registered under the customers name",yes,0.127
0 <= ... < 200 DM,36.0,delay in paying off in the past,car (new),8012.0,A62,.. >= 7 years,2.0,male : single,none,4.0,"if not A121/A122 : car or other, not in attribute 6",42.0,none,own,4.0,management/ self-employed/ highly qualified employee/ officer,1.0,none,no,0.355
... >= 200 DM / salary assignments for at least 1 year,36.0,critical account/ other credits existing (not at this bank),radio/television,8117.0,A62,.. >= 7 years,2.0,male : single,none,4.0,real estate,42.0,none,own,4.0,management/ self-employed/ highly qualified employee/ officer,1.0,"yes, registered under the customers name",yes,0.102
0 <= ... < 200 DM,36.0,delay in paying off in the past,car (new),8071.0,A62,unemployed,2.0,male : married/widowed,co-applicant,4.0,"if not A121/A122 : car or other, not in attribute 6",42.0,none,own,4.0,management/ self-employed/ highly qualified employee/ officer,2.0,"yes, registered under the customers name",yes,0.157
0 <= ... < 200 DM,47.0,delay in paying off in the past,car (new),13975.0,A62,.. >= 7 years,2.0,male : single,none,4.0,"if not A121/A122 : car or other, not in attribute 6",45.0,none,own,4.0,management/ self-employed/ highly qualified employee/ officer,1.0,"yes, registered under the customers name",yes,0.303
... >= 200 DM / salary assignments for at least 1 year,6.0,delay in paying off in the past,radio/television,608.0,A61,... < 1 year,1.0,male : single,co-applicant,1.0,if not A121 : building society savings agreement/ life insurance,21.0,bank,own,1.0,skilled employee / official,1.0,none,yes,0.233
... >= 200 DM / salary assignments for at least 1 year,6.0,critical account/ other credits existing (not at this bank),radio/television,276.0,A61,... < 1 year,2.0,female : divorced/separated/married,none,1.0,if not A121 : building society savings agreement/ life insurance,29.0,bank,own,1.0,management/ self-employed/ highly qualified employee/ officer,1.0,"yes, registered under the customers name",yes,0.221
... >= 200 DM / salary assignments for at least 1 year,4.0,delay in paying off in the past,repairs,727.0,A61,.. >= 7 years,2.0,female : divorced/separated/married,none,1.0,real estate,29.0,stores,own,1.0,skilled employee / official,1.0,none,yes,0.135
... >= 200 DM / salary assignments for at least 1 year,25.0,delay in paying off in the past,radio/television,5166.0,A61,... < 1 year,2.0,female : divorced/separated/married,none,1.0,if not A121 : building society savings agreement/ life insurance,29.0,bank,own,1.0,skilled employee / official,2.0,none,yes,0.23
... >= 200 DM / salary assignments for at least 1 year,6.0,delay in paying off in the past,radio/television,618.0,A61,... < 1 year,4.0,female : divorced/separated/married,none,1.0,if not A121 : building society savings agreement/ life insurance,58.0,bank,own,1.0,skilled employee / official,2.0,none,yes,0.278
0 <= ... < 200 DM,25.0,no credits taken/ all credits paid back duly,business,4354.0,A62,1 <= ... < 4 years,3.0,female : divorced/separated/married,none,2.0,"if not A121/A122 : car or other, not in attribute 6",26.0,none,own,2.0,unskilled - resident,1.0,none,yes,0.283
no checking account,30.0,no credits taken/ all credits paid back duly,business,4209.0,A62,.. >= 7 years,4.0,female : divorced/separated/married,none,4.0,"if not A121/A122 : car or other, not in attribute 6",21.0,bank,rent,2.0,unskilled - resident,1.0,none,no,0.224
0 <= ... < 200 DM,30.0,no credits taken/ all credits paid back duly,radio/television,4273.0,A62,1 <= ... < 4 years,4.0,female : divorced/separated/married,none,4.0,real estate,26.0,none,rent,1.0,management/ self-employed/ highly qualified employee/ officer,1.0,none,yes,0.216
0 <= ... < 200 DM,30.0,no credits taken/ all credits paid back duly,business,3641.0,A62,1 <= ... < 4 years,4.0,male : married/widowed,co-applicant,4.0,"if not A121/A122 : car or other, not in attribute 6",31.0,stores,rent,2.0,unskilled - resident,2.0,none,yes,0.133
0 <= ... < 200 DM,46.0,no credits taken/ all credits paid back duly,business,8457.0,A62,1 <= ... < 4 years,4.0,female : divorced/separated/married,none,4.0,"if not A121/A122 : car or other, not in attribute 6",26.0,none,rent,1.0,unskilled - resident,2.0,none,yes,0.249
... < 0 DM,7.0,no credits taken/ all credits paid back duly,repairs,1116.0,A62,unemployed,4.0,male : single,none,1.0,real estate,28.0,none,own,2.0,skilled employee / official,2.0,none,yes,0.124
... >= 200 DM / salary assignments for at least 1 year,12.0,no credits taken/ all credits paid back duly,repairs,427.0,A61,4 <= ... < 7 years,2.0,male : single,none,3.0,real estate,20.0,none,own,2.0,skilled employee / official,1.0,none,no,0.228
... < 0 DM,12.0,no credits taken/ all credits paid back duly,repairs,946.0,A61,4 <= ... < 7 years,4.0,male : single,none,4.0,real estate,28.0,bank,own,4.0,skilled employee / official,1.0,none,yes,0.133
... < 0 DM,12.0,critical account/ other credits existing (not at this bank),car (used),1098.0,A61,4 <= ... < 7 years,4.0,male : married/widowed,co-applicant,3.0,unknown / no property,28.0,none,own,2.0,skilled employee / official,1.0,none,yes,0.223
... < 0 DM,26.0,no credits taken/ all credits paid back duly,repairs,6165.0,A61,4 <= ... < 7 years,4.0,male : single,none,3.0,real estate,30.0,none,own,1.0,skilled employee / official,1.0,none,yes,0.24
0 <= ... < 200 DM,12.0,existing credits paid back duly till now,radio/television,595.0,A61,... < 1 year,4.0,male : married/widowed,guarantor,1.0,real estate,26.0,bank,own,1.0,unskilled - resident,1.0,none,yes,0.192
0 <= ... < 200 DM,4.0,existing credits paid back duly till now,radio/television,276.0,A61,... < 1 year,1.0,male : married/widowed,guarantor,1.0,real estate,19.0,bank,own,1.0,unskilled - resident,2.0,none,yes,0.105
0 <= ... < 200 DM,12.0,existing credits paid back duly till now,repairs,554.0,A65,... < 1 year,4.0,male : married/widowed,guarantor,1.0,if not A121 : building society savings agreement/ life insurance,26.0,bank,own,1.0,unskilled - resident,2.0,none,yes,0.238
0 <= ... < 200 DM,17.0,existing credits paid back duly till now,radio/television,2040.0,A61,... < 1 year,4.0,male : married/widowed,guarantor,1.0,real estate,31.0,bank,own,1.0,unskilled - resident,1.0,none,yes,0.185
0 <= ... < 200 DM,32.0,existing credits paid back duly till now,radio/television,6357.0,A61,... < 1 year,4.0,male : married/widowed,guarantor,2.0,real estate,46.0,bank,own,2.0,unskilled - resident,1.0,none,yes,0.185
... < 0 DM,6.0,no credits taken/ all credits paid back duly,repairs,1055.0,A62,unemployed,4.0,male : single,none,1.0,real estate,28.0,none,own,2.0,skilled employee / official,2.0,none,yes,0.124
... >= 200 DM / salary assignments for at least 1 year,12.0,no credits taken/ all credits paid back duly,repairs,342.0,A61,4 <= ... < 7 years,2.0,male : single,none,3.0,real estate,19.0,none,own,2.0,skilled employee / official,1.0,none,no,0.227
... < 0 DM,12.0,no credits taken/ all credits paid back duly,repairs,1134.0,A61,4 <= ... < 7 years,4.0,male : single,none,4.0,real estate,28.0,bank,own,4.0,skilled employee / official,1.0,none,yes,0.132
... < 0 DM,12.0,critical account/ other credits existing (not at this bank),car (used),1045.0,A61,4 <= ... < 7 years,4.0,male : married/widowed,co-applicant,3.0,unknown / no property,28.0,none,own,2.0,skilled employee / official,1.0,none,yes,0.224
... < 0 DM,26.0,no credits taken/ all credits paid back duly,repairs,6211.0,A61,4 <= ... < 7 years,4.0,male : single,none,3.0,real estate,30.0,none,own,1.0,skilled employee / official,1.0,none,yes,0.24
0 <= ... < 200 DM,32.0,existing credits paid back duly till now,radio/television,2776.0,A61,1 <= ... < 4 years,1.0,female : divorced/separated/married,none,1.0,real estate,24.0,none,own,1.0,skilled employee / official,1.0,none,yes,0.319
... >= 200 DM / salary assignments for at least 1 year,48.0,existing credits paid back duly till now,radio/television,5881.0,A61,1 <= ... < 4 years,2.0,female : divorced/separated/married,none,2.0,real estate,19.0,none,own,1.0,unemployed/ unskilled - non-resident,1.0,none,yes,0.202
0 <= ... < 200 DM,48.0,existing credits paid back duly till now,radio/television,5915.0,A62,unemployed,2.0,female : divorced/separated/married,co-applicant,2.0,real estate,23.0,none,own,1.0,skilled employee / official,1.0,none,no,0.151
0 <= ... < 200 DM,60.0,existing credits paid back duly till now,car (used),5886.0,A61,1 <= ... < 4 years,2.0,female : divorced/separated/married,none,2.0,unknown / no property,22.0,none,own,1.0,skilled employee / official,2.0,none,yes,0.17
0 <= ... < 200 DM,47.0,existing credits paid back duly till now,radio/television,13784.0,A61,1 <= ... < 4 years,2.0,female : divorced/separated/married,none,2.0,real estate,22.0,none,own,1.0,skilled employee / official,1.0,none,yes,0.255
0 <= ... < 200 DM,9.0,existing credits paid back duly till now,radio/television,1105.0,A61,1 <= ... < 4 years,1.0,male : single,none,1.0,real estate,22.0,none,own,1.0,unskilled - resident,2.0,none,yes,0.174
0 <= ... < 200 DM,9.0,existing credits paid back duly till now,radio/television,2234.0,A61,1 <= ... < 4 years,2.0,male : single,none,2.0,real estate,37.0,stores,rent,1.0,unskilled - resident,2.0,"yes, registered under the customers name",no,0.244
0 <= ... < 200 DM,4.0,existing credits paid back duly till now,car (used),1916.0,A61,1 <= ... < 4 years,2.0,male : single,guarantor,2.0,real estate,35.0,none,own,1.0,unskilled - resident,2.0,none,yes,0.208
0 <= ... < 200 DM,15.0,existing credits paid back duly till now,radio/television,3718.0,A61,1 <= ... < 4 years,2.0,male : single,none,2.0,real estate,43.0,none,own,1.0,unskilled - resident,2.0,none,yes,0.182
0 <= ... < 200 DM,29.0,existing credits paid back duly till now,radio/television,7778.0,A61,1 <= ... < 4 years,3.0,male : single,none,3.0,real estate,57.0,none,own,2.0,unskilled - resident,2.0,none,yes,0.188
0 <= ... < 200 DM,14.0,delay in paying off in the past,furniture/equipment,3144.0,A61,.. >= 7 years,3.0,male : divorced/separated,none,2.0,unknown / no property,27.0,none,own,1.0,management/ self-employed/ highly qualified employee/ officer,1.0,"yes, registered under the customers name",yes,0.4
... >= 200 DM / salary assignments for at least 1 year,18.0,critical account/ other credits existing (not at this bank),furniture/equipment,4300.0,A61,.. >= 7 years,4.0,male : divorced/separated,none,3.0,unknown / no property,40.0,none,own,1.0,management/ self-employed/ highly qualified employee/ officer,1.0,none,no,0.348
no checking account,18.0,delay in paying off in the past,business,4304.0,A61,.. >= 7 years,4.0,male : divorced/separated,none,4.0,unknown / no property,53.0,none,own,1.0,management/ self-employed/ highly qualified employee/ officer,1.0,"yes, registered under the customers name",yes,0.283
0 <= ... < 200 DM,18.0,delay in paying off in the past,furniture/equipment,4250.0,A62,unemployed,4.0,male : divorced/separated,none,3.0,real estate,40.0,none,own,1.0,management/ self-employed/ highly qualified employee/ officer,2.0,"yes, registered under the customers name",yes,0.18
0 <= ... < 200 DM,29.0,delay in paying off in the past,furniture/equipment,9291.0,A61,.. >= 7 years,4.0,male : divorced/separated,none,3.0,unknown / no property,40.0,none,own,1.0,management/ self-employed/ highly qualified employee/ officer,2.0,"yes, registered under the customers name",yes,0.227
... >= 200 DM / salary assignments for at least 1 year,18.0,critical account/ other credits existing (not at this bank),business,1340.0,A64,1 <= ... < 4 years,2.0,male : divorced/separated,none,2.0,real estate,23.0,bank,own,2.0,skilled employee / official,1.0,"yes, registered under the customers name",yes,0.293
... >= 200 DM / salary assignments for at least 1 year,24.0,critical account/ other credits existing (not at this bank),business,1190.0,A64,unemployed,2.0,male : divorced/separated,co-applicant,4.0,real estate,37.0,none,own,2.0,skilled employee / official,1.0,none,no,0.26
... >= 200 DM / salary assignments for at least 1 year,24.0,critical account/ other credits existing (not at this bank),business,276.0,A64,1 <= ... < 4 years,2.0,male : single,none,4.0,real estate,36.0,none,own,4.0,unskilled - resident,2.0,"yes, registered under the customers name",yes,0.229
... >= 200 DM / salary assignments for at least 1 year,24.0,no credits taken/ all credits paid back duly,car (used),1319.0,A62,1 <= ... < 4 years,2.0,male : divorced/separated,none,4.0,real estate,38.0,none,own,1.0,skilled employee / official,1.0,"yes, registered under the customers name",yes,0.295
... >= 200 DM / salary assignments for at least 1 year,30.0,critical account/ other credits existing (not at this bank),business,5336.0,A64,1 <= ... < 4 years,3.0,male : married/widowed,none,4.0,real estate,36.0,stores,own,2.0,skilled employee / official,1.0,"yes, registered under the customers name",yes,0.167
... < 0 DM,8.0,existing credits paid back duly till now,car (used),2505.0,A61,1 <= ... < 4 years,3.0,male : divorced/separated,none,4.0,if not A121 : building society savings agreement/ life insurance,40.0,bank,own,1.0,management/ self-employed/ highly qualified employee/ officer,1.0,"yes, registered under the customers name",yes,0.235
... < 0 DM,30.0,no credits taken/ all credits paid back duly,car (used),3891.0,A61,1 <= ... < 4 years,4.0,male : divorced/separated,none,2.0,if not A121 : building society savings agreement/ life insurance,26.0,none,own,1.0,management/ self-employed/ highly qualified employee/ officer,1.0,"yes, registered under the customers name",yes,0.256
... < 0 DM,30.0,existing credits paid back duly till now,car (used),3881.0,A61,unemployed,4.0,male : married/widowed,none,4.0,unknown / no property,46.0,none,own,1.0,management/ self-employed/ highly qualified employee/ officer,1.0,"yes, registered under the customers name",yes,0.125
... >= 200 DM / salary assignments for at least 1 year,30.0,existing credits paid back duly till now,radio/television,3835.0,A61,1 <= ... < 4 years,4.0,male : divorced/separated,co-applicant,4.0,if not A121 : building society savings agreement/ life insurance,40.0,none,own,1.0,management/ self-employed/ highly qualified employee/ officer,2.0,"yes, registered under the customers name",yes,0.234
... < 0 DM,39.0,existing credits paid back duly till now,car (used),9540.0,A61,1 <= ... < 4 years,4.0,male : divorced/separated,none,4.0,if not A121 : building society savings agreement/ life insurance,40.0,stores,own,1.0,management/ self-employed/ highly qualified employee/ officer,1.0,"yes, registered under the customers name",yes,0.196
0 <= ... < 200 DM,6.0,critical account/ other credits existing (not at this bank),furniture/equipment,276.0,A61,unemployed,1.0,male : single,none,1.0,if not A121 : building society savings agreement/ life insurance,19.0,stores,own,2.0,management/ self-employed/ highly qualified employee/ officer,1.0,"yes, registered under the customers name",yes,0.233
... >= 200 DM / salary assignments for at least 1 year,4.0,delay in paying off in the past,furniture/equipment,1041.0,A61,unemployed,4.0,male : single,co-applicant,1.0,real estate,35.0,stores,own,2.0,management/ self-employed/ highly qualified employee/ officer,1.0,"yes, registered under the customers name",yes,0.071
0 <= ... < 200 DM,6.0,delay in paying off in the past,radio/television,989.0,A61,unemployed,4.0,male : single,none,1.0,if not A121 : building society savings agreement/ life insurance,35.0,stores,own,4.0,management/ self-employed/ highly qualified employee/ officer,1.0,none,no,0.207
0 <= ... < 200 DM,4.0,delay in paying off in the past,furniture/equipment,1403.0,A61,unemployed,4.0,male : single,none,1.0,if not A121 : building society savings agreement/ life insurance,36.0,none,own,1.0,management/ self-employed/ highly qualified employee/ officer,2.0,"yes, registered under the customers name",yes,0.261
0 <= ... < 200 DM,20.0,delay in paying off in the past,furniture/equipment,5261.0,A61,unemployed,4.0,male : single,none,2.0,if not A121 : building society savings agreement/ life insurance,47.0,stores,own,2.0,management/ self-employed/ highly qualified employee/ officer,1.0,"yes, registered under the customers name",yes,0.234
0 <= ... < 200 DM,4.0,existing credits paid back duly till now,radio/television,276.0,A65,1 <= ... < 4 years,2.0,male : married/widowed,none,1.0,real estate,19.0,bank,own,1.0,management/ self-employed/ highly qualified employee/ officer,2.0,"yes, registered under the customers name",yes,0.064
... >= 200 DM / salary assignments for at least 1 year,12.0,existing credits paid back duly till now,radio/television,1452.0,A61,4 <= ... < 7 years,1.0,male : married/widowed,none,1.0,real estate,25.0,none,own,1.0,skilled employee / official,1.0,"yes, registered under the customers name",yes,0.261
0 <= ... < 200 DM,12.0,delay in paying off in the past,radio/television,1541.0,A65,1 <= ... < 4 years,3.0,female : divorced/separated/married,none,1.0,real estate,25.0,stores,own,1.0,skilled employee / official,1.0,"yes, registered under the customers name",yes,0.237
0 <= ... < 200 DM,12.0,existing credits paid back duly till now,car (used),1433.0,A65,1 <= ... < 4 years,2.0,male : married/widowed,co-applicant,1.0,unknown / no property,29.0,none,own,1.0,skilled employee / official,1.0,"yes, registered under the customers name",yes,0.295
0 <= ... < 200 DM,22.0,existing credits paid back duly till now,radio/television,7296.0,A65,1 <= ... < 4 years,2.0,male : married/widowed,none,1.0,real estate,25.0,none,own,1.0,skilled employee / official,2.0,"yes, registered under the customers name",yes,0.24
no checking account,13.0,critical account/ other credits existing (not at this bank),radio/television,2866.0,A61,4 <= ... < 7 years,2.0,male : single,co-applicant,1.0,"if not A121/A122 : car or other, not in attribute 6",28.0,none,own,1.0,skilled employee / official,1.0,none,yes,0.242
... >= 200 DM / salary assignments for at least 1 year,28.0,critical account/ other credits existing (not at this bank),radio/television,5795.0,A64,1 <= ... < 4 years,3.0,male : single,co-applicant,2.0,real estate,38.0,bank,own,1.0,unskilled - resident,1.0,none,yes,0.053
no checking account,30.0,critical account/ other credits existing (not at this bank),car (used),6014.0,A61,4 <= ... < 7 years,3.0,male : single,co-applicant,2.0,"if not A121/A122 : car or other, not in attribute 6",37.0,none,own,1.0,skilled employee / official,2.0,"yes, registered under the customers name",no,0.155
no checking account,34.0,critical account/ other credits existing (not at this bank),radio/television,6970.0,A61,4 <= ... < 7 years,3.0,male : single,co-applicant,2.0,"if not A121/A122 : car or other, not in attribute 6",42.0,none,own,1.0,skilled employee / official,1.0,none,yes,0.241
no checking account,49.0,critical account/ other credits existing (not at this bank),radio/television,11254.0,A61,4 <= ... < 7 years,4.0,male : single,co-applicant,3.0,"if not A121/A122 : car or other, not in attribute 6",57.0,none,own,2.0,skilled employee / official,1.0,none,yes,0.232
no checking account,4.0,existing credits paid back duly till now,retraining,571.0,A65,unemployed,2.0,male : single,none,2.0,if not A121 : building society savings agreement/ life insurance,19.0,none,own,1.0,management/ self-employed/ highly qualified employee/ officer,2.0,"yes, registered under the customers name",yes,0.262
... >= 200 DM / salary assignments for at least 1 year,6.0,critical account/ other credits existing (not at this bank),others,1230.0,A65,unemployed,4.0,male : single,guarantor,4.0,if not A121 : building society savings agreement/ life insurance,36.0,none,own,1.0,management/ self-employed/ highly qualified employee/ officer,2.0,none,no,0.255
no checking account,6.0,existing credits paid back duly till now,retraining,1244.0,A65,unemployed,4.0,male : married/widowed,none,4.0,real estate,36.0,stores,own,1.0,management/ self-employed/ highly qualified employee/ officer,2.0,"yes, registered under the customers name",yes,0.103
no checking account,6.0,existing credits paid back duly till now,retraining,1318.0,A62,.. >= 7 years,4.0,male : single,none,4.0,if not A121 : building society savings agreement/ life insurance,36.0,none,own,1.0,management/ self-employed/ highly qualified employee/ officer,2.0,"yes, registered under the customers name",yes,0.245
no checking account,20.0,existing credits paid back duly till now,retraining,5129.0,A65,unemployed,4.0,male : single,none,4.0,if not A121 : building society savings agreement/ life insurance,49.0,none,own,1.0,management/ self-employed/ highly qualified employee/ officer,2.0,"yes, registered under the customers name",yes,0.261
... < 0 DM,49.0,no credits taken/ all credits paid back duly,furniture/equipment,6808.0,A61,1 <= ... < 4 years,2.0,male : single,none,3.0,unknown / no property,36.0,none,own,2.0,skilled employee / official,2.0,none,yes,0.258
... >= 200 DM / salary assignments for at least 1 year,48.0,no credits taken/ all credits paid back duly,furniture/equipment,7111.0,A62,1 <= ... < 4 years,3.0,male : single,none,4.0,unknown / no property,53.0,bank,for free,2.0,skilled employee / official,2.0,"yes, registered under the customers name",yes,0.173
... < 0 DM,47.0,no credits taken/ all credits paid back duly,car (used),7055.0,A61,1 <= ... < 4 years,3.0,male : single,none,4.0,unknown / no property,61.0,none,for free,1.0,management/ self-employed/ highly qualified employee/ officer,2.0,none,no,0.156
... < 0 DM,60.0,no credits taken/ all credits paid back duly,radio/television,7144.0,A61,unemployed,3.0,male : single,none,4.0,real estate,53.0,none,for free,2.0,skilled employee / official,2.0,none,yes,0.226
... < 0 DM,48.0,no credits taken/ all credits paid back duly,furniture/equipment,13243.0,A61,1 <= ... < 4 years,3.0,male : single,none,4.0,unknown / no property,53.0,stores,for free,2.0,skilled employee / official,2.0,none,yes,0.255
no checking account,24.0,critical account/ other credits existing (not at this bank),radio/television,5069.0,A61,... < 1 year,1.0,male : married/widowed,none,1.0,unknown / no property,37.0,none,for free,1.0,skilled employee / official,1.0,"yes, registered under the customers name",yes,0.38
no checking account,24.0,critical account/ other credits existing (not at this bank),radio/television,5037.0,A61,4 <= ... < 7 years,3.0,male : married/widowed,none,3.0,unknown / no property,47.0,none,for free,3.0,unskilled - resident,2.0,"yes, registered under the customers name",no,0.236
no checking account,24.0,no credits taken/ all credits paid back duly,radio/television,4707.0,A61,... < 1 year,3.0,male : married/widowed,co-applicant,4.0,unknown / no property,48.0,bank,own,4.0,skilled employee / official,1.0,"yes, registered under the customers name",yes,0.102
no checking account,22.0,critical account/ other credits existing (not at this bank),radio/television,5097.0,A62,... < 1 year,3.0,male : single,none,3.0,real estate,50.0,none,for free,3.0,management/ self-employed/ highly qualified employee/ officer,2.0,"yes, registered under the customers name",yes,0.221
no checking account,29.0,critical account/ other credits existing (not at this bank),radio/television,10567.0,A61,unemployed,3.0,male : married/widowed,none,3.0,unknown / no property,47.0,none,for free,3.0,skilled employee / official,1.0,"yes, registered under the customers name",yes,0.284
no checking account,20.0,existing credits paid back duly till now,car (used),3857.0,A61,1 <= ... < 4 years,1.0,female : divorced/separated/married,none,1.0,if not A121 : building society savings agreement/ life insurance,30.0,bank,own,1.0,skilled employee / official,1.0,none,yes,0.282
no checking account,36.0,existing credits paid back duly till now,car (used),8158.0,A61,1 <= ... < 4 years,4.0,female : divorced/separated/married,none,2.0,if not A121 : building society savings agreement/ life insurance,30.0,bank,own,1.0,skilled employee / official,1.0,none,yes,0.243
no checking account,35.0,existing credits paid back duly till now,radio/television,8047.0,A61,1 <= ... < 4 years,1.0,female : divorced/separated/married,none,2.0,if not A121 : building society savings agreement/ life insurance,19.0,bank,own,1.0,skilled employee / official,2.0,"yes, registered under the customers name",yes,0.203
no checking account,41.0,existing credits paid back duly till now,car (used),9657.0,A61,1 <= ... < 4 years,1.0,female : divorced/separated/married,none,2.0,if not A121 : building society savings agreement/ life insurance,35.0,bank,own,1.0,skilled employee / official,1.0,none,yes,0.244
no checking account,55.0,existing credits paid back duly till now,car (used),14333.0,A61,1 <= ... < 4 years,1.0,female : divorced/separated/married,none,3.0,if not A121 : building society savings agreement/ life insurance,45.0,bank,own,1.0,management/ self-employed/ highly qualified employee/ officer,1.0,none,yes,0.099
0 <= ... < 200 DM,28.0,existing credits paid back duly till now,radio/television,2184.0,A61,4 <= ... < 7 years,3.0,male : single,none,3.0,real estate,27.0,none,own,2.0,skilled employee / official,1.0,none,yes,0.352
... >= 200 DM / salary assignments for at least 1 year,48.0,existing credits paid back duly till now,radio/television,3055.0,A61,.. >= 7 years,4.0,male : single,guarantor,4.0,real estate,19.0,none,own,1.0,skilled employee / official,1.0,none,no,0.27
0 <= ... < 200 DM,49.0,existing credits paid back duly till now,radio/television,3072.0,A62,4 <= ... < 7 years,4.0,male : single,none,4.0,real estate,28.0,none,own,4.0,skilled employee / official,2.0,none,yes,0.205
0 <= ... < 200 DM,59.0,critical account/ other credits existing (not at this bank),car (used),3064.0,A61,4 <= ... < 7 years,4.0,male : married/widowed,none,4.0,unknown / no property,28.0,none,own,2.0,skilled employee / official,1.0,none,yes,0.204
0 <= ... < 200 DM,48.0,existing credits paid back duly till now,radio/television,9359.0,A61,4 <= ... < 7 years,4.0,male : single,none,4.0,real estate,37.0,none,own,2.0,skilled employee / official,1.0,none,yes,0.31
0 <= ... < 200 DM,16.0,existing credits paid back duly till now,business,3956.0,A61,1 <= ... < 4 years,3.0,male : single,none,1.0,"if not A121/A122 : car or other, not in attribute 6",23.0,none,own,1.0,skilled employee / official,2.0,"yes, registered under the customers name",yes,0.312
0 <= ... < 200 DM,27.0,critical account/ other credits existing (not at this bank),business,2776.0,A61,1 <= ... < 4 years,4.0,male : single,guarantor,2.0,"if not A121/A122 : car or other, not in attribute 6",36.0,none,own,1.0,skilled employee / official,2.0,none,yes,0.305
... >= 200 DM / salary assignments for at least 1 year,27.0,existing credits paid back duly till now,car (used),3936.0,A62,1 <= ... < 4 years,4.0,female : divorced/separated/married,none,2.0,"if not A121/A122 : car or other, not in attribute 6",36.0,none,own,1.0,skilled employee / official,2.0,"yes, registered under the customers name",yes,0.176
0 <= ... < 200 DM,40.0,existing credits paid back duly till now,business,8742.0,A61,1 <= ... < 4 years,4.0,male : single,none,2.0,"if not A121/A122 : car or other, not in attribute 6",36.0,none,own,1.0,skilled employee / official,2.0,"yes, registered under the customers name",yes,0.277
0 <= ... < 200 DM,28.0,existing credits paid back duly till now,business,3997.0,A61,1 <= ... < 4 years,4.0,male : single,none,3.0,"if not A121/A122 : car or other, not in attribute 6",62.0,stores,own,1.0,unemployed/ unskilled - non-resident,2.0,"yes, registered under the customers name",yes,0.146
no checking account,26.0,critical account/ other credits existing (not at this bank),car (used),5706.0,A65,.. >= 7 years,1.0,male : single,co-applicant,3.0,"if not A121/A122 : car or other, not in attribute 6",46.0,bank,own,2.0,skilled employee / official,1.0,none,yes,0.116
... >= 200 DM / salary assignments for at least 1 year,30.0,critical account/ other credits existing (not at this bank),car (used),7559.0,A65,.. >= 7 years,1.0,male : single,none,4.0,"if not A121/A122 : car or other, not in attribute 6",63.0,none,own,1.0,unskilled - resident,1.0,none,no,0.252
no checking account,30.0,critical account/ other credits existing (not at this bank),car (used),7579.0,A64,.. >= 7 years,1.0,male : single,none,4.0,unknown / no property,75.0,none,own,2.0,skilled employee / official,1.0,none,yes,0.259
no checking account,30.0,no credits taken/ all credits paid back duly,radio/television,7618.0,A65,unemployed,1.0,male : married/widowed,none,4.0,"if not A121/A122 : car or other, not in attribute 6",63.0,none,own,2.0,skilled employee / official,2.0,none,yes,0.191
no checking account,50.0,critical account/ other credits existing (not at this bank),car (used),10945.0,A65,.. >= 7 years,1.0,male : single,none,4.0,"if not A121/A122 : car or other, not in attribute 6",63.0,none,own,1.0,skilled employee / official,1.0,none,yes,0.293
0 <= ... < 200 DM,16.0,critical account/ other credits existing (not at this bank),radio/television,1281.0,A63,1 <= ... < 4 years,2.0,male : single,none,1.0,if not A121 : building society savings agreement/ life insurance,23.0,bank,own,2.0,unskilled - resident,2.0,none,yes,0.167
0 <= ... < 200 DM,27.0,critical account/ other credits existing (not at this bank),radio/television,2452.0,A61,1 <= ... < 4 years,4.0,male : single,co-applicant,2.0,"if not A121/A122 : car or other, not in attribute 6",21.0,none,own,1.0,unskilled - resident,1.0,none,no,0.228
... >= 200 DM / salary assignments for at least 1 year,27.0,critical account/ other credits existing (not at this bank),radio/television,2596.0,A63,unemployed,4.0,male : single,none,2.0,if not A121 : building society savings agreement/ life insurance,23.0,none,own,1.0,management/ self-employed/ highly qualified employee/ officer,1.0,none,yes,0.194
0 <= ... < 200 DM,27.0,no credits taken/ all credits paid back duly,radio/television,2601.0,A63,1 <= ... < 4 years,4.0,male : married/widowed,none,3.0,if not A121 : building society savings agreement/ life insurance,23.0,stores,own,2.0,unskilled - resident,1.0,none,yes,0.259
0 <= ... < 200 DM,37.0,critical account/ other credits existing (not at this bank),radio/television,7184.0,A63,1 <= ... < 4 years,4.0,male : single,none,2.0,if not A121 : building society savings agreement/ life insurance,23.0,none,own,2.0,unskilled - resident,2.0,none,yes,0.264
... >= 200 DM / salary assignments for at least 1 year,36.0,critical account/ other credits existing (not at this bank),car (used),4764.0,A61,.. >= 7 years,3.0,male : single,none,3.0,unknown / no property,38.0,bank,for free,1.0,skilled employee / official,1.0,none,yes,0.179
no checking account,42.0,critical account/ other credits existing (not at this bank),car (used),4853.0,A61,.. >= 7 years,4.0,male : single,none,4.0,unknown / no property,56.0,none,own,1.0,skilled employee / official,1.0,"yes, registered under the customers name",no,0.223
... >= 200 DM / salary assignments for at least 1 year,42.0,no credits taken/ all credits paid back duly,radio/television,3890.0,A62,.. >= 7 years,4.0,male : single,none,4.0,unknown / no property,59.0,none,for free,1.0,skilled employee / official,2.0,none,yes,0.207
... >= 200 DM / salary assignments for at least 1 year,42.0,critical account/ other credits existing (not at this bank),car (used),4755.0,A61,unemployed,4.0,male : married/widowed,co-applicant,4.0,real estate,56.0,none,for free,1.0,skilled employee / official,1.0,none,yes,0.295
... >= 200 DM / salary assignments for at least 1 year,47.0,critical account/ other credits existing (not at this bank),car (used),10333.0,A61,.. >= 7 years,4.0,male : single,none,4.0,unknown / no property,56.0,none,for free,1.0,management/ self-employed/ highly qualified employee/ officer,1.0,none,yes,0.179
no checking account,18.0,existing credits paid back duly till now,furniture/equipment,3551.0,A61,.. >= 7 years,3.0,male : single,none,3.0,unknown / no property,25.0,bank,own,1.0,skilled employee / official,2.0,"yes, registered under the customers name",yes,0.182
no checking account,18.0,no credits taken/ all credits paid back duly,furniture/equipment,3507.0,A61,4 <= ... < 7 years,4.0,male : single,co-applicant,4.0,if not A121 : building society savings agreement/ life insurance,47.0,bank,own,3.0,skilled employee / official,2.0,none,yes,0.194
no checking account,11.0,existing credits paid back duly till now,repairs,276.0,A61,.. >= 7 years,4.0,male : single,none,4.0,if not A121 : building society savings agreement/ life insurance,47.0,bank,own,3.0,skilled employee / official,2.0,"yes, registered under the customers name",yes,0.271
no checking account,18.0,existing credits paid back duly till now,car (used),3459.0,A62,.. >= 7 years,4.0,male : married/widowed,none,4.0,if not A121 : building society savings agreement/ life insurance,47.0,bank,own,3.0,skilled employee / official,2.0,"yes, registered under the customers name",no,0.197
no checking account,29.0,existing credits paid back duly till now,furniture/equipment,7951.0,A61,.. >= 7 years,4.0,male : single,none,4.0,real estate,48.0,bank,own,3.0,skilled employee / official,2.0,"yes, registered under the customers name",yes,0.207
no checking account,11.0,critical account/ other credits existing (not at this bank),education,2219.0,A61,.. >= 7 years,1.0,female : divorced/separated/married,none,3.0,unknown / no property,33.0,bank,for free,3.0,unskilled - resident,1.0,none,yes,0.34
... >= 200 DM / salary assignments for at least 1 year,12.0,critical account/ other credits existing (not at this bank),education,2775.0,A61,.. >= 7 years,2.0,female : divorced/separated/married,none,4.0,unknown / no property,57.0,bank,for free,1.0,unskilled - resident,1.0,none,no,0.285
no checking account,12.0,no credits taken/ all credits paid back duly,education,2696.0,A64,.. >= 7 years,2.0,male : single,none,4.0,unknown / no property,67.0,bank,for free,4.0,unskilled - resident,2.0,none,yes,0.198
no checking account,12.0,critical account/ other credits existing (not at this bank),radio/television,2718.0,A61,.. >= 7 years,2.0,female : divorced/separated/married,co-applicant,4.0,unknown / no property,57.0,bank,for free,3.0,management/ self-employed/ highly qualified employee/ officer,1.0,"yes, registered under the customers name",yes,0.135
no checking account,30.0,critical account/ other credits existing (not at this bank),education,6839.0,A61,.. >= 7 years,3.0,female : divorced/separated/married,none,4.0,unknown / no property,57.0,bank,for free,2.0,unskilled - resident,2.0,none,yes,0.195
no checking account,10.0,critical account/ other credits existing (not at this bank),car (used),2223.0,A64,1 <= ... < 4 years,3.0,male : single,none,1.0,real estate,27.0,none,own,2.0,skilled employee / official,1.0,none,yes,0.263
no checking account,24.0,critical account/ other credits existing (not at this bank),car (used),5759.0,A64,1 <= ... < 4 years,4.0,male : single,none,2.0,real estate,26.0,none,own,2.0,skilled employee / official,1.0,none,yes,0.253
no checking account,24.0,critical account/ other credits existing (not at this bank),education,5831.0,A64,1 <= ... < 4 years,4.0,male : single,none,2.0,real estate,19.0,none,for free,1.0,skilled employee / official,2.0,none,yes,0.253
no checking account,28.0,critical account/ other credits existing (not at this bank),car (used),6867.0,A64,1 <= ... < 4 years,4.0,male : single,none,2.0,real estate,31.0,none,own,2.0,skilled employee / official,1.0,none,yes,0.246
no checking account,44.0,critical account/ other credits existing (not at this bank),car (used),11338.0,A64,1 <= ... < 4 years,4.0,male : single,none,3.0,real estate,47.0,none,own,3.0,skilled employee / official,1.0,none,yes,0.243
0 <= ... < 200 DM,4.0,existing credits paid back duly till now,repairs,360.0,A62,1 <= ... < 4 years,1.0,female : divorced/separated/married,none,1.0,real estate,19.0,none,own,1.0,unskilled - resident,1.0,none,yes,0.277
0 <= ... < 200 DM,15.0,existing credits paid back duly till now,repairs,2649.0,A62,1 <= ... < 4 years,3.0,female : divorced/separated/married,none,2.0,real estate,25.0,none,own,1.0,unskilled - resident,1.0,none,yes,0.266
no checking account,15.0,delay in paying off in the past,repairs,2617.0,A62,1 <= ... < 4 years,3.0,female : divorced/separated/married,none,2.0,real estate,25.0,none,for free,1.0,unskilled - resident,2.0,none,yes,0.253
0 <= ... < 200 DM,19.0,existing credits paid back duly till now,repairs,3855.0,A62,1 <= ... < 4 years,3.0,female : divorced/separated/married,none,2.0,real estate,29.0,none,own,1.0,unskilled - resident,1.0,none,yes,0.257
0 <= ... < 200 DM,35.0,existing credits paid back duly till now,repairs,8099.0,A62,1 <= ... < 4 years,4.0,female : divorced/separated/married,none,3.0,real estate,45.0,none,own,2.0,unskilled - resident,1.0,none,yes,0.253
0 <= ... < 200 DM,17.0,delay in paying off in the past,car (new),2791.0,A62,.. >= 7 years,2.0,male : single,none,2.0,"if not A121/A122 : car or other, not in attribute 6",43.0,none,own,1.0,skilled employee / official,2.0,none,yes,0.292
no checking account,18.0,delay in paying off in the past,car (new),2958.0,A65,.. >= 7 years,4.0,male : single,none,4.0,real estate,22.0,none,own,1.0,management/ self-employed/ highly qualified employee/ officer,2.0,none,yes,0.191
0 <= ... < 200 DM,18.0,delay in paying off in the past,radio/television,276.0,A65,.. >= 7 years,4.0,male : single,none,4.0,"if not A121/A122 : car or other, not in attribute 6",43.0,bank,rent,1.0,skilled employee / official,2.0,none,yes,0.305
0 <= ... < 200 DM,18.0,no credits taken/ all credits paid back duly,car (used),2940.0,A65,unemployed,4.0,male : married/widowed,co-applicant,4.0,"if not A121/A122 : car or other, not in attribute 6",43.0,none,own,1.0,skilled employee / official,2.0,none,yes,0.139
0 <= ... < 200 DM,25.0,delay in paying off in the past,car (new),7466.0,A65,.. >= 7 years,4.0,male : single,none,4.0,"if not A121/A122 : car or other, not in attribute 6",45.0,none,own,1.0,management/ self-employed/ highly qualified employee/ officer,2.0,none,yes,0.264
0 <= ... < 200 DM,11.0,no credits taken/ all credits paid back duly,car (new),1173.0,A61,... < 1 year,2.0,male : single,none,1.0,real estate,23.0,stores,own,1.0,management/ self-employed/ highly qualified employee/ officer,1.0,none,yes,0.192
no checking account,24.0,existing credits paid back duly till now,car (new),561.0,A61,.. >= 7 years,4.0,male : single,guarantor,2.0,real estate,20.0,bank,own,1.0,unskilled - resident,1.0,none,yes,0.179
0 <= ... < 200 DM,24.0,existing credits paid back duly till now,car (new),1213.0,A61,... < 1 year,4.0,male : single,none,4.0,real estate,37.0,stores,own,1.0,unskilled - resident,2.0,none,yes,0.273
0 <= ... < 200 DM,24.0,existing credits paid back duly till now,business,1236.0,A62,... < 1 year,4.0,male : married/widowed,none,2.0,unknown / no property,23.0,stores,own,1.0,unskilled - resident,1.0,none,no,0.17
0 <= ... < 200 DM,27.0,existing credits paid back duly till now,car (new),8347.0,A61,unemployed,4.0,male : single,none,2.0,real estate,23.0,stores,own,1.0,unskilled - resident,1.0,none,yes,0.191
... < 0 DM,9.0,existing credits paid back duly till now,radio/television,1645.0,A61,1 <= ... < 4 years,2.0,male : single,none,1.0,"if not A121/A122 : car or other, not in attribute 6",27.0,none,own,1.0,management/ self-employed/ highly qualified employee/ officer,1.0,none,yes,0.229
0 <= ... < 200 DM,27.0,all credits at this bank paid back duly,radio/television,3288.0,A63,1 <= ... < 4 years,3.0,male : single,none,2.0,"if not A121/A122 : car or other, not in attribute 6",19.0,bank,own,1.0,management/ self-employed/ highly qualified employee/ officer,1.0,none,yes,0.123
... < 0 DM,26.0,existing credits paid back duly till now,car (used),3351.0,A61,1 <= ... < 4 years,3.0,male : single,none,2.0,"if not A121/A122 : car or other, not in attribute 6",26.0,none,own,1.0,management/ self-employed/ highly qualified employee/ officer,2.0,"yes, registered under the customers name",no,0.127
... < 0 DM,32.0,existing credits paid back duly till now,radio/television,4690.0,A61,1 <= ... < 4 years,3.0,male : single,none,2.0,"if not A121/A122 : car or other, not in attribute 6",32.0,none,own,1.0,management/ self-employed/ highly qualified employee/ officer,1.0,none,yes,0.205
... < 0 DM,47.0,existing credits paid back duly till now,radio/television,8990.0,A61,1 <= ... < 4 years,4.0,male : single,none,3.0,"if not A121/A122 : car or other, not in attribute 6",47.0,none,own,2.0,management/ self-employed/ highly qualified employee/ officer,1.0,none,yes,0.217
no checking account,40.0,critical account/ other credits existing (not at this bank),car (new),7372.0,A63,1 <= ... < 4 years,2.0,male : single,none,2.0,unknown / no property,29.0,bank,own,1.0,skilled employee / official,1.0,none,yes,0.194
... < 0 DM,48.0,critical account/ other credits existing (not at this bank),others,10150.0,A64,1 <= ... < 4 years,2.0,male : single,none,2.0,unknown / no property,44.0,bank,for free,1.0,unemployed/ unskilled - non-resident,1.0,"yes, registered under the customers name",yes,0.129
no checking account,48.0,no credits taken/ all credits paid back duly,car (new),10017.0,A63,1 <= ... < 4 years,2.0,male : single,co-applicant,1.0,unknown / no property,44.0,bank,for free,1.0,skilled employee / official,1.0,none,no,0.185
no checking account,60.0,critical account/ other credits existing (not at this bank),car (new),10168.0,A63,unemployed,2.0,male : single,none,2.0,real estate,44.0,bank,for free,1.0,skilled employee / official,2.0,none,yes,0.179
no checking account,48.0,critical account/ other credits existing (not at this bank),car (new),15945.0,A63,1 <= ... < 4 years,2.0,male : single,none,2.0,unknown / no property,49.0,bank,for free,1.0,skilled employee / official,1.0,none,yes,0.3
no checking account,44.0,existing credits paid back duly till now,radio/television,5807.0,A62,4 <= ... < 7 years,2.0,female : divorced/separated/married,none,3.0,real estate,21.0,none,own,1.0,skilled employee / official,1.0,"yes, registered under the customers name",yes,0.265
no checking account,60.0,existing credits paid back duly till now,radio/television,9856.0,A62,4 <= ... < 7 years,2.0,female : divorced/separated/married,none,4.0,real estate,19.0,none,own,1.0,skilled employee / official,2.0,none,no,0.151
no checking account,60.0,existing credits paid back duly till now,radio/television,10198.0,A62,4 <= ... < 7 years,2.0,female : divorced/separated/married,co-applicant,4.0,real estate,21.0,none,own,1.0,skilled employee / official,1.0,"yes, registered under the customers name",yes,0.187
no checking account,60.0,existing credits paid back duly till now,radio/television,11866.0,A62,4 <= ... < 7 years,2.0,female : divorced/separated/married,none,4.0,real estate,27.0,none,own,1.0,skilled employee / official,1.0,"yes, registered under the customers name",yes,0.24
no checking account,60.0,existing credits paid back duly till now,radio/television,15945.0,A62,4 <= ... < 7 years,4.0,female : divorced/separated/married,none,4.0,real estate,54.0,none,own,2.0,skilled employee / official,1.0,"yes, registered under the customers name",yes,0.249
no checking account,8.0,existing credits paid back duly till now,furniture/equipment,1419.0,A61,unemployed,1.0,male : single,none,1.0,real estate,24.0,none,rent,1.0,unskilled - resident,2.0,none,yes,0.222
no checking account,12.0,no credits taken/ all credits paid back duly,furniture/equipment,1836.0,A61,4 <= ... < 7 years,3.0,male : single,none,2.0,real estate,19.0,bank,rent,1.0,unskilled - resident,1.0,none,yes,0.181
no checking account,12.0,existing credits paid back duly till now,radio/television,1696.0,A61,1 <= ... < 4 years,3.0,male : married/widowed,co-applicant,2.0,real estate,24.0,none,own,1.0,unskilled - resident,1.0,none,yes,0.176
no checking account,14.0,existing credits paid back duly till now,furniture/equipment,5810.0,A61,1 <= ... < 4 years,3.0,male : single,none,2.0,real estate,24.0,none,rent,1.0,management/ self-employed/ highly qualified employee/ officer,1.0,none,yes,0.34
no checking account,12.0,existing credits paid back duly till now,furniture/equipment,1739.0,A61,1 <= ... < 4 years,4.0,male : single,none,3.0,real estate,53.0,bank,rent,1.0,unskilled - resident,2.0,none,yes,0.217
... >= 200 DM / salary assignments for at least 1 year,8.0,existing credits paid back duly till now,radio/television,1417.0,A61,4 <= ... < 7 years,3.0,male : single,none,1.0,"if not A121/A122 : car or other, not in attribute 6",25.0,bank,own,1.0,skilled employee / official,1.0,none,yes,0.215
... >= 200 DM / salary assignments for at least 1 year,24.0,existing credits paid back duly till now,radio/television,5121.0,A61,4 <= ... < 7 years,4.0,male : single,co-applicant,2.0,"if not A121/A122 : car or other, not in attribute 6",19.0,none,own,1.0,skilled employee / official,2.0,none,yes,0.193
... >= 200 DM / salary assignments for at least 1 year,24.0,existing credits paid back duly till now,radio/television,5116.0,A61,4 <= ... < 7 years,4.0,male : single,none,2.0,"if not A121/A122 : car or other, not in attribute 6",25.0,bank,own,1.0,unskilled - resident,1.0,none,no,0.15
... >= 200 DM / salary assignments for at least 1 year,28.0,existing credits paid back duly till now,radio/television,6398.0,A61,4 <= ... < 7 years,4.0,male : single,none,2.0,"if not A121/A122 : car or other, not in attribute 6",29.0,bank,own,1.0,skilled employee / official,1.0,none,yes,0.186
... >= 200 DM / salary assignments for at least 1 year,44.0,existing credits paid back duly till now,radio/television,10789.0,A61,4 <= ... < 7 years,4.0,male : single,none,3.0,"if not A121/A122 : car or other, not in attribute 6",45.0,bank,own,2.0,skilled employee / official,1.0,none,yes,0.174
... < 0 DM,30.0,critical account/ other credits existing (not at this bank),car (used),4670.0,A62,4 <= ... < 7 years,2.0,male : married/widowed,none,2.0,"if not A121/A122 : car or other, not in attribute 6",24.0,bank,own,2.0,skilled employee / official,1.0,none,yes,0.17
... >= 200 DM / salary assignments for at least 1 year,30.0,critical account/ other credits existing (not at this bank),car (used),6088.0,A62,.. >= 7 years,1.0,male : married/widowed,none,4.0,real estate,24.0,stores,rent,2.0,skilled employee / official,1.0,none,yes,0.207
... < 0 DM,29.0,critical account/ other credits existing (not at this bank),radio/television,6425.0,A62,4 <= ... < 7 years,1.0,male : married/widowed,none,4.0,unknown / no property,22.0,none,rent,2.0,management/ self-employed/ highly qualified employee/ officer,1.0,none,yes,0.186
... < 0 DM,30.0,no credits taken/ all credits paid back duly,car (used),6196.0,A62,4 <= ... < 7 years,1.0,female : divorced/separated/married,co-applicant,4.0,"if not A121/A122 : car or other, not in attribute 6",30.0,none,rent,2.0,skilled employee / official,2.0,none,yes,0.261
... < 0 DM,59.0,critical account/ other credits existing (not at this bank),car (used),7493.0,A62,4 <= ... < 7 years,1.0,male : married/widowed,none,4.0,"if not A121/A122 : car or other, not in attribute 6",24.0,none,rent,1.0,skilled employee / official,2.0,none,yes,0.261
0 <= ... < 200 DM,11.0,critical account/ other credits existing (not at this bank),radio/television,2513.0,A63,1 <= ... < 4 years,2.0,male : single,none,1.0,if not A121 : building society savings agreement/ life insurance,23.0,bank,own,2.0,unskilled - resident,1.0,none,yes,0.246
0 <= ... < 200 DM,27.0,critical account/ other credits existing (not at this bank),radio/television,2508.0,A61,1 <= ... < 4 years,4.0,male : single,co-applicant,2.0,"if not A121/A122 : car or other, not in attribute 6",20.0,none,own,1.0,unskilled - resident,1.0,none,no,0.227
... >= 200 DM / salary assignments for at least 1 year,27.0,critical account/ other credits existing (not at this bank),radio/television,2173.0,A63,.. >= 7 years,4.0,male : single,none,2.0,if not A121 : building society savings agreement/ life insurance,25.0,none,own,2.0,management/ self-employed/ highly qualified employee/ officer,1.0,none,yes,0.279
0 <= ... < 200 DM,27.0,no credits taken/ all credits paid back duly,radio/television,2476.0,A63,1 <= ... < 4 years,4.0,male : married/widowed,none,3.0,if not A121 : building society savings agreement/ life insurance,23.0,stores,own,2.0,unskilled - resident,1.0,none,yes,0.26
0 <= ... < 200 DM,39.0,critical account/ other credits existing (not at this bank),radio/television,7542.0,A63,1 <= ... < 4 years,4.0,male : single,none,2.0,if not A121 : building society savings agreement/ life insurance,23.0,none,own,2.0,unskilled - resident,2.0,none,yes,0.26
no checking account,20.0,existing credits paid back duly till now,car (used),3489.0,A62,4 <= ... < 7 years,2.0,male : single,co-applicant,3.0,"if not A121/A122 : car or other, not in attribute 6",23.0,none,own,1.0,skilled employee / official,1.0,none,yes,0.236
... >= 200 DM / salary assignments for at least 1 year,24.0,critical account/ other credits existing (not at this bank),car (used),3423.0,A62,4 <= ... < 7 years,3.0,female : divorced/separated/married,none,4.0,"if not A121/A122 : car or other, not in attribute 6",19.0,none,own,1.0,unemployed/ unskilled - non-resident,1.0,"yes, registered under the customers name",yes,0.258
no checking account,24.0,existing credits paid back duly till now,radio/television,3217.0,A62,1 <= ... < 4 years,3.0,female : divorced/separated/married,none,4.0,unknown / no property,24.0,stores,own,1.0,skilled employee / official,1.0,none,yes,0.165
0 <= ... < 200 DM,24.0,existing credits paid back duly till now,repairs,3513.0,A62,4 <= ... < 7 years,4.0,female : divorced/separated/married,none,4.0,"if not A121/A122 : car or other, not in attribute 6",23.0,none,own,1.0,skilled employee / official,2.0,none,yes,0.259
no checking account,44.0,existing credits paid back duly till now,car (used),7377.0,A62,4 <= ... < 7 years,3.0,female : divorced/separated/married,none,4.0,"if not A121/A122 : car or other, not in attribute 6",23.0,none,own,1.0,skilled employee / official,1.0,none,yes,0.329
no checking account,12.0,existing credits paid back duly till now,furniture/equipment,810.0,A61,unemployed,2.0,male : single,none,1.0,real estate,26.0,none,own,1.0,skilled employee / official,1.0,"yes, registered under the customers name",yes,0.281
no checking account,10.0,delay in paying off in the past,furniture/equipment,276.0,A61,1 <= ... < 4 years,4.0,female : divorced/separated/married,co-applicant,1.0,real estate,30.0,bank,own,1.0,skilled employee / official,1.0,"yes, registered under the customers name",yes,0.183
no checking account,12.0,no credits taken/ all credits paid back duly,car (used),644.0,A61,1 <= ... < 4 years,4.0,female : divorced/separated/married,none,1.0,real estate,19.0,none,own,1.0,unemployed/ unskilled - non-resident,1.0,"yes, registered under the customers name",yes,0.222
no checking account,12.0,existing credits paid back duly till now,repairs,754.0,A62,1 <= ... < 4 years,4.0,male : married/widowed,none,1.0,unknown / no property,26.0,none,own,2.0,skilled employee / official,2.0,"yes, registered under the customers name",yes,0.175
no checking account,21.0,existing credits paid back duly till now,furniture/equipment,5634.0,A61,1 <= ... < 4 years,4.0,female : divorced/separated/married,none,1.0,real estate,26.0,none,own,1.0,management/ self-employed/ highly qualified employee/ officer,1.0,"yes, registered under the customers name",yes,0.263
no checking account,22.0,no credits taken/ all credits paid back duly,radio/television,3646.0,A62,.. >= 7 years,3.0,male : single,none,1.0,"if not A121/A122 : car or other, not in attribute 6",28.0,none,own,1.0,management/ self-employed/ highly qualified employee/ officer,1.0,none,yes,0.101
... >= 200 DM / salary assignments for at least 1 year,36.0,existing credits paid back duly till now,radio/television,3600.0,A61,.. >= 7 years,4.0,male : single,co-applicant,2.0,"if not A121/A122 : car or other, not in attribute 6",19.0,none,own,1.0,skilled employee / official,1.0,none,no,0.243
no checking account,36.0,existing credits paid back duly till now,repairs,2033.0,A61,unemployed,4.0,male : single,none,2.0,real estate,28.0,none,own,1.0,skilled employee / official,1.0,none,yes,0.204
no checking account,49.0,existing credits paid back duly till now,radio/television,8520.0,A61,.. >= 7 years,4.0,male : single,none,2.0,"if not A121/A122 : car or other, not in attribute 6",28.0,none,own,1.0,skilled employee / official,1.0,none,yes,0.288
no checking account,36.0,existing credits paid back duly till now,radio/television,3543.0,A61,.. >= 7 years,4.0,male : single,none,3.0,"if not A121/A122 : car or other, not in attribute 6",56.0,bank,own,1.0,skilled employee / official,1.0,none,yes,0.17
no checking account,44.0,existing credits paid back duly till now,radio/television,5840.0,A62,4 <= ... < 7 years,2.0,female : divorced/separated/married,none,3.0,real estate,21.0,none,own,1.0,skilled employee / official,1.0,"yes, registered under the customers name",yes,0.265
no checking account,60.0,existing credits paid back duly till now,radio/television,10020.0,A62,4 <= ... < 7 years,2.0,female : divorced/separated/married,none,4.0,real estate,19.0,none,own,1.0,skilled employee / official,2.0,none,no,0.151
no checking account,60.0,existing credits paid back duly till now,radio/television,10143.0,A62,4 <= ... < 7 years,2.0,female : divorced/separated/married,co-applicant,4.0,real estate,21.0,none,own,1.0,skilled employee / official,1.0,"yes, registered under the customers name",yes,0.187
no checking account,60.0,existing credits paid back duly till now,radio/television,11900.0,A62,4 <= ... < 7 years,2.0,female : divorced/separated/married,none,4.0,real estate,27.0,none,own,1.0,skilled employee / official,1.0,"yes, registered under the customers name",yes,0.24
no checking account,60.0,existing credits paid back duly till now,radio/television,15945.0,A62,4 <= ... < 7 years,4.0,female : divorced/separated/married,none,4.0,real estate,55.0,none,own,2.0,skilled employee / official,1.0,"yes, registered under the customers name",yes,0.249
0 <= ... < 200 DM,6.0,existing credits paid back duly till now,car (new),9909.0,A65,unemployed,1.0,male : single,none,1.0,if not A121 : building society savings agreement/ life insurance,23.0,bank,own,1.0,unemployed/ unskilled - non-resident,1.0,"yes, registered under the customers name",yes,0.259
0 <= ... < 200 DM,6.0,existing credits paid back duly till now,radio/television,14590.0,A65,unemployed,1.0,male : single,none,2.0,if not A121 : building society savings agreement/ life insurance,19.0,none,own,1.0,unemployed/ unskilled - non-resident,1.0,none,no,0.303
... >= 200 DM / salary assignments for at least 1 year,6.0,critical account/ other credits existing (not at this bank),car (used),15325.0,A61,unemployed,1.0,male : single,none,2.0,if not A121 : building society savings agreement/ life insurance,23.0,none,own,1.0,unemployed/ unskilled - non-resident,1.0,"yes, registered under the customers name",yes,0.189
0 <= ... < 200 DM,42.0,existing credits paid back duly till now,car (new),14666.0,A65,unemployed,1.0,male : single,none,2.0,if not A121 : building society savings agreement/ life insurance,23.0,none,own,1.0,unemployed/ unskilled - non-resident,2.0,"yes, registered under the customers name",yes,0.288
0 <= ... < 200 DM,4.0,existing credits paid back duly till now,car (new),14456.0,A65,unemployed,2.0,male : single,none,3.0,if not A121 : building society savings agreement/ life insurance,42.0,none,own,1.0,management/ self-employed/ highly qualified employee/ officer,2.0,"yes, registered under the customers name",yes,0.244
no checking account,40.0,critical account/ other credits existing (not at this bank),car (new),7377.0,A63,1 <= ... < 4 years,2.0,male : single,none,2.0,unknown / no property,29.0,bank,own,1.0,skilled employee / official,1.0,none,yes,0.194
... < 0 DM,48.0,critical account/ other credits existing (not at this bank),others,10057.0,A64,1 <= ... < 4 years,2.0,male : single,none,2.0,unknown / no property,44.0,bank,for free,1.0,unemployed/ unskilled - non-resident,1.0,"yes, registered under the customers name",yes,0.13
no checking account,48.0,no credits taken/ all credits paid back duly,car (new),10292.0,A63,1 <= ... < 4 years,2.0,male : single,co-applicant,1.0,unknown / no property,44.0,bank,for free,1.0,skilled employee / official,1.0,none,no,0.183
no checking account,60.0,critical account/ other credits existing (not at this bank),car (new),10138.0,A63,unemployed,2.0,male : single,none,2.0,real estate,44.0,bank,for free,1.0,skilled employee / official,2.0,none,yes,0.18
no checking account,48.0,critical account/ other credits existing (not at this bank),car (new),15374.0,A63,1 <= ... < 4 years,2.0,male : single,none,2.0,unknown / no property,46.0,bank,for free,1.0,management/ self-employed/ highly qualified employee/ officer,1.0,none,yes,0.165
... < 0 DM,10.0,critical account/ other credits existing (not at this bank),car (new),2268.0,A62,... < 1 year,1.0,male : single,none,1.0,real estate,29.0,bank,own,2.0,unskilled - resident,2.0,none,no,0.151
... >= 200 DM / salary assignments for at least 1 year,10.0,critical account/ other credits existing (not at this bank),car (used),2367.0,A61,... < 1 year,1.0,male : single,none,3.0,real estate,48.0,none,rent,2.0,management/ self-employed/ highly qualified employee/ officer,2.0,none,yes,0.25
... < 0 DM,4.0,critical account/ other credits existing (not at this bank),radio/television,2013.0,A61,unemployed,1.0,male : single,none,4.0,real estate,56.0,none,rent,1.0,unskilled - resident,2.0,none,no,0.238
... < 0 DM,10.0,no credits taken/ all credits paid back duly,car (new),2244.0,A61,... < 1 year,1.0,male : married/widowed,co-applicant,3.0,real estate,48.0,bank,rent,3.0,unskilled - resident,2.0,none,no,0.208
... < 0 DM,16.0,critical account/ other credits existing (not at this bank),car (new),6795.0,A61,... < 1 year,1.0,male : single,none,3.0,real estate,48.0,stores,rent,1.0,unskilled - resident,2.0,none,no,0.342
no checking account,7.0,existing credits paid back duly till now,furniture/equipment,1301.0,A61,1 <= ... < 4 years,2.0,male : single,none,2.0,unknown / no property,47.0,bank,own,2.0,skilled employee / official,1.0,none,yes,0.234
no checking account,18.0,existing credits paid back duly till now,furniture/equipment,1992.0,A61,1 <= ... < 4 years,4.0,male : single,guarantor,4.0,unknown / no property,20.0,bank,for free,1.0,skilled employee / official,1.0,none,yes,0.365
no checking account,18.0,delay in paying off in the past,furniture/equipment,1925.0,A61,1 <= ... < 4 years,4.0,male : single,none,4.0,unknown / no property,47.0,bank,for free,4.0,skilled employee / official,2.0,none,yes,0.316
no checking account,18.0,existing credits paid back duly till now,repairs,1987.0,A62,unemployed,4.0,male : single,none,4.0,unknown / no property,47.0,bank,for free,2.0,skilled employee / official,1.0,none,yes,0.23
no checking account,30.0,existing credits paid back duly till now,furniture/equipment,5788.0,A61,1 <= ... < 4 years,4.0,male : single,none,4.0,unknown / no property,49.0,bank,for free,2.0,management/ self-employed/ highly qualified employee/ officer,1.0,none,yes,0.26
no checking account,4.0,critical account/ other credits existing (not at this bank),others,276.0,A61,unemployed,2.0,male : single,co-applicant,1.0,unknown / no property,19.0,bank,own,1.0,management/ self-employed/ highly qualified employee/ officer,1.0,"yes, registered under the customers name",yes,0.033
no checking account,24.0,critical account/ other credits existing (not at this bank),others,6254.0,A61,unemployed,4.0,male : single,co-applicant,2.0,unknown / no property,26.0,bank,own,2.0,management/ self-employed/ highly qualified employee/ officer,1.0,"yes, registered under the customers name",yes,0.035
no checking account,17.0,critical account/ other credits existing (not at this bank),others,4277.0,A61,unemployed,4.0,male : single,co-applicant,2.0,unknown / no property,23.0,bank,own,2.0,management/ self-employed/ highly qualified employee/ officer,1.0,"yes, registered under the customers name",yes,0.038
no checking account,31.0,critical account/ other credits existing (not at this bank),others,8193.0,A61,unemployed,4.0,male : single,co-applicant,2.0,unknown / no property,34.0,bank,own,2.0,management/ self-employed/ highly qualified employee/ officer,1.0,"yes, registered under the customers name",yes,0.033
no checking account,46.0,critical account/ other credits existing (not at this bank),others,12459.0,A61,unemployed,4.0,male : single,co-applicant,3.0,unknown / no property,49.0,bank,own,3.0,management/ self-employed/ highly qualified employee/ officer,1.0,"yes, registered under the customers name",yes,0.032
no checking account,24.0,critical account/ other credits existing (not at this bank),radio/television,4971.0,A61,... < 1 year,1.0,male : married/widowed,none,1.0,unknown / no property,32.0,stores,for free,1.0,skilled employee / official,1.0,"yes, registered under the customers name",yes,0.308
no checking account,24.0,critical account/ other credits existing (not at this bank),radio/television,4632.0,A61,4 <= ... < 7 years,3.0,male : married/widowed,none,3.0,unknown / no property,47.0,none,for free,2.0,unskilled - resident,2.0,"yes, registered under the customers name",no,0.232
no checking account,24.0,no credits taken/ all credits paid back duly,radio/television,5077.0,A61,... < 1 year,3.0,male : married/widowed,co-applicant,4.0,unknown / no property,48.0,bank,own,4.0,skilled employee / official,1.0,"yes, registered under the customers name",yes,0.101
no checking account,24.0,critical account/ other credits existing (not at this bank),radio/television,5148.0,A62,... < 1 year,3.0,male : single,none,3.0,real estate,47.0,none,for free,3.0,management/ self-employed/ highly qualified employee/ officer,2.0,"yes, registered under the customers name",yes,0.217
no checking account,31.0,critical account/ other credits existing (not at this bank),radio/television,10356.0,A61,unemployed,3.0,male : married/widowed,none,3.0,unknown / no property,47.0,none,for free,3.0,skilled employee / official,1.0,"yes, registered under the customers name",yes,0.285
... < 0 DM,6.0,existing credits paid back duly till now,radio/television,2671.0,A62,1 <= ... < 4 years,1.0,male : single,none,1.0,real estate,22.0,none,rent,1.0,skilled employee / official,2.0,none,yes,0.209
... >= 200 DM / salary assignments for at least 1 year,4.0,existing credits paid back duly till now,radio/television,2678.0,A63,1 <= ... < 4 years,2.0,male : single,none,3.0,real estate,46.0,none,rent,1.0,management/ self-employed/ highly qualified employee/ officer,2.0,"yes, registered under the customers name",no,0.241
... < 0 DM,6.0,no credits taken/ all credits paid back duly,radio/television,2342.0,A64,unemployed,2.0,male : single,none,4.0,real estate,44.0,none,rent,1.0,skilled employee / official,2.0,none,yes,0.185
... < 0 DM,6.0,existing credits paid back duly till now,radio/television,2604.0,A63,1 <= ... < 4 years,2.0,male : married/widowed,co-applicant,3.0,unknown / no property,44.0,none,own,1.0,skilled employee / official,2.0,none,yes,0.188
... < 0 DM,19.0,existing credits paid back duly till now,radio/television,7208.0,A63,1 <= ... < 4 years,2.0,male : single,none,3.0,real estate,44.0,stores,rent,1.0,skilled employee / official,2.0,none,yes,0.231
0 <= ... < 200 DM,12.0,critical account/ other credits existing (not at this bank),car (used),1886.0,A61,unemployed,2.0,male : single,none,1.0,"if not A121/A122 : car or other, not in attribute 6",19.0,none,own,1.0,management/ self-employed/ highly qualified employee/ officer,1.0,"yes, registered under the customers name",yes,0.158
no checking account,12.0,critical account/ other credits existing (not at this bank),car (used),1759.0,A61,unemployed,4.0,male : single,none,2.0,unknown / no property,34.0,bank,own,2.0,management/ self-employed/ highly qualified employee/ officer,1.0,none,yes,0.041
0 <= ... < 200 DM,4.0,critical account/ other credits existing (not at this bank),car (used),276.0,A61,unemployed,4.0,male : single,none,1.0,"if not A121/A122 : car or other, not in attribute 6",24.0,none,own,2.0,management/ self-employed/ highly qualified employee/ officer,1.0,"yes, registered under the customers name",yes,0.224
0 <= ... < 200 DM,18.0,critical account/ other credits existing (not at this bank),car (used),3665.0,A61,unemployed,4.0,male : single,none,2.0,"if not A121/A122 : car or other, not in attribute 6",40.0,none,own,2.0,management/ self-employed/ highly qualified employee/ officer,1.0,"yes, registered under the customers name",yes,0.213
0 <= ... < 200 DM,34.0,critical account/ other credits existing (not at this bank),car (used),7957.0,A61,unemployed,4.0,male : single,none,3.0,"if not A121/A122 : car or other, not in attribute 6",56.0,none,own,3.0,management/ self-employed/ highly qualified employee/ officer,1.0,"yes, registered under the customers name",yes,0.216
0 <= ... < 200 DM,6.0,existing credits paid back duly till now,radio/television,1162.0,A61,1 <= ... < 4 years,2.0,female : divorced/separated/married,guarantor,2.0,real estate,26.0,none,own,1.0,unskilled - resident,2.0,none,yes,0.215
0 <= ... < 200 DM,7.0,existing credits paid back duly till now,radio/television,276.0,A61,1 <= ... < 4 years,3.0,female : divorced/separated/married,guarantor,3.0,real estate,19.0,none,own,1.0,unskilled - resident,2.0,none,yes,0.224
0 <= ... < 200 DM,18.0,all credits at this bank paid back duly,car (used),1107.0,A63,1 <= ... < 4 years,4.0,female : divorced/separated/married,guarantor,4.0,real estate,26.0,stores,own,1.0,skilled employee / official,2.0,none,yes,0.223
0 <= ... < 200 DM,23.0,existing credits paid back duly till now,radio/television,2423.0,A61,1 <= ... < 4 years,4.0,female : divorced/separated/married,guarantor,4.0,real estate,31.0,none,own,1.0,unskilled - resident,2.0,none,yes,0.214
0 <= ... < 200 DM,40.0,existing credits paid back duly till now,radio/television,7304.0,A61,1 <= ... < 4 years,4.0,female : divorced/separated/married,guarantor,4.0,real estate,48.0,none,own,2.0,unskilled - resident,2.0,none,yes,0.205
... >= 200 DM / salary assignments for at least 1 year,9.0,critical account/ other credits existing (not at this bank),car (used),1838.0,A63,1 <= ... < 4 years,1.0,male : single,none,1.0,"if not A121/A122 : car or other, not in attribute 6",24.0,bank,own,1.0,skilled employee / official,1.0,"yes, registered under the customers name",yes,0.212
... >= 200 DM / salary assignments for at least 1 year,15.0,critical account/ other credits existing (not at this bank),car (used),2372.0,A61,1 <= ... < 4 years,2.0,male : single,none,2.0,"if not A121/A122 : car or other, not in attribute 6",36.0,none,own,1.0,skilled employee / official,1.0,none,no,0.283
... >= 200 DM / salary assignments for at least 1 year,15.0,critical account/ other credits existing (not at this bank),repairs,2340.0,A63,1 <= ... < 4 years,2.0,male : married/widowed,co-applicant,2.0,unknown / no property,36.0,none,own,1.0,skilled employee / official,1.0,"yes, registered under the customers name",yes,0.234
... >= 200 DM / salary assignments for at least 1 year,32.0,critical account/ other credits existing (not at this bank),car (used),7123.0,A63,1 <= ... < 4 years,2.0,male : single,none,2.0,"if not A121/A122 : car or other, not in attribute 6",36.0,none,own,1.0,skilled employee / official,1.0,"yes, registered under the customers name",yes,0.279
... >= 200 DM / salary assignments for at least 1 year,15.0,critical account/ other credits existing (not at this bank),car (used),2271.0,A63,1 <= ... < 4 years,4.0,male : single,none,3.0,"if not A121/A122 : car or other, not in attribute 6",64.0,none,own,1.0,skilled employee / official,2.0,"yes, registered under the customers name",yes,0.274
no checking account,8.0,critical account/ other credits existing (not at this bank),repairs,1644.0,A61,1 <= ... < 4 years,3.0,male : divorced/separated,none,1.0,real estate,23.0,none,own,2.0,skilled employee / official,1.0,"yes, registered under the customers name",yes,0.318
no checking account,24.0,critical account/ other credits existing (not at this bank),repairs,2061.0,A61,1 <= ... < 4 years,4.0,male : divorced/separated,none,2.0,real estate,33.0,stores,own,1.0,skilled employee / official,1.0,none,no,0.18
no checking account,24.0,critical account/ other credits existing (not at this bank),repairs,2139.0,A61,4 <= ... < 7 years,4.0,male : divorced/separated,none,4.0,real estate,33.0,none,own,4.0,management/ self-employed/ highly qualified employee/ officer,1.0,"yes, registered under the customers name",yes,0.216
... >= 200 DM / salary assignments for at least 1 year,24.0,no credits taken/ all credits paid back duly,car (used),1984.0,A62,1 <= ... < 4 years,4.0,male : divorced/separated,co-applicant,2.0,real estate,33.0,none,own,2.0,skilled employee / official,2.0,"yes, registered under the customers name",yes,0.163
no checking account,37.0,critical account/ other credits existing (not at this bank),repairs,7116.0,A61,1 <= ... < 4 years,4.0,male : divorced/separated,none,2.0,real estate,36.0,none,own,2.0,skilled employee / official,1.0,"yes, registered under the customers name",yes,0.31
no checking account,38.0,no credits taken/ all credits paid back duly,car (used),4999.0,A65,1 <= ... < 4 years,2.0,male : single,none,2.0,if not A121 : building society savings agreement/ life insurance,30.0,none,own,1.0,unskilled - resident,2.0,none,yes,0.234
no checking account,53.0,no credits taken/ all credits paid back duly,car (used),9363.0,A65,1 <= ... < 4 years,2.0,male : single,none,2.0,real estate,39.0,none,own,1.0,management/ self-employed/ highly qualified employee/ officer,2.0,"yes, registered under the customers name",yes,0.047
no checking account,54.0,no credits taken/ all credits paid back duly,others,9179.0,A62,1 <= ... < 4 years,2.0,male : single,none,1.0,if not A121 : building society savings agreement/ life insurance,39.0,bank,own,1.0,unskilled - resident,2.0,none,yes,0.07
no checking account,60.0,no credits taken/ all credits paid back duly,car (used),10188.0,A65,1 <= ... < 4 years,2.0,male : single,none,2.0,if not A121 : building society savings agreement/ life insurance,44.0,none,own,1.0,unskilled - resident,2.0,none,yes,0.186
no checking account,54.0,no credits taken/ all credits paid back duly,car (used),14759.0,A65,1 <= ... < 4 years,3.0,male : single,none,3.0,if not A121 : building society savings agreement/ life insurance,63.0,none,own,2.0,unskilled - resident,2.0,none,yes,0.208
... < 0 DM,46.0,no credits taken/ all credits paid back duly,furniture/equipment,7165.0,A61,1 <= ... < 4 years,2.0,male : single,none,3.0,unknown / no property,36.0,none,own,2.0,skilled employee / official,2.0,none,yes,0.259
... >= 200 DM / salary assignments for at least 1 year,48.0,no credits taken/ all credits paid back duly,furniture/equipment,7166.0,A62,1 <= ... < 4 years,3.0,male : single,none,4.0,unknown / no property,53.0,none,for free,2.0,skilled employee / official,2.0,"yes, registered under the customers name",yes,0.317
... < 0 DM,48.0,no credits taken/ all credits paid back duly,car (used),6715.0,A61,1 <= ... < 4 years,3.0,male : single,none,4.0,unknown / no property,61.0,none,for free,1.0,management/ self-employed/ highly qualified employee/ officer,2.0,none,no,0.157
... < 0 DM,59.0,no credits taken/ all credits paid back duly,radio/television,7054.0,A61,unemployed,3.0,male : single,none,4.0,real estate,53.0,none,for free,2.0,skilled employee / official,2.0,none,yes,0.228
... < 0 DM,48.0,no credits taken/ all credits paid back duly,furniture/equipment,13271.0,A61,1 <= ... < 4 years,3.0,male : single,none,4.0,unknown / no property,53.0,stores,for free,2.0,skilled employee / official,2.0,none,yes,0.255
no checking account,21.0,no credits taken/ all credits paid back duly,radio/television,3447.0,A62,.. >= 7 years,3.0,male : single,none,1.0,"if not A121/A122 : car or other, not in attribute 6",28.0,none,own,1.0,management/ self-employed/ highly qualified employee/ officer,1.0,none,yes,0.103
... >= 200 DM / salary assignments for at least 1 year,36.0,existing credits paid back duly till now,radio/television,3613.0,A61,.. >= 7 years,4.0,male : single,co-applicant,2.0,"if not A121/A122 : car or other, not in attribute 6",19.0,none,own,1.0,skilled employee / official,1.0,none,no,0.242
no checking account,36.0,existing credits paid back duly till now,repairs,3605.0,A61,unemployed,4.0,male : single,none,2.0,real estate,28.0,none,own,1.0,skilled employee / official,1.0,none,yes,0.195
no checking account,50.0,existing credits paid back duly till now,radio/television,8670.0,A61,.. >= 7 years,4.0,male : single,none,2.0,"if not A121/A122 : car or other, not in attribute 6",28.0,none,own,1.0,skilled employee / official,1.0,none,yes,0.286
no checking account,36.0,existing credits paid back duly till now,radio/television,3532.0,A61,.. >= 7 years,4.0,male : single,none,3.0,"if not A121/A122 : car or other, not in attribute 6",57.0,bank,own,1.0,skilled employee / official,1.0,none,yes,0.171
no checking account,8.0,existing credits paid back duly till now,car (new),1435.0,A65,unemployed,3.0,male : single,none,3.0,unknown / no property,22.0,none,own,1.0,management/ self-employed/ highly qualified employee/ officer,1.0,"yes, registered under the customers name",yes,0.263
no checking account,12.0,existing credits paid back duly till now,domestic appliances,2847.0,A65,unemployed,4.0,male : single,none,4.0,unknown / no property,38.0,none,own,1.0,management/ self-employed/ highly qualified employee/ officer,1.0,none,no,0.223
... >= 200 DM / salary assignments for at least 1 year,12.0,critical account/ other credits existing (not at this bank),car (new),2794.0,A61,1 <= ... < 4 years,4.0,male : married/widowed,none,4.0,unknown / no property,38.0,none,own,1.0,management/ self-employed/ highly qualified employee/ officer,1.0,"yes, registered under the customers name",yes,0.274
no checking account,29.0,existing credits paid back duly till now,car (new),7576.0,A65,unemployed,4.0,male : single,none,4.0,unknown / no property,38.0,none,own,1.0,management/ self-employed/ highly qualified employee/ officer,1.0,"yes, registered under the customers name",yes,0.228
no checking account,12.0,existing credits paid back duly till now,car (new),2865.0,A65,unemployed,4.0,male : single,none,4.0,unknown / no property,75.0,stores,own,1.0,management/ self-employed/ highly qualified employee/ officer,1.0,"yes, registered under the customers name",yes,0.182
... < 0 DM,9.0,existing credits paid back duly till now,radio/television,1426.0,A61,4 <= ... < 7 years,1.0,male : single,none,2.0,real estate,32.0,none,own,1.0,skilled employee / official,1.0,none,yes,0.288
no checking account,10.0,no credits taken/ all credits paid back duly,radio/television,1280.0,A61,4 <= ... < 7 years,3.0,male : single,co-applicant,4.0,real estate,59.0,none,own,1.0,skilled employee / official,2.0,none,no,0.112
... < 0 DM,9.0,existing credits paid back duly till now,repairs,302.0,A61,.. >= 7 years,3.0,male : single,none,4.0,real estate,69.0,bank,own,1.0,skilled employee / official,1.0,none,yes,0.184
... < 0 DM,4.0,existing credits paid back duly till now,radio/television,1366.0,A62,4 <= ... < 7 years,3.0,male : married/widowed,none,4.0,unknown / no property,59.0,none,own,1.0,skilled employee / official,2.0,none,yes,0.184
... < 0 DM,19.0,existing credits paid back duly till now,radio/television,6362.0,A61,4 <= ... < 7 years,3.0,male : single,none,4.0,real estate,59.0,stores,own,1.0,skilled employee / official,1.0,none,yes,0.184
0 <= ... < 200 DM,12.0,no credits taken/ all credits paid back duly,car (new),1296.0,A61,... < 1 year,2.0,male : single,none,1.0,real estate,23.0,stores,own,1.0,management/ self-employed/ highly qualified employee/ officer,1.0,none,yes,0.19
no checking account,24.0,existing credits paid back duly till now,car (new),452.0,A61,.. >= 7 years,4.0,male : single,guarantor,2.0,real estate,19.0,bank,own,1.0,unskilled - resident,1.0,none,yes,0.18
0 <= ... < 200 DM,24.0,existing credits paid back duly till now,car (new),1295.0,A61,... < 1 year,4.0,male : single,none,4.0,real estate,52.0,stores,own,1.0,unskilled - resident,2.0,none,yes,0.282
0 <= ... < 200 DM,24.0,existing credits paid back duly till now,car (new),1217.0,A62,... < 1 year,4.0,male : married/widowed,none,2.0,unknown / no property,23.0,stores,own,1.0,unskilled - resident,1.0,none,no,0.295
0 <= ... < 200 DM,28.0,existing credits paid back duly till now,car (new),8058.0,A61,... < 1 year,4.0,male : single,none,2.0,real estate,23.0,stores,own,1.0,unskilled - resident,1.0,none,yes,0.341
... < 0 DM,9.0,existing credits paid back duly till now,radio/television,1340.0,A61,4 <= ... < 7 years,1.0,male : single,none,2.0,real estate,34.0,none,own,1.0,skilled employee / official,1.0,none,yes,0.291
no checking account,9.0,no credits taken/ all credits paid back duly,radio/television,787.0,A61,4 <= ... < 7 years,3.0,male : single,co-applicant,4.0,real estate,59.0,none,own,1.0,skilled employee / official,2.0,none,no,0.113
... < 0 DM,4.0,existing credits paid back duly till now,repairs,1398.0,A61,.. >= 7 years,3.0,male : single,none,4.0,real estate,71.0,bank,own,1.0,skilled employee / official,1.0,none,yes,0.181
... < 0 DM,9.0,existing credits paid back duly till now,radio/television,1367.0,A62,4 <= ... < 7 years,3.0,male : married/widowed,none,4.0,unknown / no property,59.0,none,own,1.0,skilled employee / official,1.0,none,yes,0.27
... < 0 DM,20.0,existing credits paid back duly till now,radio/television,6445.0,A61,4 <= ... < 7 years,3.0,male : single,none,4.0,real estate,59.0,none,own,1.0,skilled employee / official,1.0,none,yes,0.337
