status_of_existing_checking_account,duration_in_month,credit_history,purpose,credit_amount,savings_account_bonds,present_employment_since,installment_rate_in_percentage_of_disposable_income,personal_status_and_sex,other_debtors_guarantors,present_residence_since,property,age_in_years,other_installment_plans,housing,number_of_existing_credits_at_this_bank,job,number_of_people_being_liable_to_provide_maintenance_for,telephone,foreign_worker,credit_risk
... < 0 DM,28,critical account/ other credits existing (not at this bank),furniture/equipment,2621,A61,4 <= ... < 7 years,4,male : single,none,2,if not A121 : building society savings agreement/ life insurance,29,none,own,1,skilled employee / official,1,none,yes,0.284
... < 0 DM,36,existing credits paid back duly till now,car (used),8094,A61,4 <= ... < 7 years,4,male : divorced/separated,none,2,if not A121 : building society savings agreement/ life insurance,22,none,own,1,skilled employee / official,1,none,yes,0.258
0 <= ... < 200 DM,37,existing credits paid back duly till now,furniture/equipment,5309,A65,4 <= ... < 7 years,4,male : single,none,2,if not A121 : building society savings agreement/ life insurance,44,stores,rent,1,skilled employee / official,1,none,yes,0.184
... >= 200 DM / salary assignments for at least 1 year,36,existing credits paid back duly till now,retraining,5119,A61,4 <= ... < 7 years,4,male : single,none,4,if not A121 : building society savings agreement/ life insurance,29,bank,own,4,management/ self-employed/ highly qualified employee/ officer,1,none,yes,0.098
... < 0 DM,60,existing credits paid back duly till now,furniture/equipment,5229,A61,4 <= ... < 7 years,4,male : single,none,4,if not A121 : building society savings agreement/ life insurance,29,none,own,1,skilled employee / official,2,"yes, registered under the customers name",yes,0.254
0 <= ... < 200 DM,13,critical account/ other credits existing (not at this bank),retraining,960,A65,... < 1 year,4,male : single,none,4,real estate,23,none,rent,2,skilled employee / official,1,"yes, registered under the customers name",yes,0.076
0 <= ... < 200 DM,4,critical account/ other credits existing (not at this bank),radio/television,276,A61,.. >= 7 years,4,female : divorced/separated/married,guarantor,4,real estate,19,none,own,2,skilled employee / official,1,none,yes,0.252
0 <= ... < 200 DM,13,critical account/ other credits existing (not at this bank),radio/television,2366,A61,... < 1 year,4,male : married/widowed,guarantor,4,real estate,23,bank,own,4,skilled employee / official,1,none,yes,0.234
... >= 200 DM / salary assignments for at least 1 year,13,critical account/ other credits existing (not at this bank),radio/television,881,A61,... < 1 year,4,male : single,guarantor,4,unknown / no property,27,none,own,4,skilled employee / official,1,none,yes,0.402
0 <= ... < 200 DM,53,critical account/ other credits existing (not at this bank),radio/television,736,A61,... < 1 year,4,male : single,guarantor,4,real estate,23,none,own,4,skilled employee / official,2,"yes, registered under the customers name",yes,0.283
no checking account,7,critical account/ other credits existing (not at this bank),repairs,907,A61,1 <= ... < 4 years,4,male : divorced/separated,none,2,real estate,22,none,own,2,skilled employee / official,1,"yes, registered under the customers name",yes,0.098
no checking account,24,critical account/ other credits existing (not at this bank),repairs,5620,A61,1 <= ... < 4 years,4,male : divorced/separated,none,2,real estate,33,none,own,2,skilled employee / official,1,none,no,0.307
no checking account,24,critical account/ other credits existing (not at this bank),repairs,2087,A61,1 <= ... < 4 years,4,male : divorced/separated,none,2,real estate,33,none,own,4,skilled employee / official,1,"yes, registered under the customers name",yes,0.114
no checking account,34,critical account/ other credits existing (not at this bank),repairs,1965,A61,1 <= ... < 4 years,4,male : divorced/separated,none,4,real estate,40,none,own,4,skilled employee / official,1,"yes, registered under the customers name",yes,0.129
no checking account,60,critical account/ other credits existing (not at this bank),repairs,2035,A61,1 <= ... < 4 years,4,male : divorced/separated,none,2,real estate,75,none,own,4,skilled employee / official,2,"yes, registered under the customers name",yes,0.157
... < 0 DM,8,delay in paying off in the past,radio/television,1070,A61,... < 1 year,4,male : married/widowed,none,4,real estate,22,stores,own,1,skilled employee / official,1,none,yes,0.291
no checking account,24,existing credits paid back duly till now,radio/television,276,A64,... < 1 year,4,male : married/widowed,none,4,real estate,48,stores,own,1,skilled employee / official,1,none,yes,0.25
... < 0 DM,24,delay in paying off in the past,others,2471,A61,.. >= 7 years,4,female : divorced/separated/married,none,4,real estate,48,stores,own,1,skilled employee / official,1,none,yes,0.239
... < 0 DM,24,delay in paying off in the past,radio/television,1020,A61,... < 1 year,4,male : married/widowed,none,4,unknown / no property,48,bank,rent,4,skilled employee / official,1,none,yes,0.241
... < 0 DM,38,delay in paying off in the past,radio/television,1062,A61,... < 1 year,4,male : married/widowed,none,4,real estate,75,stores,own,1,skilled employee / official,2,"yes, registered under the customers name",yes,0.191
... >= 200 DM / salary assignments for at least 1 year,10,critical account/ other credits existing (not at this bank),car (new),2201,A65,... < 1 year,1,male : single,none,3,real estate,21,none,rent,2,unskilled - resident,2,none,no,0.202
... < 0 DM,7,critical account/ other credits existing (not at this bank),retraining,933,A61,... < 1 year,1,female : divorced/separated/married,none,3,real estate,48,none,rent,2,unskilled - resident,2,"yes, registered under the customers name",no,0.16
0 <= ... < 200 DM,10,critical account/ other credits existing (not at this bank),car (new),3301,A61,1 <= ... < 4 years,1,male : single,none,3,unknown / no property,49,bank,rent,4,unskilled - resident,2,none,no,0.229
... < 0 DM,20,critical account/ other credits existing (not at this bank),car (new),2248,A61,4 <= ... < 7 years,1,male : single,none,4,real estate,48,none,rent,4,skilled employee / official,2,none,no,0.244
... < 0 DM,10,critical account/ other credits existing (not at this bank),car (new),2287,A61,... < 1 year,4,male : single,none,4,real estate,75,none,rent,4,unskilled - resident,2,"yes, registered under the customers name",no,0.307
no checking account,25,critical account/ other credits existing (not at this bank),furniture/equipment,7635,A61,unemployed,4,female : divorced/separated/married,none,2,"if not A121/A122 : car or other, not in attribute 6",26,none,own,2,management/ self-employed/ highly qualified employee/ officer,1,"yes, registered under the customers name",yes,0.212
no checking account,36,existing credits paid back duly till now,furniture/equipment,11142,A64,1 <= ... < 4 years,4,female : divorced/separated/married,none,2,"if not A121/A122 : car or other, not in attribute 6",19,none,own,2,management/ self-employed/ highly qualified employee/ officer,1,"yes, registered under the customers name",yes,0.258
0 <= ... < 200 DM,36,existing credits paid back duly till now,others,12473,A61,unemployed,4,female : divorced/separated/married,guarantor,2,unknown / no property,26,none,own,4,management/ self-employed/ highly qualified employee/ officer,1,"yes, registered under the customers name",yes,0.271
no checking account,36,existing credits paid back duly till now,furniture/equipment,10943,A61,unemployed,4,male : married/widowed,none,4,"if not A121/A122 : car or other, not in attribute 6",32,none,rent,4,skilled employee / official,1,"yes, registered under the customers name",yes,0.269
no checking account,60,existing credits paid back duly till now,furniture/equipment,10983,A61,unemployed,4,female : divorced/separated/married,none,4,"if not A121/A122 : car or other, not in attribute 6",26,bank,own,4,management/ self-employed/ highly qualified employee/ officer,2,"yes, registered under the customers name",yes,0.266
0 <= ... < 200 DM,13,critical account/ other credits existing (not at this bank),retraining,960,A65,... < 1 year,4,male : single,none,4,real estate,23,none,rent,2,skilled employee / official,1,"yes, registered under the customers name",yes,0.076
0 <= ... < 200 DM,4,critical account/ other credits existing (not at this bank),radio/television,276,A61,.. >= 7 years,4,female : divorced/separated/married,guarantor,4,real estate,19,none,own,2,skilled employee / official,1,none,yes,0.252
0 <= ... < 200 DM,13,critical account/ other credits existing (not at this bank),radio/television,2366,A61,... < 1 year,4,male : married/widowed,guarantor,4,real estate,23,bank,own,4,skilled employee / official,1,none,yes,0.234
... >= 200 DM / salary assignments for at least 1 year,13,critical account/ other credits existing (not at this bank),radio/television,881,A61,... < 1 year,4,male : single,guarantor,4,unknown / no property,27,none,own,4,skilled employee / official,1,none,yes,0.402
0 <= ... < 200 DM,53,critical account/ other credits existing (not at this bank),radio/television,736,A61,... < 1 year,4,male : single,guarantor,4,real estate,23,none,own,4,skilled employee / official,2,"yes, registered under the customers name",yes,0.283
... >= 200 DM / salary assignments for at least 1 year,12,critical account/ other credits existing (not at this bank),car (used),1900,A65,... < 1 year,1,female : divorced/separated/married,none,4,"if not A121/A122 : car or other, not in attribute 6",20,none,rent,1,skilled employee / official,1,"yes, registered under the customers name",yes,0.067
no checking account,12,existing credits paid back duly till now,car (used),4655,A65,4 <= ... < 7 years,1,female : divorced/separated/married,none,4,"if not A121/A122 : car or other, not in attribute 6",75,none,rent,1,skilled employee / official,1,none,yes,0.232
no checking account,6,existing credits paid back duly till now,others,4408,A65,... < 1 year,1,female : divorced/separated/married,none,4,if not A121 : building society savings agreement/ life insurance,20,bank,rent,4,skilled employee / official,1,none,yes,0.126
no checking account,12,existing credits paid back duly till now,car (used),4652,A65,... < 1 year,1,male : married/widowed,none,4,"if not A121/A122 : car or other, not in attribute 6",19,none,rent,4,management/ self-employed/ highly qualified employee/ officer,1,none,yes,0.268
no checking account,21,existing credits paid back duly till now,car (used),6271,A65,... < 1 year,4,female : divorced/separated/married,none,4,"if not A121/A122 : car or other, not in attribute 6",20,none,rent,4,skilled employee / official,2,none,yes,0.334
no checking account,7,critical account/ other credits existing (not at this bank),car (used),1102,A61,.. >= 7 years,1,male : single,none,4,"if not A121/A122 : car or other, not in attribute 6",23,none,own,1,management/ self-employed/ highly qualified employee/ officer,1,"yes, registered under the customers name",yes,0.126
no checking account,24,critical account/ other credits existing (not at this bank),car (used),5238,A61,.. >= 7 years,1,male : single,none,4,"if not A121/A122 : car or other, not in attribute 6",36,none,own,1,management/ self-employed/ highly qualified employee/ officer,1,"yes, registered under the customers name",yes,0.156
no checking account,20,critical account/ other credits existing (not at this bank),car (used),3051,A61,.. >= 7 years,1,male : single,none,4,"if not A121/A122 : car or other, not in attribute 6",37,none,own,1,management/ self-employed/ highly qualified employee/ officer,1,"yes, registered under the customers name",yes,0.149
no checking account,33,critical account/ other credits existing (not at this bank),car (used),11293,A61,.. >= 7 years,1,male : single,none,4,"if not A121/A122 : car or other, not in attribute 6",47,none,own,1,management/ self-employed/ highly qualified employee/ officer,1,"yes, registered under the customers name",yes,0.192
no checking account,21,critical account/ other credits existing (not at this bank),car (used),3264,A61,.. >= 7 years,4,male : single,none,4,"if not A121/A122 : car or other, not in attribute 6",75,none,own,4,management/ self-employed/ highly qualified employee/ officer,2,"yes, registered under the customers name",yes,0.185
0 <= ... < 200 DM,24,existing credits paid back duly till now,radio/television,1209,A61,... < 1 year,4,female : divorced/separated/married,none,1,unknown / no property,25,none,own,1,management/ self-employed/ highly qualified employee/ officer,1,"yes, registered under the customers name",yes,0.148
0 <= ... < 200 DM,36,existing credits paid back duly till now,radio/television,4861,A61,... < 1 year,4,female : divorced/separated/married,none,1,unknown / no property,30,bank,rent,1,management/ self-employed/ highly qualified employee/ officer,1,"yes, registered under the customers name",no,0.116
0 <= ... < 200 DM,60,existing credits paid back duly till now,radio/television,4767,A61,... < 1 year,4,female : divorced/separated/married,none,1,unknown / no property,30,none,own,1,management/ self-employed/ highly qualified employee/ officer,1,"yes, registered under the customers name",yes,0.186
... >= 200 DM / salary assignments for at least 1 year,60,existing credits paid back duly till now,radio/television,8435,A61,... < 1 year,4,female : divorced/separated/married,none,1,unknown / no property,40,none,own,1,management/ self-employed/ highly qualified employee/ officer,1,"yes, registered under the customers name",yes,0.145
0 <= ... < 200 DM,36,existing credits paid back duly till now,radio/television,4795,A61,... < 1 year,4,female : divorced/separated/married,none,4,unknown / no property,70,none,own,4,management/ self-employed/ highly qualified employee/ officer,2,"yes, registered under the customers name",yes,0.222
no checking account,4,delay in paying off in the past,radio/television,276,A61,1 <= ... < 4 years,4,male : married/widowed,none,3,real estate,19,bank,own,4,skilled employee / official,1,none,yes,0.13
no checking account,15,delay in paying off in the past,radio/television,1484,A61,1 <= ... < 4 years,4,male : married/widowed,none,3,real estate,33,bank,own,2,skilled employee / official,1,"yes, registered under the customers name",no,0.087
no checking account,15,delay in paying off in the past,radio/television,1461,A61,1 <= ... < 4 years,4,male : married/widowed,none,4,real estate,33,bank,own,4,skilled employee / official,1,none,yes,0.151
no checking account,15,delay in paying off in the past,radio/television,6016,A61,1 <= ... < 4 years,4,male : married/widowed,guarantor,4,real estate,33,bank,rent,4,skilled employee / official,1,none,yes,0.261
no checking account,26,delay in paying off in the past,radio/television,1540,A61,1 <= ... < 4 years,4,male : married/widowed,none,3,real estate,75,bank,own,4,skilled employee / official,2,none,yes,0.186
no checking account,10,existing credits paid back duly till now,retraining,879,A65,4 <= ... < 7 years,4,female : divorced/separated/married,none,3,if not A121 : building society savings agreement/ life insurance,20,none,own,1,skilled employee / official,1,"yes, registered under the customers name",yes,0.053
no checking account,11,existing credits paid back duly till now,retraining,276,A65,4 <= ... < 7 years,4,female : divorced/separated/married,none,3,if not A121 : building society savings agreement/ life insurance,40,none,own,1,skilled employee / official,1,none,no,0.149
no checking account,4,existing credits paid back duly till now,retraining,1090,A65,4 <= ... < 7 years,4,female : divorced/separated/married,none,4,if not A121 : building society savings agreement/ life insurance,40,none,own,1,skilled employee / official,1,"yes, registered under the customers name",yes,0.059
no checking account,10,existing credits paid back duly till now,retraining,5440,A65,4 <= ... < 7 years,4,female : divorced/separated/married,none,4,if not A121 : building society savings agreement/ life insurance,70,none,own,1,skilled employee / official,1,"yes, registered under the customers name",yes,0.074
no checking account,54,existing credits paid back duly till now,retraining,937,A65,4 <= ... < 7 years,4,female : divorced/separated/married,none,3,if not A121 : building society savings agreement/ life insurance,73,none,own,4,skilled employee / official,2,"yes, registered under the customers name",yes,0.078
... >= 200 DM / salary assignments for at least 1 year,12,existing credits paid back duly till now,car (new),3197,A65,unemployed,1,female : divorced/separated/married,none,2,real estate,24,none,rent,1,unemployed/ unskilled - non-resident,1,none,yes,0.254
0 <= ... < 200 DM,12,existing credits paid back duly till now,others,7673,A65,1 <= ... < 4 years,1,female : divorced/separated/married,none,2,if not A121 : building society savings agreement/ life insurance,20,bank,rent,1,unemployed/ unskilled - non-resident,1,none,yes,0.182
0 <= ... < 200 DM,6,critical account/ other credits existing (not at this bank),car (new),7536,A65,unemployed,1,male : married/widowed,none,2,real estate,34,none,rent,1,unemployed/ unskilled - non-resident,2,none,yes,0.233
0 <= ... < 200 DM,25,existing credits paid back duly till now,car (new),7436,A65,unemployed,1,female : divorced/separated/married,none,4,real estate,25,none,rent,4,skilled employee / official,2,none,no,0.256
0 <= ... < 200 DM,12,existing credits paid back duly till now,car (new),10874,A65,unemployed,4,female : divorced/separated/married,none,4,real estate,24,none,rent,4,unemployed/ unskilled - non-resident,2,"yes, registered under the customers name",yes,0.216
no checking account,6,existing credits paid back duly till now,car (used),743,A62,4 <= ... < 7 years,3,female : divorced/separated/married,none,4,"if not A121/A122 : car or other, not in attribute 6",23,none,own,1,skilled employee / official,1,none,yes,0.266
no checking account,24,existing credits paid back duly till now,car (used),8515,A65,4 <= ... < 7 years,3,female : divorced/separated/married,none,4,"if not A121/A122 : car or other, not in attribute 6",20,none,own,1,skilled employee / official,1,none,yes,0.242
no checking account,24,existing credits paid back duly till now,retraining,3513,A62,.. >= 7 years,4,male : married/widowed,none,4,real estate,25,none,own,4,skilled employee / official,1,none,yes,0.175
... >= 200 DM / salary assignments for at least 1 year,24,critical account/ other credits existing (not at this bank),car (used),3493,A62,4 <= ... < 7 years,4,female : divorced/separated/married,none,4,"if not A121/A122 : car or other, not in attribute 6",23,none,own,4,management/ self-employed/ highly qualified employee/ officer,1,none,yes,0.124
no checking account,60,existing credits paid back duly till now,car (used),3532,A62,4 <= ... < 7 years,4,female : divorced/separated/married,none,4,"if not A121/A122 : car or other, not in attribute 6",22,none,own,1,skilled employee / official,2,none,yes,0.337
no checking account,5,critical account/ other credits existing (not at this bank),business,3472,A61,4 <= ... < 7 years,1,male : single,none,4,real estate,74,bank,rent,1,unskilled - resident,1,none,yes,0.198
no checking account,5,existing credits paid back duly till now,car (used),276,A65,4 <= ... < 7 years,1,male : single,none,4,real estate,75,none,own,1,unskilled - resident,1,none,yes,0.304
0 <= ... < 200 DM,23,existing credits paid back duly till now,business,3418,A61,4 <= ... < 7 years,1,female : divorced/separated/married,none,4,real estate,74,none,own,1,unskilled - resident,1,"yes, registered under the customers name",yes,0.195
no checking account,4,existing credits paid back duly till now,retraining,3371,A61,4 <= ... < 7 years,1,male : single,none,4,unknown / no property,74,none,own,4,skilled employee / official,1,none,yes,0.246
no checking account,4,existing credits paid back duly till now,business,5031,A61,4 <= ... < 7 years,4,male : single,none,4,real estate,75,none,own,4,unskilled - resident,2,"yes, registered under the customers name",yes,0.273
0 <= ... < 200 DM,19,no credits taken/ all credits paid back duly,business,2352,A61,1 <= ... < 4 years,2,female : divorced/separated/married,none,1,"if not A121/A122 : car or other, not in attribute 6",28,none,rent,2,skilled employee / official,1,none,yes,0.29
0 <= ... < 200 DM,30,no credits taken/ all credits paid back duly,car (used),7981,A65,1 <= ... < 4 years,2,female : divorced/separated/married,none,1,"if not A121/A122 : car or other, not in attribute 6",23,none,own,4,skilled employee / official,1,none,yes,0.227
0 <= ... < 200 DM,30,no credits taken/ all credits paid back duly,others,4194,A61,1 <= ... < 4 years,2,female : divorced/separated/married,none,1,unknown / no property,56,none,own,4,skilled employee / official,1,none,yes,0.202
... >= 200 DM / salary assignments for at least 1 year,30,critical account/ other credits existing (not at this bank),business,4193,A61,1 <= ... < 4 years,4,male : married/widowed,none,1,"if not A121/A122 : car or other, not in attribute 6",28,none,own,4,skilled employee / official,1,none,yes,0.205
0 <= ... < 200 DM,48,no credits taken/ all credits paid back duly,business,4253,A61,1 <= ... < 4 years,4,female : divorced/separated/married,none,4,"if not A121/A122 : car or other, not in attribute 6",29,none,own,4,skilled employee / official,2,"yes, registered under the customers name",yes,0.218
... >= 200 DM / salary assignments for at least 1 year,4,critical account/ other credits existing (not at this bank),car (new),1304,A61,... < 1 year,4,male : single,none,1,real estate,19,none,own,1,skilled employee / official,1,"yes, registered under the customers name",no,0.124
... >= 200 DM / salary assignments for at least 1 year,12,existing credits paid back duly till now,car (used),276,A64,... < 1 year,4,male : single,none,1,real estate,26,none,own,1,skilled employee / official,1,none,yes,0.265
... >= 200 DM / salary assignments for at least 1 year,12,existing credits paid back duly till now,car (new),1323,A61,1 <= ... < 4 years,4,female : divorced/separated/married,none,1,real estate,26,none,own,4,unskilled - resident,1,none,yes,0.23
... >= 200 DM / salary assignments for at least 1 year,12,existing credits paid back duly till now,car (new),5289,A61,... < 1 year,4,male : single,none,1,if not A121 : building society savings agreement/ life insurance,26,none,rent,4,skilled employee / official,1,none,yes,0.258
... >= 200 DM / salary assignments for at least 1 year,15,existing credits paid back duly till now,car (new),1402,A61,... < 1 year,4,male : single,none,4,real estate,49,none,own,4,skilled employee / official,2,none,yes,0.348
0 <= ... < 200 DM,32,delay in paying off in the past,car (new),1729,A62,.. >= 7 years,2,male : single,none,4,"if not A121/A122 : car or other, not in attribute 6",39,none,own,4,management/ self-employed/ highly qualified employee/ officer,1,"yes, registered under the customers name",yes,0.247
0 <= ... < 200 DM,36,delay in paying off in the past,car (used),8225,A64,.. >= 7 years,1,male : single,none,4,"if not A121/A122 : car or other, not in attribute 6",43,none,own,4,management/ self-employed/ highly qualified employee/ officer,1,"yes, registered under the customers name",yes,0.247
... >= 200 DM / salary assignments for at least 1 year,36,delay in paying off in the past,car (new),8049,A62,4 <= ... < 7 years,2,male : single,none,4,"if not A121/A122 : car or other, not in attribute 6",42,none,own,4,skilled employee / official,1,"yes, registered under the customers name",no,0.206
0 <= ... < 200 DM,36,delay in paying off in the past,car (new),11070,A62,.. >= 7 years,4,male : divorced/separated,none,4,"if not A121/A122 : car or other, not in attribute 6",42,none,own,4,management/ self-employed/ highly qualified employee/ officer,1,"yes, registered under the customers name",yes,0.229
0 <= ... < 200 DM,58,critical account/ other credits existing (not at this bank),car (new),8237,A62,.. >= 7 years,2,male : single,none,4,"if not A121/A122 : car or other, not in attribute 6",60,none,own,4,management/ self-employed/ highly qualified employee/ officer,2,"yes, registered under the customers name",yes,0.217
no checking account,9,critical account/ other credits existing (not at this bank),retraining,886,A61,... < 1 year,4,male : married/widowed,none,3,"if not A121/A122 : car or other, not in attribute 6",27,bank,own,4,unskilled - resident,1,none,yes,0.222
no checking account,24,existing credits paid back duly till now,retraining,276,A64,.. >= 7 years,4,male : married/widowed,none,3,"if not A121/A122 : car or other, not in attribute 6",19,none,own,2,unskilled - resident,1,none,yes,0.302
... >= 200 DM / salary assignments for at least 1 year,24,existing credits paid back duly till now,others,921,A61,... < 1 year,4,male : married/widowed,none,3,real estate,33,none,own,4,unskilled - resident,1,none,yes,0.256
no checking account,24,existing credits paid back duly till now,retraining,4829,A61,4 <= ... < 7 years,4,male : married/widowed,none,4,"if not A121/A122 : car or other, not in attribute 6",27,none,own,4,management/ self-employed/ highly qualified employee/ officer,1,none,yes,0.214
no checking account,59,existing credits paid back duly till now,retraining,849,A61,... < 1 year,4,male : married/widowed,none,4,"if not A121/A122 : car or other, not in attribute 6",27,none,own,4,unskilled - resident,2,"yes, registered under the customers name",yes,0.284
... < 0 DM,6,critical account/ other credits existing (not at this bank),radio/television,1609,A61,.. >= 7 years,4,female : divorced/separated/married,none,4,"if not A121/A122 : car or other, not in attribute 6",47,none,own,1,skilled employee / official,1,none,yes,0.334
... < 0 DM,24,existing credits paid back duly till now,car (used),276,A61,.. >= 7 years,4,female : divorced/separated/married,none,4,unknown / no property,56,none,own,1,skilled employee / official,2,none,yes,0.332
... < 0 DM,23,existing credits paid back duly till now,radio/television,1868,A65,.. >= 7 years,4,female : divorced/separated/married,none,4,"if not A121/A122 : car or other, not in attribute 6",55,bank,rent,4,skilled employee / official,1,none,yes,0.236
... >= 200 DM / salary assignments for at least 1 year,24,existing credits paid back duly till now,radio/television,3578,A61,4 <= ... < 7 years,4,female : divorced/separated/married,none,4,if not A121 : building society savings agreement/ life insurance,55,none,own,1,management/ self-employed/ highly qualified employee/ officer,1,none,yes,0.151
... >= 200 DM / salary assignments for at least 1 year,42,existing credits paid back duly till now,radio/television,1296,A61,.. >= 7 years,4,female : divorced/separated/married,none,4,"if not A121/A122 : car or other, not in attribute 6",75,none,own,4,skilled employee / official,2,"yes, registered under the customers name",yes,0.157
no checking account,9,existing credits paid back duly till now,radio/television,1369,A61,... < 1 year,4,female : divorced/separated/married,none,4,if not A121 : building society savings agreement/ life insurance,25,none,own,1,skilled employee / official,1,"yes, registered under the customers name",yes,0.161
no checking account,24,existing credits paid back duly till now,radio/television,3203,A61,... < 1 year,4,female : divorced/separated/married,none,4,if not A121 : building society savings agreement/ life insurance,26,bank,rent,4,skilled employee / official,1,"yes, registered under the customers name",no,0.12
... >= 200 DM / salary assignments for at least 1 year,24,existing credits paid back duly till now,radio/television,3219,A61,... < 1 year,4,male : married/widowed,none,4,real estate,26,none,own,1,management/ self-employed/ highly qualified employee/ officer,1,"yes, registered under the customers name",yes,0.101
no checking account,35,existing credits paid back duly till now,radio/television,8217,A61,... < 1 year,4,female : divorced/separated/married,none,4,if not A121 : building society savings agreement/ life insurance,28,none,own,1,skilled employee / official,1,"yes, registered under the customers name",yes,0.201
no checking account,53,existing credits paid back duly till now,radio/television,3177,A61,... < 1 year,4,female : divorced/separated/married,none,4,if not A121 : building society savings agreement/ life insurance,67,none,own,4,skilled employee / official,2,"yes, registered under the customers name",yes,0.243
... >= 200 DM / salary assignments for at least 1 year,8,existing credits paid back duly till now,furniture/equipment,2405,A61,1 <= ... < 4 years,1,female : divorced/separated/married,none,4,real estate,24,none,own,1,skilled employee / official,1,"yes, registered under the customers name",yes,0.109
0 <= ... < 200 DM,4,existing credits paid back duly till now,car (used),276,A64,1 <= ... < 4 years,3,female : divorced/separated/married,co-applicant,4,real estate,19,none,own,1,skilled employee / official,1,none,yes,0.297
no checking account,8,critical account/ other credits existing (not at this bank),furniture/equipment,1324,A61,1 <= ... < 4 years,4,female : divorced/separated/married,none,4,if not A121 : building society savings agreement/ life insurance,25,none,own,1,skilled employee / official,1,none,yes,0.224
0 <= ... < 200 DM,8,existing credits paid back duly till now,furniture/equipment,1269,A61,4 <= ... < 7 years,4,male : married/widowed,none,4,real estate,24,none,own,1,management/ self-employed/ highly qualified employee/ officer,1,none,yes,0.191
0 <= ... < 200 DM,11,existing credits paid back duly till now,furniture/equipment,1233,A61,1 <= ... < 4 years,4,female : divorced/separated/married,none,4,real estate,49,bank,own,4,skilled employee / official,2,none,yes,0.239
no checking account,12,critical account/ other credits existing (not at this bank),car (new),1793,A61,4 <= ... < 7 years,2,male : single,none,2,if not A121 : building society savings agreement/ life insurance,28,bank,own,2,skilled employee / official,1,none,yes,0.111
no checking account,18,critical account/ other credits existing (not at this bank),car (new),2834,A61,4 <= ... < 7 years,2,male : single,co-applicant,2,if not A121 : building society savings agreement/ life insurance,31,none,for free,2,skilled employee / official,1,"yes, registered under the customers name",no,0.2
no checking account,18,critical account/ other credits existing (not at this bank),car (new),2706,A61,4 <= ... < 7 years,4,male : single,none,4,if not A121 : building society savings agreement/ life insurance,31,bank,own,4,skilled employee / official,1,none,yes,0.124
no checking account,23,critical account/ other credits existing (not at this bank),car (new),11610,A61,4 <= ... < 7 years,4,male : single,none,4,if not A121 : building society savings agreement/ life insurance,43,bank,own,4,skilled employee / official,1,none,yes,0.153
no checking account,34,critical account/ other credits existing (not at this bank),car (new),2766,A61,4 <= ... < 7 years,2,male : single,none,2,if not A121 : building society savings agreement/ life insurance,75,bank,own,4,skilled employee / official,2,none,yes,0.152
0 <= ... < 200 DM,7,critical account/ other credits existing (not at this bank),retraining,1036,A61,4 <= ... < 7 years,4,male : married/widowed,none,1,if not A121 : building society savings agreement/ life insurance,19,stores,own,2,management/ self-employed/ highly qualified employee/ officer,1,"yes, registered under the customers name",yes,0.028
0 <= ... < 200 DM,6,delay in paying off in the past,furniture/equipment,4462,A61,unemployed,4,male : single,none,1,if not A121 : building society savings agreement/ life insurance,35,bank,rent,2,management/ self-employed/ highly qualified employee/ officer,2,"yes, registered under the customers name",yes,0.133
0 <= ... < 200 DM,4,delay in paying off in the past,furniture/equipment,276,A61,unemployed,4,male : single,none,1,if not A121 : building society savings agreement/ life insurance,36,stores,own,4,management/ self-employed/ highly qualified employee/ officer,1,"yes, registered under the customers name",yes,0.188
0 <= ... < 200 DM,6,delay in paying off in the past,furniture/equipment,1075,A61,unemployed,4,male : single,none,1,if not A121 : building society savings agreement/ life insurance,75,stores,own,4,management/ self-employed/ highly qualified employee/ officer,1,"yes, registered under the customers name",yes,0.23
0 <= ... < 200 DM,35,delay in paying off in the past,furniture/equipment,944,A61,unemployed,4,male : single,none,4,if not A121 : building society savings agreement/ life insurance,34,stores,own,4,management/ self-employed/ highly qualified employee/ officer,2,"yes, registered under the customers name",yes,0.217
... < 0 DM,23,existing credits paid back duly till now,furniture/equipment,1821,A61,unemployed,4,male : single,none,3,if not A121 : building society savings agreement/ life insurance,24,none,own,1,management/ self-employed/ highly qualified employee/ officer,1,"yes, registered under the customers name",yes,0.308
... < 0 DM,36,existing credits paid back duly till now,furniture/equipment,5433,A64,1 <= ... < 4 years,4,male : divorced/separated,none,3,if not A121 : building society savings agreement/ life insurance,30,none,own,1,management/ self-employed/ highly qualified employee/ officer,1,"yes, registered under the customers name",yes,0.22
0 <= ... < 200 DM,36,existing credits paid back duly till now,others,3966,A61,unemployed,4,male : single,none,4,real estate,30,none,own,1,management/ self-employed/ highly qualified employee/ officer,1,"yes, registered under the customers name",no,0.239
... < 0 DM,36,no credits taken/ all credits paid back duly,furniture/equipment,3980,A61,unemployed,4,male : single,none,4,if not A121 : building society savings agreement/ life insurance,30,none,rent,4,skilled employee / official,1,"yes, registered under the customers name",yes,0.234
... < 0 DM,60,existing credits paid back duly till now,furniture/equipment,4214,A61,unemployed,4,male : single,none,4,if not A121 : building society savings agreement/ life insurance,31,bank,own,1,management/ self-employed/ highly qualified employee/ officer,2,"yes, registered under the customers name",yes,0.271
no checking account,6,existing credits paid back duly till now,retraining,1289,A65,unemployed,4,male : single,none,4,if not A121 : building society savings agreement/ life insurance,19,none,own,1,management/ self-employed/ highly qualified employee/ officer,2,"yes, registered under the customers name",yes,0.116
no checking account,6,existing credits paid back duly till now,retraining,1233,A65,unemployed,4,male : single,none,4,if not A121 : building society savings agreement/ life insurance,36,bank,rent,4,management/ self-employed/ highly qualified employee/ officer,2,"yes, registered under the customers name",no,0.091
no checking account,4,existing credits paid back duly till now,retraining,276,A65,unemployed,4,male : single,none,4,if not A121 : building society savings agreement/ life insurance,36,none,own,1,management/ self-employed/ highly qualified employee/ officer,2,"yes, registered under the customers name",yes,0.123
no checking account,10,existing credits paid back duly till now,retraining,1681,A65,unemployed,4,male : single,none,4,if not A121 : building society savings agreement/ life insurance,65,none,own,1,management/ self-employed/ highly qualified employee/ officer,2,"yes, registered under the customers name",yes,0.145
no checking account,52,existing credits paid back duly till now,retraining,3270,A65,unemployed,4,male : single,none,4,if not A121 : building society savings agreement/ life insurance,75,none,own,4,management/ self-employed/ highly qualified employee/ officer,2,"yes, registered under the customers name",yes,0.182
0 <= ... < 200 DM,60,critical account/ other credits existing (not at this bank),education,4046,A61,1 <= ... < 4 years,4,male : single,none,4,unknown / no property,23,none,for free,1,skilled employee / official,1,none,yes,0.296
0 <= ... < 200 DM,60,existing credits paid back duly till now,car (used),6209,A61,1 <= ... < 4 years,4,male : divorced/separated,co-applicant,4,unknown / no property,42,none,for free,1,skilled employee / official,1,"yes, registered under the customers name",yes,0.281
0 <= ... < 200 DM,60,existing credits paid back duly till now,others,8562,A65,1 <= ... < 4 years,4,male : single,none,4,unknown / no property,42,none,rent,1,skilled employee / official,1,none,yes,0.256
... >= 200 DM / salary assignments for at least 1 year,60,existing credits paid back duly till now,education,6400,A61,4 <= ... < 7 years,4,male : single,none,4,real estate,42,none,for free,4,skilled employee / official,1,none,yes,0.287
0 <= ... < 200 DM,60,existing credits paid back duly till now,education,6266,A61,1 <= ... < 4 years,4,male : single,none,4,unknown / no property,75,bank,for free,1,skilled employee / official,2,"yes, registered under the customers name",yes,0.208
... >= 200 DM / salary assignments for at least 1 year,10,existing credits paid back duly till now,furniture/equipment,970,A61,... < 1 year,4,male : single,none,1,unknown / no property,22,bank,for free,1,skilled employee / official,1,none,yes,0.305
... < 0 DM,25,existing credits paid back duly till now,car (used),3142,A61,.. >= 7 years,4,male : divorced/separated,none,1,unknown / no property,19,bank,for free,1,skilled employee / official,1,none,yes,0.229
... < 0 DM,24,critical account/ other credits existing (not at this bank),retraining,3204,A61,... < 1 year,4,male : single,none,1,unknown / no property,33,bank,rent,4,skilled employee / official,1,none,yes,0.183
... < 0 DM,24,existing credits paid back duly till now,furniture/equipment,4923,A65,4 <= ... < 7 years,4,male : married/widowed,none,1,if not A121 : building society savings agreement/ life insurance,22,bank,for free,4,skilled employee / official,1,none,yes,0.157
... < 0 DM,39,existing credits paid back duly till now,furniture/equipment,3344,A61,... < 1 year,4,male : single,none,4,unknown / no property,22,bank,for free,4,skilled employee / official,2,"yes, registered under the customers name",yes,0.307
no checking account,7,critical account/ other credits existing (not at this bank),car (used),1102,A61,.. >= 7 years,1,male : single,none,4,"if not A121/A122 : car or other, not in attribute 6",23,none,own,1,management/ self-employed/ highly qualified employee/ officer,1,"yes, registered under the customers name",yes,0.126
no checking account,24,critical account/ other credits existing (not at this bank),car (used),5238,A61,.. >= 7 years,1,male : single,none,4,"if not A121/A122 : car or other, not in attribute 6",36,none,own,1,management/ self-employed/ highly qualified employee/ officer,1,"yes, registered under the customers name",yes,0.156
no checking account,20,critical account/ other credits existing (not at this bank),car (used),3051,A61,.. >= 7 years,1,male : single,none,4,"if not A121/A122 : car or other, not in attribute 6",37,none,own,1,management/ self-employed/ highly qualified employee/ officer,1,"yes, registered under the customers name",yes,0.149
no checking account,33,critical account/ other credits existing (not at this bank),car (used),11293,A61,.. >= 7 years,1,male : single,none,4,"if not A121/A122 : car or other, not in attribute 6",47,none,own,1,management/ self-employed/ highly qualified employee/ officer,1,"yes, registered under the customers name",yes,0.192
no checking account,21,critical account/ other credits existing (not at this bank),car (used),3264,A61,.. >= 7 years,4,male : single,none,4,"if not A121/A122 : car or other, not in attribute 6",75,none,own,4,management/ self-employed/ highly qualified employee/ officer,2,"yes, registered under the customers name",yes,0.185
0 <= ... < 200 DM,6,critical account/ other credits existing (not at this bank),repairs,418,A61,unemployed,2,female : divorced/separated/married,none,4,"if not A121/A122 : car or other, not in attribute 6",67,none,own,1,skilled employee / official,1,"yes, registered under the customers name",yes,0.209
0 <= ... < 200 DM,18,existing credits paid back duly till now,repairs,3826,A65,1 <= ... < 4 years,2,male : divorced/separated,none,4,"if not A121/A122 : car or other, not in attribute 6",67,none,own,1,skilled employee / official,1,"yes, registered under the customers name",yes,0.234
0 <= ... < 200 DM,19,existing credits paid back duly till now,others,6825,A61,unemployed,2,female : divorced/separated/married,guarantor,4,if not A121 : building society savings agreement/ life insurance,67,none,own,1,skilled employee / official,1,"yes, registered under the customers name",yes,0.302
... >= 200 DM / salary assignments for at least 1 year,18,existing credits paid back duly till now,repairs,3852,A61,unemployed,4,female : divorced/separated/married,none,4,"if not A121/A122 : car or other, not in attribute 6",75,none,own,4,skilled employee / official,2,"yes, registered under the customers name",yes,0.246
0 <= ... < 200 DM,60,existing credits paid back duly till now,repairs,3767,A61,unemployed,2,female : divorced/separated/married,none,4,"if not A121/A122 : car or other, not in attribute 6",67,bank,own,1,skilled employee / official,1,"yes, registered under the customers name",yes,0.276
0 <= ... < 200 DM,12,critical account/ other credits existing (not at this bank),car (new),1745,A61,4 <= ... < 7 years,2,male : single,none,2,"if not A121/A122 : car or other, not in attribute 6",32,none,own,1,skilled employee / official,1,none,yes,0.232
0 <= ... < 200 DM,4,existing credits paid back duly till now,car (new),6201,A61,4 <= ... < 7 years,2,male : divorced/separated,none,2,"if not A121/A122 : car or other, not in attribute 6",38,none,own,1,skilled employee / official,1,none,yes,0.29
0 <= ... < 200 DM,25,existing credits paid back duly till now,car (new),5989,A61,4 <= ... < 7 years,2,male : single,none,2,if not A121 : building society savings agreement/ life insurance,32,bank,own,4,skilled employee / official,1,none,yes,0.175
... >= 200 DM / salary assignments for at least 1 year,12,existing credits paid back duly till now,car (new),6996,A61,4 <= ... < 7 years,4,male : single,none,4,"if not A121/A122 : car or other, not in attribute 6",30,none,own,4,management/ self-employed/ highly qualified employee/ officer,1,none,yes,0.289
0 <= ... < 200 DM,12,existing credits paid back duly till now,car (new),5900,A61,4 <= ... < 7 years,4,male : single,none,4,"if not A121/A122 : car or other, not in attribute 6",72,none,own,4,skilled employee / official,2,"yes, registered under the customers name",yes,0.23
no checking account,9,critical account/ other credits existing (not at this bank),car (used),1293,A64,1 <= ... < 4 years,4,male : single,none,2,real estate,27,none,own,4,skilled employee / official,1,none,yes,0.187
no checking account,24,critical account/ other credits existing (not at this bank),car (used),7457,A64,1 <= ... < 4 years,4,male : single,none,2,real estate,19,none,own,2,skilled employee / official,1,"yes, registered under the customers name",no,0.125
no checking account,24,critical account/ other credits existing (not at this bank),car (used),5819,A64,1 <= ... < 4 years,4,male : married/widowed,none,2,real estate,27,none,own,4,skilled employee / official,1,none,yes,0.143
no checking account,27,critical account/ other credits existing (not at this bank),car (used),5762,A64,1 <= ... < 4 years,4,male : single,none,4,real estate,27,bank,own,4,skilled employee / official,1,none,yes,0.151
no checking account,60,critical account/ other credits existing (not at this bank),car (used),5788,A64,1 <= ... < 4 years,4,male : single,none,2,real estate,44,none,own,4,skilled employee / official,2,none,yes,0.252
no checking account,20,critical account/ other credits existing (not at this bank),car (used),2726,A65,.. >= 7 years,1,male : single,none,4,"if not A121/A122 : car or other, not in attribute 6",63,none,own,4,skilled employee / official,1,none,yes,0.284
no checking account,30,critical account/ other credits existing (not at this bank),car (used),7572,A62,.. >= 7 years,1,female : divorced/separated/married,none,4,unknown / no property,63,none,for free,2,skilled employee / official,1,none,yes,0.26
no checking account,30,critical account/ other credits existing (not at this bank),others,7611,A65,.. >= 7 years,1,male : single,none,4,"if not A121/A122 : car or other, not in attribute 6",63,bank,own,4,skilled employee / official,1,none,no,0.247
no checking account,30,critical account/ other credits existing (not at this bank),car (used),9439,A65,4 <= ... < 7 years,1,male : single,none,4,"if not A121/A122 : car or other, not in attribute 6",75,none,own,4,skilled employee / official,2,none,yes,0.269
no checking account,60,critical account/ other credits existing (not at this bank),car (used),7640,A65,.. >= 7 years,4,male : single,none,4,"if not A121/A122 : car or other, not in attribute 6",63,none,own,4,skilled employee / official,1,none,yes,0.344
0 <= ... < 200 DM,9,critical account/ other credits existing (not at this bank),furniture/equipment,1168,A61,.. >= 7 years,3,female : divorced/separated/married,none,4,if not A121 : building society savings agreement/ life insurance,25,none,own,1,skilled employee / official,1,"yes, registered under the customers name",yes,0.087
0 <= ... < 200 DM,18,critical account/ other credits existing (not at this bank),furniture/equipment,3616,A61,.. >= 7 years,3,female : divorced/separated/married,co-applicant,4,if not A121 : building society savings agreement/ life insurance,37,bank,for free,1,skilled employee / official,1,none,no,0.31
0 <= ... < 200 DM,16,critical account/ other credits existing (not at this bank),furniture/equipment,2710,A61,.. >= 7 years,4,female : divorced/separated/married,none,4,if not A121 : building society savings agreement/ life insurance,30,none,own,1,skilled employee / official,1,"yes, registered under the customers name",yes,0.092
0 <= ... < 200 DM,31,critical account/ other credits existing (not at this bank),furniture/equipment,5114,A61,.. >= 7 years,4,female : divorced/separated/married,none,4,if not A121 : building society savings agreement/ life insurance,58,none,own,1,skilled employee / official,1,"yes, registered under the customers name",yes,0.115
0 <= ... < 200 DM,60,critical account/ other credits existing (not at this bank),furniture/equipment,5458,A61,.. >= 7 years,3,female : divorced/separated/married,none,4,if not A121 : building society savings agreement/ life insurance,75,none,own,4,skilled employee / official,2,"yes, registered under the customers name",yes,0.142
... >= 200 DM / salary assignments for at least 1 year,6,critical account/ other credits existing (not at this bank),furniture/equipment,2883,A61,.. >= 7 years,3,male : divorced/separated,none,4,unknown / no property,35,none,for free,1,skilled employee / official,1,none,yes,0.179
... >= 200 DM / salary assignments for at least 1 year,24,existing credits paid back duly till now,car (used),276,A61,.. >= 7 years,3,male : divorced/separated,none,4,unknown / no property,51,none,own,1,skilled employee / official,1,none,yes,0.18
... >= 200 DM / salary assignments for at least 1 year,24,existing credits paid back duly till now,furniture/equipment,2903,A61,4 <= ... < 7 years,3,male : married/widowed,none,4,real estate,52,none,for free,4,skilled employee / official,1,none,yes,0.204
... >= 200 DM / salary assignments for at least 1 year,24,existing credits paid back duly till now,furniture/equipment,5631,A65,.. >= 7 years,4,male : divorced/separated,none,4,unknown / no property,51,bank,for free,4,management/ self-employed/ highly qualified employee/ officer,1,none,yes,0.158
... >= 200 DM / salary assignments for at least 1 year,42,existing credits paid back duly till now,furniture/equipment,2788,A61,.. >= 7 years,4,male : divorced/separated,none,4,unknown / no property,75,none,for free,1,skilled employee / official,2,none,yes,0.355
0 <= ... < 200 DM,9,delay in paying off in the past,furniture/equipment,1105,A61,.. >= 7 years,4,male : divorced/separated,none,3,unknown / no property,25,none,own,1,management/ self-employed/ highly qualified employee/ officer,1,"yes, registered under the customers name",yes,0.128
0 <= ... < 200 DM,18,delay in paying off in the past,furniture/equipment,4246,A61,.. >= 7 years,4,male : divorced/separated,co-applicant,3,unknown / no property,40,bank,rent,4,management/ self-employed/ highly qualified employee/ officer,1,none,no,0.344
0 <= ... < 200 DM,18,delay in paying off in the past,furniture/equipment,5467,A61,.. >= 7 years,4,male : divorced/separated,none,4,unknown / no property,40,none,own,1,management/ self-employed/ highly qualified employee/ officer,1,"yes, registered under the customers name",yes,0.155
0 <= ... < 200 DM,21,delay in paying off in the past,furniture/equipment,8618,A65,4 <= ... < 7 years,4,male : divorced/separated,none,4,unknown / no property,52,none,own,1,management/ self-employed/ highly qualified employee/ officer,1,"yes, registered under the customers name",yes,0.113
0 <= ... < 200 DM,42,delay in paying off in the past,furniture/equipment,4304,A61,.. >= 7 years,4,male : divorced/separated,none,3,unknown / no property,75,none,own,4,management/ self-employed/ highly qualified employee/ officer,2,"yes, registered under the customers name",yes,0.198
... < 0 DM,7,critical account/ other credits existing (not at this bank),furniture/equipment,1171,A61,... < 1 year,4,female : divorced/separated/married,none,4,real estate,25,none,rent,1,unskilled - resident,1,"yes, registered under the customers name",yes,0.19
no checking account,24,existing credits paid back duly till now,car (used),3273,A64,1 <= ... < 4 years,4,female : divorced/separated/married,none,4,real estate,23,none,rent,1,unskilled - resident,1,"yes, registered under the customers name",yes,0.128
... < 0 DM,24,existing credits paid back duly till now,others,3229,A61,... < 1 year,4,female : divorced/separated/married,none,4,if not A121 : building society savings agreement/ life insurance,19,none,rent,4,unskilled - resident,1,"yes, registered under the customers name",yes,0.206
... < 0 DM,32,existing credits paid back duly till now,furniture/equipment,3158,A65,... < 1 year,4,male : married/widowed,none,4,real estate,23,none,rent,1,unskilled - resident,1,"yes, registered under the customers name",yes,0.221
... < 0 DM,60,existing credits paid back duly till now,furniture/equipment,3901,A61,... < 1 year,4,female : divorced/separated/married,none,4,real estate,23,none,rent,4,unskilled - resident,2,"yes, registered under the customers name",yes,0.349
... >= 200 DM / salary assignments for at least 1 year,34,critical account/ other credits existing (not at this bank),car (used),345,A61,.. >= 7 years,4,male : single,none,4,unknown / no property,50,none,for free,1,skilled employee / official,1,none,yes,0.19
... >= 200 DM / salary assignments for at least 1 year,42,critical account/ other credits existing (not at this bank),car (used),4795,A61,.. >= 7 years,4,male : single,none,4,unknown / no property,56,bank,rent,4,skilled employee / official,1,"yes, registered under the customers name",yes,0.045
... >= 200 DM / salary assignments for at least 1 year,46,critical account/ other credits existing (not at this bank),car (used),4628,A61,.. >= 7 years,4,male : single,none,4,unknown / no property,71,none,for free,1,skilled employee / official,1,none,yes,0.238
... >= 200 DM / salary assignments for at least 1 year,60,no credits taken/ all credits paid back duly,retraining,5689,A65,1 <= ... < 4 years,4,male : single,none,4,unknown / no property,75,none,for free,1,skilled employee / official,1,none,yes,0.208
... >= 200 DM / salary assignments for at least 1 year,42,critical account/ other credits existing (not at this bank),car (used),13010,A61,.. >= 7 years,4,male : single,none,4,unknown / no property,56,none,for free,4,skilled employee / official,2,none,yes,0.242
no checking account,6,existing credits paid back duly till now,retraining,1289,A65,unemployed,4,male : single,none,4,if not A121 : building society savings agreement/ life insurance,19,none,own,1,management/ self-employed/ highly qualified employee/ officer,2,"yes, registered under the customers name",yes,0.116
no checking account,6,existing credits paid back duly till now,retraining,1233,A65,unemployed,4,male : single,none,4,if not A121 : building society savings agreement/ life insurance,36,bank,rent,4,management/ self-employed/ highly qualified employee/ officer,2,"yes, registered under the customers name",no,0.091
no checking account,4,existing credits paid back duly till now,retraining,276,A65,unemployed,4,male : single,none,4,if not A121 : building society savings agreement/ life insurance,36,none,own,1,management/ self-employed/ highly qualified employee/ officer,2,"yes, registered under the customers name",yes,0.123
no checking account,10,existing credits paid back duly till now,retraining,1681,A65,unemployed,4,male : single,none,4,if not A121 : building society savings agreement/ life insurance,65,none,own,1,management/ self-employed/ highly qualified employee/ officer,2,"yes, registered under the customers name",yes,0.145
no checking account,52,existing credits paid back duly till now,retraining,3270,A65,unemployed,4,male : single,none,4,if not A121 : building society savings agreement/ life insurance,75,none,own,4,management/ self-employed/ highly qualified employee/ officer,2,"yes, registered under the customers name",yes,0.182
... >= 200 DM / salary assignments for at least 1 year,7,all credits at this bank paid back duly,radio/television,1474,A65,4 <= ... < 7 years,4,male : single,none,4,"if not A121/A122 : car or other, not in attribute 6",24,bank,own,1,unskilled - resident,1,"yes, registered under the customers name",yes,0.125
... >= 200 DM / salary assignments for at least 1 year,18,all credits at this bank paid back duly,car (used),276,A65,1 <= ... < 4 years,4,male : divorced/separated,none,4,"if not A121/A122 : car or other, not in attribute 6",49,bank,own,1,unskilled - resident,1,none,yes,0.292
no checking account,18,no credits taken/ all credits paid back duly,radio/television,3354,A65,4 <= ... < 7 years,4,male : single,none,4,if not A121 : building society savings agreement/ life insurance,50,bank,own,1,unskilled - resident,1,none,yes,0.173
... >= 200 DM / salary assignments for at least 1 year,18,all credits at this bank paid back duly,radio/television,1490,A65,4 <= ... < 7 years,4,male : single,none,4,"if not A121/A122 : car or other, not in attribute 6",49,stores,rent,4,management/ self-employed/ highly qualified employee/ officer,2,none,yes,0.214
... >= 200 DM / salary assignments for at least 1 year,42,critical account/ other credits existing (not at this bank),radio/television,1339,A65,4 <= ... < 7 years,4,male : single,none,4,"if not A121/A122 : car or other, not in attribute 6",75,bank,own,1,unskilled - resident,1,none,yes,0.172
no checking account,6,existing credits paid back duly till now,radio/television,784,A61,4 <= ... < 7 years,4,male : single,none,2,"if not A121/A122 : car or other, not in attribute 6",22,none,rent,2,management/ self-employed/ highly qualified employee/ officer,2,"yes, registered under the customers name",yes,0.139
no checking account,12,existing credits paid back duly till now,radio/television,2006,A61,4 <= ... < 7 years,4,male : married/widowed,none,2,"if not A121/A122 : car or other, not in attribute 6",31,none,rent,2,management/ self-employed/ highly qualified employee/ officer,2,none,no,0.261
0 <= ... < 200 DM,12,all credits at this bank paid back duly,radio/television,2552,A62,4 <= ... < 7 years,4,male : divorced/separated,none,2,"if not A121/A122 : car or other, not in attribute 6",31,none,rent,4,unskilled - resident,2,"yes, registered under the customers name",yes,0.227
no checking account,12,existing credits paid back duly till now,radio/television,1967,A61,4 <= ... < 7 years,4,male : single,none,4,"if not A121/A122 : car or other, not in attribute 6",39,none,rent,4,management/ self-employed/ highly qualified employee/ officer,2,"yes, registered under the customers name",yes,0.163
no checking account,34,existing credits paid back duly till now,radio/television,1922,A61,4 <= ... < 7 years,4,male : single,none,2,"if not A121/A122 : car or other, not in attribute 6",75,none,rent,4,management/ self-employed/ highly qualified employee/ officer,2,"yes, registered under the customers name",yes,0.2
... >= 200 DM / salary assignments for at least 1 year,8,existing credits paid back duly till now,education,1136,A61,.. >= 7 years,4,male : single,none,4,"if not A121/A122 : car or other, not in attribute 6",23,none,rent,1,management/ self-employed/ highly qualified employee/ officer,1,"yes, registered under the customers name",yes,0.121
... >= 200 DM / salary assignments for at least 1 year,15,existing credits paid back duly till now,education,1852,A61,.. >= 7 years,4,male : single,co-applicant,4,"if not A121/A122 : car or other, not in attribute 6",40,bank,own,4,management/ self-employed/ highly qualified employee/ officer,1,"yes, registered under the customers name",no,0.234
... < 0 DM,15,existing credits paid back duly till now,education,1895,A61,.. >= 7 years,4,female : divorced/separated/married,none,4,if not A121 : building society savings agreement/ life insurance,40,none,rent,1,skilled employee / official,1,"yes, registered under the customers name",yes,0.125
... >= 200 DM / salary assignments for at least 1 year,16,existing credits paid back duly till now,education,6844,A61,.. >= 7 years,4,male : single,none,4,"if not A121/A122 : car or other, not in attribute 6",56,none,rent,1,management/ self-employed/ highly qualified employee/ officer,1,"yes, registered under the customers name",yes,0.157
... >= 200 DM / salary assignments for at least 1 year,53,existing credits paid back duly till now,education,1945,A61,.. >= 7 years,4,male : single,none,4,"if not A121/A122 : car or other, not in attribute 6",73,none,rent,4,management/ self-employed/ highly qualified employee/ officer,2,"yes, registered under the customers name",yes,0.187
... >= 200 DM / salary assignments for at least 1 year,7,all credits at this bank paid back duly,radio/television,1474,A65,4 <= ... < 7 years,4,male : single,none,4,"if not A121/A122 : car or other, not in attribute 6",24,bank,own,1,unskilled - resident,1,"yes, registered under the customers name",yes,0.125
... >= 200 DM / salary assignments for at least 1 year,18,all credits at this bank paid back duly,car (used),276,A65,1 <= ... < 4 years,4,male : divorced/separated,none,4,"if not A121/A122 : car or other, not in attribute 6",49,bank,own,1,unskilled - resident,1,none,yes,0.292
no checking account,18,no credits taken/ all credits paid back duly,radio/television,3354,A65,4 <= ... < 7 years,4,male : single,none,4,if not A121 : building society savings agreement/ life insurance,50,bank,own,1,unskilled - resident,1,none,yes,0.173
... >= 200 DM / salary assignments for at least 1 year,18,all credits at this bank paid back duly,radio/television,1490,A65,4 <= ... < 7 years,4,male : single,none,4,"if not A121/A122 : car or other, not in attribute 6",49,stores,rent,4,management/ self-employed/ highly qualified employee/ officer,2,none,yes,0.214
... >= 200 DM / salary assignments for at least 1 year,42,critical account/ other credits existing (not at this bank),radio/television,1339,A65,4 <= ... < 7 years,4,male : single,none,4,"if not A121/A122 : car or other, not in attribute 6",75,bank,own,1,unskilled - resident,1,none,yes,0.172
no checking account,16,existing credits paid back duly till now,car (used),2582,A65,.. >= 7 years,3,male : single,none,4,"if not A121/A122 : car or other, not in attribute 6",33,none,own,1,management/ self-employed/ highly qualified employee/ officer,2,"yes, registered under the customers name",yes,0.174
no checking account,24,existing credits paid back duly till now,car (used),6259,A65,.. >= 7 years,3,male : single,none,4,"if not A121/A122 : car or other, not in attribute 6",41,bank,rent,4,management/ self-employed/ highly qualified employee/ officer,2,"yes, registered under the customers name",yes,0.108
no checking account,24,existing credits paid back duly till now,car (used),6297,A63,.. >= 7 years,4,female : divorced/separated/married,none,4,unknown / no property,41,none,own,1,management/ self-employed/ highly qualified employee/ officer,2,"yes, registered under the customers name",yes,0.151
0 <= ... < 200 DM,24,existing credits paid back duly till now,car (used),8431,A65,unemployed,4,male : single,none,4,"if not A121/A122 : car or other, not in attribute 6",47,none,own,1,management/ self-employed/ highly qualified employee/ officer,2,"yes, registered under the customers name",yes,0.26
no checking account,53,existing credits paid back duly till now,car (used),6331,A65,.. >= 7 years,3,male : single,none,4,"if not A121/A122 : car or other, not in attribute 6",75,none,own,4,management/ self-employed/ highly qualified employee/ officer,2,"yes, registered under the customers name",yes,0.258
... >= 200 DM / salary assignments for at least 1 year,10,critical account/ other credits existing (not at this bank),car (new),2201,A65,... < 1 year,1,male : single,none,3,real estate,21,none,rent,2,unskilled - resident,2,none,no,0.202
... < 0 DM,7,critical account/ other credits existing (not at this bank),retraining,933,A61,... < 1 year,1,female : divorced/separated/married,none,3,real estate,48,none,rent,2,unskilled - resident,2,"yes, registered under the customers name",no,0.16
0 <= ... < 200 DM,10,critical account/ other credits existing (not at this bank),car (new),3301,A61,1 <= ... < 4 years,1,male : single,none,3,unknown / no property,49,bank,rent,4,unskilled - resident,2,none,no,0.229
... < 0 DM,20,critical account/ other credits existing (not at this bank),car (new),2248,A61,4 <= ... < 7 years,1,male : single,none,4,real estate,48,none,rent,4,skilled employee / official,2,none,no,0.244
... < 0 DM,10,critical account/ other credits existing (not at this bank),car (new),2287,A61,... < 1 year,4,male : single,none,4,real estate,75,none,rent,4,unskilled - resident,2,"yes, registered under the customers name",no,0.307
no checking account,7,existing credits paid back duly till now,furniture/equipment,3055,A63,.. >= 7 years,4,male : single,none,3,unknown / no property,23,none,rent,1,skilled employee / official,1,"yes, registered under the customers name",yes,0.194
no checking account,24,existing credits paid back duly till now,furniture/equipment,276,A63,.. >= 7 years,4,male : single,none,3,unknown / no property,32,bank,rent,4,skilled employee / official,1,"yes, registered under the customers name",yes,0.134
no checking account,24,existing credits paid back duly till now,furniture/equipment,3535,A63,.. >= 7 years,4,male : single,none,4,unknown / no property,32,none,rent,1,skilled employee / official,1,"yes, registered under the customers name",yes,0.217
no checking account,34,existing credits paid back duly till now,furniture/equipment,8571,A65,.. >= 7 years,4,male : single,none,4,unknown / no property,39,none,rent,1,skilled employee / official,1,"yes, registered under the customers name",yes,0.167
no checking account,60,existing credits paid back duly till now,furniture/equipment,3077,A63,.. >= 7 years,4,male : single,none,3,unknown / no property,60,none,rent,4,skilled employee / official,2,"yes, registered under the customers name",yes,0.253
no checking account,4,critical account/ other credits existing (not at this bank),furniture/equipment,276,A61,4 <= ... < 7 years,1,female : divorced/separated/married,none,3,real estate,23,none,rent,4,skilled employee / official,1,none,yes,0.126
no checking account,10,critical account/ other credits existing (not at this bank),furniture/equipment,2201,A61,... < 1 year,1,female : divorced/separated/married,none,3,real estate,23,bank,own,4,skilled employee / official,1,"yes, registered under the customers name",no,0.122
... >= 200 DM / salary assignments for at least 1 year,10,critical account/ other credits existing (not at this bank),furniture/equipment,2113,A61,... < 1 year,1,male : married/widowed,none,4,real estate,19,none,rent,2,skilled employee / official,2,none,yes,0.146
no checking account,10,critical account/ other credits existing (not at this bank),retraining,7070,A61,... < 1 year,1,female : divorced/separated/married,none,4,real estate,23,none,rent,4,skilled employee / official,1,none,yes,0.168
no checking account,27,critical account/ other credits existing (not at this bank),furniture/equipment,2107,A61,... < 1 year,4,female : divorced/separated/married,none,3,real estate,36,none,rent,4,skilled employee / official,2,none,yes,0.274
0 <= ... < 200 DM,16,critical account/ other credits existing (not at this bank),radio/television,1326,A61,4 <= ... < 7 years,4,male : single,none,3,real estate,20,none,own,2,skilled employee / official,1,none,yes,0.144
... >= 200 DM / salary assignments for at least 1 year,7,existing credits paid back duly till now,others,1084,A65,4 <= ... < 7 years,4,male : single,guarantor,3,real estate,29,none,own,4,skilled employee / official,1,none,no,0.269
0 <= ... < 200 DM,12,existing credits paid back duly till now,radio/television,276,A61,4 <= ... < 7 years,4,male : married/widowed,guarantor,3,real estate,30,stores,own,4,skilled employee / official,1,none,no,0.285
0 <= ... < 200 DM,13,existing credits paid back duly till now,radio/television,1115,A61,4 <= ... < 7 years,4,male : single,guarantor,4,unknown / no property,29,bank,rent,4,skilled employee / official,1,"yes, registered under the customers name",no,0.16
0 <= ... < 200 DM,12,existing credits paid back duly till now,radio/television,1088,A61,4 <= ... < 7 years,4,male : single,none,4,real estate,68,none,own,4,skilled employee / official,2,"yes, registered under the customers name",no,0.178
no checking account,6,critical account/ other credits existing (not at this bank),business,2291,A61,unemployed,4,male : single,none,2,"if not A121/A122 : car or other, not in attribute 6",22,stores,own,2,management/ self-employed/ highly qualified employee/ officer,1,"yes, registered under the customers name",yes,0.179
no checking account,12,critical account/ other credits existing (not at this bank),business,276,A61,unemployed,4,male : single,none,2,"if not A121/A122 : car or other, not in attribute 6",42,bank,rent,2,management/ self-employed/ highly qualified employee/ officer,1,"yes, registered under the customers name",yes,0.133
... >= 200 DM / salary assignments for at least 1 year,12,critical account/ other credits existing (not at this bank),business,2281,A61,unemployed,4,male : married/widowed,none,4,if not A121 : building society savings agreement/ life insurance,42,stores,own,4,skilled employee / official,1,"yes, registered under the customers name",yes,0.07
no checking account,12,critical account/ other credits existing (not at this bank),business,2378,A61,unemployed,4,male : single,none,4,"if not A121/A122 : car or other, not in attribute 6",75,stores,own,4,management/ self-employed/ highly qualified employee/ officer,1,"yes, registered under the customers name",yes,0.245
no checking account,60,critical account/ other credits existing (not at this bank),business,2281,A61,unemployed,4,male : single,none,2,"if not A121/A122 : car or other, not in attribute 6",42,stores,own,4,management/ self-employed/ highly qualified employee/ officer,2,"yes, registered under the customers name",yes,0.244
no checking account,4,existing credits paid back duly till now,furniture/equipment,3408,A61,.. >= 7 years,4,male : single,none,4,if not A121 : building society savings agreement/ life insurance,19,bank,own,3,skilled employee / official,2,"yes, registered under the customers name",yes,0.123
no checking account,18,existing credits paid back duly till now,furniture/equipment,3461,A65,.. >= 7 years,4,male : single,none,4,if not A121 : building society savings agreement/ life insurance,47,bank,rent,4,skilled employee / official,2,"yes, registered under the customers name",yes,0.096
no checking account,18,existing credits paid back duly till now,retraining,276,A61,.. >= 7 years,4,male : single,none,4,if not A121 : building society savings agreement/ life insurance,47,bank,own,4,skilled employee / official,2,"yes, registered under the customers name",yes,0.079
... >= 200 DM / salary assignments for at least 1 year,20,existing credits paid back duly till now,furniture/equipment,5106,A61,.. >= 7 years,4,male : single,none,4,real estate,56,bank,own,4,skilled employee / official,2,"yes, registered under the customers name",yes,0.106
no checking account,58,existing credits paid back duly till now,furniture/equipment,3545,A61,.. >= 7 years,4,male : single,none,4,if not A121 : building society savings agreement/ life insurance,75,bank,own,4,skilled employee / official,2,"yes, registered under the customers name",yes,0.205
no checking account,6,delay in paying off in the past,car (used),526,A61,1 <= ... < 4 years,4,male : married/widowed,none,4,real estate,20,none,rent,1,skilled employee / official,1,none,yes,0.155
no checking account,15,delay in paying off in the past,car (used),1544,A61,1 <= ... < 4 years,4,male : married/widowed,none,4,real estate,41,bank,rent,1,skilled employee / official,1,"yes, registered under the customers name",yes,0.06
... >= 200 DM / salary assignments for at least 1 year,12,delay in paying off in the past,car (used),1583,A61,1 <= ... < 4 years,4,female : divorced/separated/married,none,4,if not A121 : building society savings agreement/ life insurance,41,none,rent,4,management/ self-employed/ highly qualified employee/ officer,1,none,yes,0.13
no checking account,12,no credits taken/ all credits paid back duly,others,3441,A64,.. >= 7 years,4,male : married/widowed,none,4,real estate,48,none,rent,1,skilled employee / official,1,none,yes,0.125
no checking account,32,delay in paying off in the past,car (used),1450,A61,1 <= ... < 4 years,4,male : married/widowed,none,4,real estate,75,none,rent,4,skilled employee / official,2,none,yes,0.224
no checking account,7,existing credits paid back duly till now,furniture/equipment,3055,A63,.. >= 7 years,4,male : single,none,3,unknown / no property,23,none,rent,1,skilled employee / official,1,"yes, registered under the customers name",yes,0.194
no checking account,24,existing credits paid back duly till now,furniture/equipment,276,A63,.. >= 7 years,4,male : single,none,3,unknown / no property,32,bank,rent,4,skilled employee / official,1,"yes, registered under the customers name",yes,0.134
no checking account,24,existing credits paid back duly till now,furniture/equipment,3535,A63,.. >= 7 years,4,male : single,none,4,unknown / no property,32,none,rent,1,skilled employee / official,1,"yes, registered under the customers name",yes,0.217
no checking account,34,existing credits paid back duly till now,furniture/equipment,8571,A65,.. >= 7 years,4,male : single,none,4,unknown / no property,39,none,rent,1,skilled employee / official,1,"yes, registered under the customers name",yes,0.167
no checking account,60,existing credits paid back duly till now,furniture/equipment,3077,A63,.. >= 7 years,4,male : single,none,3,unknown / no property,60,none,rent,4,skilled employee / official,2,"yes, registered under the customers name",yes,0.253
no checking account,10,no credits taken/ all credits paid back duly,car (new),1357,A61,1 <= ... < 4 years,1,female : divorced/separated/married,none,4,"if not A121/A122 : car or other, not in attribute 6",53,none,own,1,skilled employee / official,1,"yes, registered under the customers name",yes,0.165
no checking account,4,existing credits paid back duly till now,car (new),401,A61,1 <= ... < 4 years,2,female : divorced/separated/married,none,4,"if not A121/A122 : car or other, not in attribute 6",64,bank,rent,1,skilled employee / official,1,"yes, registered under the customers name",yes,0.12
no checking account,10,existing credits paid back duly till now,car (new),5737,A61,1 <= ... < 4 years,4,female : divorced/separated/married,none,4,"if not A121/A122 : car or other, not in attribute 6",75,none,own,1,skilled employee / official,1,"yes, registered under the customers name",yes,0.24
... >= 200 DM / salary assignments for at least 1 year,10,existing credits paid back duly till now,car (new),1310,A61,1 <= ... < 4 years,4,male : married/widowed,none,4,real estate,64,none,own,1,skilled employee / official,1,"yes, registered under the customers name",yes,0.097
no checking account,55,existing credits paid back duly till now,car (new),1438,A61,1 <= ... < 4 years,2,female : divorced/separated/married,none,4,"if not A121/A122 : car or other, not in attribute 6",64,none,own,4,skilled employee / official,2,"yes, registered under the customers name",yes,0.256
... >= 200 DM / salary assignments for at least 1 year,11,critical account/ other credits existing (not at this bank),radio/television,3435,A61,1 <= ... < 4 years,3,male : single,none,2,"if not A121/A122 : car or other, not in attribute 6",26,none,own,1,skilled employee / official,1,none,yes,0.228
no checking account,12,existing credits paid back duly till now,radio/television,276,A64,1 <= ... < 4 years,3,male : divorced/separated,none,2,"if not A121/A122 : car or other, not in attribute 6",19,none,own,1,skilled employee / official,1,none,yes,0.337
no checking account,12,existing credits paid back duly till now,radio/television,1278,A61,1 <= ... < 4 years,4,female : divorced/separated/married,none,2,if not A121 : building society savings agreement/ life insurance,25,none,own,4,skilled employee / official,1,none,no,0.305
no checking account,12,existing credits paid back duly till now,radio/television,1310,A61,4 <= ... < 7 years,4,male : single,none,4,real estate,28,none,own,4,management/ self-employed/ highly qualified employee/ officer,1,none,yes,0.254
no checking account,35,existing credits paid back duly till now,radio/television,1233,A61,1 <= ... < 4 years,4,male : single,none,4,"if not A121/A122 : car or other, not in attribute 6",25,none,own,1,skilled employee / official,2,"yes, registered under the customers name",yes,0.271
... < 0 DM,8,no credits taken/ all credits paid back duly,radio/television,823,A61,1 <= ... < 4 years,4,male : single,none,2,if not A121 : building society savings agreement/ life insurance,23,none,rent,4,skilled employee / official,1,"yes, registered under the customers name",yes,0.126
... < 0 DM,12,no credits taken/ all credits paid back duly,radio/television,6176,A61,1 <= ... < 4 years,4,male : single,none,2,if not A121 : building society savings agreement/ life insurance,28,none,rent,2,skilled employee / official,1,none,no,0.351
... < 0 DM,12,no credits taken/ all credits paid back duly,radio/television,6200,A61,1 <= ... < 4 years,4,male : single,none,2,if not A121 : building society savings agreement/ life insurance,28,none,rent,4,skilled employee / official,1,"yes, registered under the customers name",yes,0.141
... < 0 DM,12,no credits taken/ all credits paid back duly,car (used),6676,A61,1 <= ... < 4 years,4,male : single,none,4,if not A121 : building society savings agreement/ life insurance,31,none,rent,4,skilled employee / official,1,"yes, registered under the customers name",yes,0.14
... < 0 DM,19,no credits taken/ all credits paid back duly,radio/television,6765,A61,1 <= ... < 4 years,4,male : single,none,2,if not A121 : building society savings agreement/ life insurance,75,none,rent,4,skilled employee / official,2,"yes, registered under the customers name",yes,0.182
0 <= ... < 200 DM,14,existing credits paid back duly till now,car (new),1120,A61,4 <= ... < 7 years,3,male : single,none,3,real estate,28,none,rent,1,unskilled - resident,1,none,yes,0.257
0 <= ... < 200 DM,18,existing credits paid back duly till now,car (used),6310,A61,4 <= ... < 7 years,3,female : divorced/separated/married,none,3,real estate,52,none,rent,1,unskilled - resident,1,none,yes,0.218
... >= 200 DM / salary assignments for at least 1 year,18,existing credits paid back duly till now,car (new),6717,A61,4 <= ... < 7 years,4,male : single,none,4,if not A121 : building society savings agreement/ life insurance,28,none,rent,1,unskilled - resident,1,none,yes,0.213
0 <= ... < 200 DM,18,existing credits paid back duly till now,car (new),6258,A61,4 <= ... < 7 years,4,male : divorced/separated,none,4,real estate,23,none,own,4,unskilled - resident,1,"yes, registered under the customers name",yes,0.135
0 <= ... < 200 DM,50,critical account/ other credits existing (not at this bank),car (new),6424,A61,4 <= ... < 7 years,4,male : single,none,4,real estate,28,none,rent,4,unskilled - resident,2,none,yes,0.219
0 <= ... < 200 DM,10,existing credits paid back duly till now,furniture/equipment,1561,A65,4 <= ... < 7 years,2,male : single,none,4,"if not A121/A122 : car or other, not in attribute 6",26,none,own,1,skilled employee / official,1,"yes, registered under the customers name",yes,0.173
0 <= ... < 200 DM,21,existing credits paid back duly till now,furniture/equipment,3994,A65,1 <= ... < 4 years,2,male : single,none,2,"if not A121/A122 : car or other, not in attribute 6",35,none,own,1,skilled employee / official,1,"yes, registered under the customers name",yes,0.245
0 <= ... < 200 DM,21,critical account/ other credits existing (not at this bank),retraining,3964,A65,4 <= ... < 7 years,4,male : single,none,4,"if not A121/A122 : car or other, not in attribute 6",35,none,own,1,skilled employee / official,1,"yes, registered under the customers name",yes,0.078
0 <= ... < 200 DM,21,existing credits paid back duly till now,furniture/equipment,8585,A65,4 <= ... < 7 years,4,male : single,none,4,"if not A121/A122 : car or other, not in attribute 6",37,none,own,1,unskilled - resident,1,"yes, registered under the customers name",yes,0.284
0 <= ... < 200 DM,31,existing credits paid back duly till now,furniture/equipment,4021,A65,4 <= ... < 7 years,2,male : single,none,3,"if not A121/A122 : car or other, not in attribute 6",75,none,own,4,skilled employee / official,2,"yes, registered under the customers name",yes,0.238
... < 0 DM,15,critical account/ other credits existing (not at this bank),car (used),2099,A62,4 <= ... < 7 years,1,male : married/widowed,none,4,"if not A121/A122 : car or other, not in attribute 6",24,none,rent,2,skilled employee / official,1,none,yes,0.18
... < 0 DM,30,critical account/ other credits existing (not at this bank),car (used),6163,A62,4 <= ... < 7 years,1,male : married/widowed,co-applicant,4,"if not A121/A122 : car or other, not in attribute 6",24,stores,for free,2,skilled employee / official,1,"yes, registered under the customers name",no,0.204
0 <= ... < 200 DM,30,critical account/ other credits existing (not at this bank),car (used),6192,A65,4 <= ... < 7 years,1,male : divorced/separated,none,4,unknown / no property,20,none,rent,4,skilled employee / official,1,none,yes,0.089
... < 0 DM,36,no credits taken/ all credits paid back duly,retraining,6234,A62,4 <= ... < 7 years,1,male : married/widowed,none,4,"if not A121/A122 : car or other, not in attribute 6",28,none,rent,4,skilled employee / official,1,none,yes,0.202
... < 0 DM,60,critical account/ other credits existing (not at this bank),car (used),6270,A62,4 <= ... < 7 years,4,male : married/widowed,none,4,"if not A121/A122 : car or other, not in attribute 6",24,none,rent,4,skilled employee / official,2,none,yes,0.222
no checking account,6,critical account/ other credits existing (not at this bank),radio/television,1539,A61,4 <= ... < 7 years,1,female : divorced/separated/married,none,1,"if not A121/A122 : car or other, not in attribute 6",24,none,rent,2,skilled employee / official,1,"yes, registered under the customers name",yes,0.065
no checking account,4,critical account/ other credits existing (not at this bank),radio/television,2632,A61,4 <= ... < 7 years,1,female : divorced/separated/married,none,2,"if not A121/A122 : car or other, not in attribute 6",22,none,rent,4,skilled employee / official,1,"yes, registered under the customers name",yes,0.068
no checking account,46,critical account/ other credits existing (not at this bank),radio/television,672,A61,4 <= ... < 7 years,1,female : divorced/separated/married,none,4,"if not A121/A122 : car or other, not in attribute 6",20,none,rent,4,skilled employee / official,1,"yes, registered under the customers name",yes,0.08
no checking account,6,critical account/ other credits existing (not at this bank),radio/television,9693,A61,4 <= ... < 7 years,1,female : divorced/separated/married,none,4,"if not A121/A122 : car or other, not in attribute 6",27,none,rent,4,skilled employee / official,2,"yes, registered under the customers name",yes,0.081
no checking account,7,critical account/ other credits existing (not at this bank),radio/television,1588,A61,4 <= ... < 7 years,4,female : divorced/separated/married,none,2,"if not A121/A122 : car or other, not in attribute 6",75,none,rent,4,skilled employee / official,1,"yes, registered under the customers name",yes,0.086
... >= 200 DM / salary assignments for at least 1 year,7,all credits at this bank paid back duly,radio/television,1474,A65,4 <= ... < 7 years,4,male : single,none,4,"if not A121/A122 : car or other, not in attribute 6",24,bank,own,1,unskilled - resident,1,"yes, registered under the customers name",yes,0.125
... >= 200 DM / salary assignments for at least 1 year,18,all credits at this bank paid back duly,car (used),276,A65,1 <= ... < 4 years,4,male : divorced/separated,none,4,"if not A121/A122 : car or other, not in attribute 6",49,bank,own,1,unskilled - resident,1,none,yes,0.292
no checking account,18,no credits taken/ all credits paid back duly,radio/television,3354,A65,4 <= ... < 7 years,4,male : single,none,4,if not A121 : building society savings agreement/ life insurance,50,bank,own,1,unskilled - resident,1,none,yes,0.173
... >= 200 DM / salary assignments for at least 1 year,18,all credits at this bank paid back duly,radio/television,1490,A65,4 <= ... < 7 years,4,male : single,none,4,"if not A121/A122 : car or other, not in attribute 6",49,stores,rent,4,management/ self-employed/ highly qualified employee/ officer,2,none,yes,0.214
... >= 200 DM / salary assignments for at least 1 year,42,critical account/ other credits existing (not at this bank),radio/television,1339,A65,4 <= ... < 7 years,4,male : single,none,4,"if not A121/A122 : car or other, not in attribute 6",75,bank,own,1,unskilled - resident,1,none,yes,0.172
no checking account,54,no credits taken/ all credits paid back duly,car (used),5577,A65,1 <= ... < 4 years,2,male : single,none,2,if not A121 : building society savings agreement/ life insurance,21,none,own,1,unskilled - resident,2,"yes, registered under the customers name",yes,0.153
... >= 200 DM / salary assignments for at least 1 year,53,no credits taken/ all credits paid back duly,car (used),9618,A65,1 <= ... < 4 years,3,male : divorced/separated,none,1,if not A121 : building society savings agreement/ life insurance,40,none,own,1,unskilled - resident,2,none,yes,0.185
no checking account,54,no credits taken/ all credits paid back duly,car (used),9414,A65,1 <= ... < 4 years,2,male : single,none,2,if not A121 : building society savings agreement/ life insurance,39,none,own,1,unskilled - resident,2,none,yes,0.36
no checking account,60,critical account/ other credits existing (not at this bank),car (used),9368,A65,1 <= ... < 4 years,4,male : single,none,4,if not A121 : building society savings agreement/ life insurance,39,none,own,4,unskilled - resident,2,none,yes,0.298
no checking account,54,no credits taken/ all credits paid back duly,car (used),10069,A65,1 <= ... < 4 years,2,male : single,none,4,if not A121 : building society savings agreement/ life insurance,75,none,own,1,unskilled - resident,2,"yes, registered under the customers name",yes,0.227
... < 0 DM,28,critical account/ other credits existing (not at this bank),furniture/equipment,2621,A61,4 <= ... < 7 years,4,male : single,none,2,if not A121 : building society savings agreement/ life insurance,29,none,own,1,skilled employee / official,1,none,yes,0.284
... < 0 DM,36,existing credits paid back duly till now,car (used),8094,A61,4 <= ... < 7 years,4,male : divorced/separated,none,2,if not A121 : building society savings agreement/ life insurance,22,none,own,1,skilled employee / official,1,none,yes,0.258
0 <= ... < 200 DM,37,existing credits paid back duly till now,furniture/equipment,5309,A65,4 <= ... < 7 years,4,male : single,none,2,if not A121 : building society savings agreement/ life insurance,44,stores,rent,1,skilled employee / official,1,none,yes,0.184
... >= 200 DM / salary assignments for at least 1 year,36,existing credits paid back duly till now,retraining,5119,A61,4 <= ... < 7 years,4,male : single,none,4,if not A121 : building society savings agreement/ life insurance,29,bank,own,4,management/ self-employed/ highly qualified employee/ officer,1,none,yes,0.098
... < 0 DM,60,existing credits paid back duly till now,furniture/equipment,5229,A61,4 <= ... < 7 years,4,male : single,none,4,if not A121 : building society savings agreement/ life insurance,29,none,own,1,skilled employee / official,2,"yes, registered under the customers name",yes,0.254
no checking account,10,no credits taken/ all credits paid back duly,car (new),1357,A61,1 <= ... < 4 years,1,female : divorced/separated/married,none,4,"if not A121/A122 : car or other, not in attribute 6",53,none,own,1,skilled employee / official,1,"yes, registered under the customers name",yes,0.165
no checking account,4,existing credits paid back duly till now,car (new),401,A61,1 <= ... < 4 years,2,female : divorced/separated/married,none,4,"if not A121/A122 : car or other, not in attribute 6",64,bank,rent,1,skilled employee / official,1,"yes, registered under the customers name",yes,0.12
no checking account,10,existing credits paid back duly till now,car (new),5737,A61,1 <= ... < 4 years,4,female : divorced/separated/married,none,4,"if not A121/A122 : car or other, not in attribute 6",75,none,own,1,skilled employee / official,1,"yes, registered under the customers name",yes,0.24
... >= 200 DM / salary assignments for at least 1 year,10,existing credits paid back duly till now,car (new),1310,A61,1 <= ... < 4 years,4,male : married/widowed,none,4,real estate,64,none,own,1,skilled employee / official,1,"yes, registered under the customers name",yes,0.097
no checking account,55,existing credits paid back duly till now,car (new),1438,A61,1 <= ... < 4 years,2,female : divorced/separated/married,none,4,"if not A121/A122 : car or other, not in attribute 6",64,none,own,4,skilled employee / official,2,"yes, registered under the customers name",yes,0.256
no checking account,14,critical account/ other credits existing (not at this bank),radio/television,2266,A61,... < 1 year,3,male : married/widowed,none,3,unknown / no property,34,none,for free,4,skilled employee / official,1,"yes, registered under the customers name",yes,0.116
no checking account,24,critical account/ other credits existing (not at this bank),radio/television,5056,A61,... < 1 year,3,male : married/widowed,co-applicant,3,unknown / no property,47,bank,own,4,skilled employee / official,1,none,no,0.321
no checking account,24,critical account/ other credits existing (not at this bank),radio/television,11814,A61,... < 1 year,3,male : married/widowed,none,3,unknown / no property,56,none,for free,4,skilled employee / official,1,"yes, registered under the customers name",yes,0.156
no checking account,23,critical account/ other credits existing (not at this bank),radio/television,5203,A61,... < 1 year,4,male : married/widowed,none,4,unknown / no property,75,none,for free,4,skilled employee / official,1,"yes, registered under the customers name",yes,0.154
no checking account,60,critical account/ other credits existing (not at this bank),radio/television,5097,A61,... < 1 year,4,male : married/widowed,none,4,unknown / no property,47,none,for free,4,skilled employee / official,2,"yes, registered under the customers name",yes,0.15
no checking account,11,critical account/ other credits existing (not at this bank),radio/television,1160,A62,unemployed,4,female : divorced/separated/married,none,4,real estate,21,none,own,3,unskilled - resident,1,"yes, registered under the customers name",yes,0.139
no checking account,5,critical account/ other credits existing (not at this bank),radio/television,1362,A64,1 <= ... < 4 years,4,male : divorced/separated,none,4,real estate,57,none,own,4,unskilled - resident,1,none,yes,0.248
0 <= ... < 200 DM,11,critical account/ other credits existing (not at this bank),retraining,276,A62,unemployed,4,female : divorced/separated/married,none,4,unknown / no property,57,none,own,4,unskilled - resident,1,none,yes,0.251
no checking account,11,no credits taken/ all credits paid back duly,radio/television,1268,A62,unemployed,4,female : divorced/separated/married,none,4,real estate,57,none,rent,4,management/ self-employed/ highly qualified employee/ officer,2,none,yes,0.233
no checking account,37,critical account/ other credits existing (not at this bank),radio/television,1179,A62,unemployed,4,female : divorced/separated/married,none,4,real estate,75,none,own,4,unskilled - resident,2,none,yes,0.372
0 <= ... < 200 DM,13,critical account/ other credits existing (not at this bank),radio/television,2184,A63,unemployed,1,female : divorced/separated/married,none,4,unknown / no property,23,none,rent,1,unemployed/ unskilled - non-resident,1,"yes, registered under the customers name",yes,0.198
0 <= ... < 200 DM,24,existing credits paid back duly till now,others,5632,A63,.. >= 7 years,1,female : divorced/separated/married,none,4,unknown / no property,21,none,rent,1,management/ self-employed/ highly qualified employee/ officer,1,none,yes,0.201
... >= 200 DM / salary assignments for at least 1 year,24,existing credits paid back duly till now,radio/television,3704,A65,unemployed,1,female : divorced/separated/married,none,4,unknown / no property,38,bank,rent,1,unemployed/ unskilled - non-resident,1,none,yes,0.222
0 <= ... < 200 DM,24,existing credits paid back duly till now,radio/television,3732,A63,unemployed,1,male : married/widowed,none,4,unknown / no property,23,none,rent,4,skilled employee / official,2,none,yes,0.267
0 <= ... < 200 DM,45,existing credits paid back duly till now,radio/television,3794,A63,4 <= ... < 7 years,4,female : divorced/separated/married,none,4,unknown / no property,23,none,rent,4,unemployed/ unskilled - non-resident,2,"yes, registered under the customers name",yes,0.205
no checking account,6,existing credits paid back duly till now,car (used),743,A62,4 <= ... < 7 years,3,female : divorced/separated/married,none,4,"if not A121/A122 : car or other, not in attribute 6",23,none,own,1,skilled employee / official,1,none,yes,0.266
no checking account,24,existing credits paid back duly till now,car (used),8515,A65,4 <= ... < 7 years,3,female : divorced/separated/married,none,4,"if not A121/A122 : car or other, not in attribute 6",20,none,own,1,skilled employee / official,1,none,yes,0.242
no checking account,24,existing credits paid back duly till now,retraining,3513,A62,.. >= 7 years,4,male : married/widowed,none,4,real estate,25,none,own,4,skilled employee / official,1,none,yes,0.175
... >= 200 DM / salary assignments for at least 1 year,24,critical account/ other credits existing (not at this bank),car (used),3493,A62,4 <= ... < 7 years,4,female : divorced/separated/married,none,4,"if not A121/A122 : car or other, not in attribute 6",23,none,own,4,management/ self-employed/ highly qualified employee/ officer,1,none,yes,0.124
no checking account,60,existing credits paid back duly till now,car (used),3532,A62,4 <= ... < 7 years,4,female : divorced/separated/married,none,4,"if not A121/A122 : car or other, not in attribute 6",22,none,own,1,skilled employee / official,2,none,yes,0.337
no checking account,7,critical account/ other credits existing (not at this bank),car (used),1102,A61,.. >= 7 years,1,male : single,none,4,"if not A121/A122 : car or other, not in attribute 6",23,none,own,1,management/ self-employed/ highly qualified employee/ officer,1,"yes, registered under the customers name",yes,0.126
no checking account,24,critical account/ other credits existing (not at this bank),car (used),5238,A61,.. >= 7 years,1,male : single,none,4,"if not A121/A122 : car or other, not in attribute 6",36,none,own,1,management/ self-employed/ highly qualified employee/ officer,1,"yes, registered under the customers name",yes,0.156
no checking account,20,critical account/ other credits existing (not at this bank),car (used),3051,A61,.. >= 7 years,1,male : single,none,4,"if not A121/A122 : car or other, not in attribute 6",37,none,own,1,management/ self-employed/ highly qualified employee/ officer,1,"yes, registered under the customers name",yes,0.149
no checking account,33,critical account/ other credits existing (not at this bank),car (used),11293,A61,.. >= 7 years,1,male : single,none,4,"if not A121/A122 : car or other, not in attribute 6",47,none,own,1,management/ self-employed/ highly qualified employee/ officer,1,"yes, registered under the customers name",yes,0.192
no checking account,21,critical account/ other credits existing (not at this bank),car (used),3264,A61,.. >= 7 years,4,male : single,none,4,"if not A121/A122 : car or other, not in attribute 6",75,none,own,4,management/ self-employed/ highly qualified employee/ officer,2,"yes, registered under the customers name",yes,0.185
... >= 200 DM / salary assignments for at least 1 year,8,existing credits paid back duly till now,furniture/equipment,2405,A61,1 <= ... < 4 years,1,female : divorced/separated/married,none,4,real estate,24,none,own,1,skilled employee / official,1,"yes, registered under the customers name",yes,0.109
0 <= ... < 200 DM,4,existing credits paid back duly till now,car (used),276,A64,1 <= ... < 4 years,3,female : divorced/separated/married,co-applicant,4,real estate,19,none,own,1,skilled employee / official,1,none,yes,0.297
no checking account,8,critical account/ other credits existing (not at this bank),furniture/equipment,1324,A61,1 <= ... < 4 years,4,female : divorced/separated/married,none,4,if not A121 : building society savings agreement/ life insurance,25,none,own,1,skilled employee / official,1,none,yes,0.224
0 <= ... < 200 DM,8,existing credits paid back duly till now,furniture/equipment,1269,A61,4 <= ... < 7 years,4,male : married/widowed,none,4,real estate,24,none,own,1,management/ self-employed/ highly qualified employee/ officer,1,none,yes,0.191
0 <= ... < 200 DM,11,existing credits paid back duly till now,furniture/equipment,1233,A61,1 <= ... < 4 years,4,female : divorced/separated/married,none,4,real estate,49,bank,own,4,skilled employee / official,2,none,yes,0.239
no checking account,4,delay in paying off in the past,radio/television,276,A61,1 <= ... < 4 years,4,male : married/widowed,none,3,real estate,19,bank,own,4,skilled employee / official,1,none,yes,0.13
no checking account,15,delay in paying off in the past,radio/television,1484,A61,1 <= ... < 4 years,4,male : married/widowed,none,3,real estate,33,bank,own,2,skilled employee / official,1,"yes, registered under the customers name",no,0.087
no checking account,15,delay in paying off in the past,radio/television,1461,A61,1 <= ... < 4 years,4,male : married/widowed,none,4,real estate,33,bank,own,4,skilled employee / official,1,none,yes,0.151
no checking account,15,delay in paying off in the past,radio/television,6016,A61,1 <= ... < 4 years,4,male : married/widowed,guarantor,4,real estate,33,bank,rent,4,skilled employee / official,1,none,yes,0.261
no checking account,26,delay in paying off in the past,radio/television,1540,A61,1 <= ... < 4 years,4,male : married/widowed,none,3,real estate,75,bank,own,4,skilled employee / official,2,none,yes,0.186
... >= 200 DM / salary assignments for at least 1 year,6,critical account/ other credits existing (not at this bank),furniture/equipment,2883,A61,.. >= 7 years,3,male : divorced/separated,none,4,unknown / no property,35,none,for free,1,skilled employee / official,1,none,yes,0.179
... >= 200 DM / salary assignments for at least 1 year,24,existing credits paid back duly till now,car (used),276,A61,.. >= 7 years,3,male : divorced/separated,none,4,unknown / no property,51,none,own,1,skilled employee / official,1,none,yes,0.18
... >= 200 DM / salary assignments for at least 1 year,24,existing credits paid back duly till now,furniture/equipment,2903,A61,4 <= ... < 7 years,3,male : married/widowed,none,4,real estate,52,none,for free,4,skilled employee / official,1,none,yes,0.204
... >= 200 DM / salary assignments for at least 1 year,24,existing credits paid back duly till now,furniture/equipment,5631,A65,.. >= 7 years,4,male : divorced/separated,none,4,unknown / no property,51,bank,for free,4,management/ self-employed/ highly qualified employee/ officer,1,none,yes,0.158
... >= 200 DM / salary assignments for at least 1 year,42,existing credits paid back duly till now,furniture/equipment,2788,A61,.. >= 7 years,4,male : divorced/separated,none,4,unknown / no property,75,none,for free,1,skilled employee / official,2,none,yes,0.355
no checking account,8,existing credits paid back duly till now,radio/television,1103,A65,1 <= ... < 4 years,4,male : single,none,4,unknown / no property,23,none,for free,1,skilled employee / official,1,"yes, registered under the customers name",yes,0.152
no checking account,12,existing credits paid back duly till now,radio/television,2273,A65,1 <= ... < 4 years,4,male : single,none,4,unknown / no property,37,stores,own,4,skilled employee / official,2,"yes, registered under the customers name",yes,0.108
... < 0 DM,12,existing credits paid back duly till now,radio/television,2355,A65,1 <= ... < 4 years,4,female : divorced/separated/married,none,4,if not A121 : building society savings agreement/ life insurance,37,none,for free,1,unemployed/ unskilled - non-resident,1,"yes, registered under the customers name",yes,0.303
no checking account,14,existing credits paid back duly till now,radio/television,6550,A65,1 <= ... < 4 years,4,male : single,none,4,unknown / no property,54,none,for free,1,skilled employee / official,1,"yes, registered under the customers name",yes,0.191
no checking account,50,existing credits paid back duly till now,radio/television,2244,A65,1 <= ... < 4 years,4,male : single,none,4,unknown / no property,74,none,for free,4,skilled employee / official,2,"yes, registered under the customers name",yes,0.222
... < 0 DM,6,critical account/ other credits existing (not at this bank),radio/television,1325,A63,1 <= ... < 4 years,2,male : single,none,3,real estate,24,none,rent,1,skilled employee / official,2,none,yes,0.282
... < 0 DM,5,existing credits paid back duly till now,radio/television,5711,A64,1 <= ... < 4 years,2,male : divorced/separated,none,3,real estate,44,none,rent,1,skilled employee / official,2,none,yes,0.289
... < 0 DM,7,existing credits paid back duly till now,others,2678,A65,.. >= 7 years,2,male : single,none,4,real estate,44,bank,rent,1,skilled employee / official,2,none,yes,0.166
... >= 200 DM / salary assignments for at least 1 year,6,existing credits paid back duly till now,radio/television,2652,A63,1 <= ... < 4 years,4,male : single,none,4,unknown / no property,44,none,rent,4,skilled employee / official,2,none,yes,0.264
... < 0 DM,6,existing credits paid back duly till now,radio/television,2867,A63,1 <= ... < 4 years,4,male : single,none,3,real estate,75,none,rent,1,skilled employee / official,2,"yes, registered under the customers name",yes,0.262
no checking account,12,critical account/ other credits existing (not at this bank),retraining,276,A65,.. >= 7 years,2,female : divorced/separated/married,none,4,unknown / no property,57,bank,for free,4,unskilled - resident,1,none,yes,0.118
no checking account,10,critical account/ other credits existing (not at this bank),education,2718,A61,.. >= 7 years,2,female : divorced/separated/married,guarantor,4,unknown / no property,57,none,own,4,unskilled - resident,1,"yes, registered under the customers name",no,0.289
no checking account,12,critical account/ other credits existing (not at this bank),education,10126,A61,.. >= 7 years,4,female : divorced/separated/married,none,4,unknown / no property,57,bank,for free,4,unskilled - resident,1,none,yes,0.223
no checking account,13,critical account/ other credits existing (not at this bank),education,2751,A61,.. >= 7 years,4,female : divorced/separated/married,none,4,unknown / no property,75,bank,for free,4,unskilled - resident,1,none,yes,0.218
no checking account,60,critical account/ other credits existing (not at this bank),education,2837,A61,.. >= 7 years,2,female : divorced/separated/married,none,4,unknown / no property,57,bank,for free,4,unskilled - resident,2,none,yes,0.235
... >= 200 DM / salary assignments for at least 1 year,11,existing credits paid back duly till now,radio/television,1468,A61,4 <= ... < 7 years,4,male : single,none,2,"if not A121/A122 : car or other, not in attribute 6",25,bank,own,1,skilled employee / official,1,none,yes,0.171
... >= 200 DM / salary assignments for at least 1 year,24,existing credits paid back duly till now,radio/television,5237,A61,4 <= ... < 7 years,4,male : single,co-applicant,2,"if not A121/A122 : car or other, not in attribute 6",20,none,for free,1,skilled employee / official,1,"yes, registered under the customers name",no,0.309
... >= 200 DM / salary assignments for at least 1 year,24,existing credits paid back duly till now,others,5139,A61,4 <= ... < 7 years,4,male : single,none,4,"if not A121/A122 : car or other, not in attribute 6",29,bank,own,1,skilled employee / official,1,none,yes,0.173
... >= 200 DM / salary assignments for at least 1 year,29,existing credits paid back duly till now,radio/television,9078,A65,4 <= ... < 7 years,4,male : married/widowed,none,4,real estate,25,bank,own,1,skilled employee / official,1,none,yes,0.065
... >= 200 DM / salary assignments for at least 1 year,60,existing credits paid back duly till now,radio/television,5175,A61,4 <= ... < 7 years,4,male : single,none,2,"if not A121/A122 : car or other, not in attribute 6",32,bank,own,4,skilled employee / official,2,none,yes,0.228
no checking account,20,critical account/ other credits existing (not at this bank),car (used),2726,A65,.. >= 7 years,1,male : single,none,4,"if not A121/A122 : car or other, not in attribute 6",63,none,own,4,skilled employee / official,1,none,yes,0.284
no checking account,30,critical account/ other credits existing (not at this bank),car (used),7572,A62,.. >= 7 years,1,female : divorced/separated/married,none,4,unknown / no property,63,none,for free,2,skilled employee / official,1,none,yes,0.26
no checking account,30,critical account/ other credits existing (not at this bank),others,7611,A65,.. >= 7 years,1,male : single,none,4,"if not A121/A122 : car or other, not in attribute 6",63,bank,own,4,skilled employee / official,1,none,no,0.247
no checking account,30,critical account/ other credits existing (not at this bank),car (used),9439,A65,4 <= ... < 7 years,1,male : single,none,4,"if not A121/A122 : car or other, not in attribute 6",75,none,own,4,skilled employee / official,2,none,yes,0.269
no checking account,60,critical account/ other credits existing (not at this bank),car (used),7640,A65,.. >= 7 years,4,male : single,none,4,"if not A121/A122 : car or other, not in attribute 6",63,none,own,4,skilled employee / official,1,none,yes,0.344
no checking account,9,existing credits paid back duly till now,car (new),1188,A65,unemployed,4,male : single,none,4,unknown / no property,24,none,own,1,management/ self-employed/ highly qualified employee/ officer,1,"yes, registered under the customers name",yes,0.164
no checking account,12,existing credits paid back duly till now,car (new),2822,A65,unemployed,4,male : single,co-applicant,4,unknown / no property,38,bank,rent,4,management/ self-employed/ highly qualified employee/ officer,1,"yes, registered under the customers name",no,0.198
... < 0 DM,12,existing credits paid back duly till now,car (new),2777,A65,unemployed,4,female : divorced/separated/married,none,4,if not A121 : building society savings agreement/ life insurance,38,none,own,1,unemployed/ unskilled - non-resident,1,"yes, registered under the customers name",yes,0.313
no checking account,16,existing credits paid back duly till now,car (new),5696,A65,unemployed,4,male : single,none,4,unknown / no property,57,none,own,1,management/ self-employed/ highly qualified employee/ officer,1,"yes, registered under the customers name",yes,0.203
no checking account,55,existing credits paid back duly till now,car (new),2969,A65,unemployed,4,male : single,none,4,unknown / no property,75,none,own,4,management/ self-employed/ highly qualified employee/ officer,2,"yes, registered under the customers name",yes,0.237
... >= 200 DM / salary assignments for at least 1 year,8,existing credits paid back duly till now,education,1136,A61,.. >= 7 years,4,male : single,none,4,"if not A121/A122 : car or other, not in attribute 6",23,none,rent,1,management/ self-employed/ highly qualified employee/ officer,1,"yes, registered under the customers name",yes,0.121
... >= 200 DM / salary assignments for at least 1 year,15,existing credits paid back duly till now,education,1852,A61,.. >= 7 years,4,male : single,co-applicant,4,"if not A121/A122 : car or other, not in attribute 6",40,bank,own,4,management/ self-employed/ highly qualified employee/ officer,1,"yes, registered under the customers name",no,0.234
... < 0 DM,15,existing credits paid back duly till now,education,1895,A61,.. >= 7 years,4,female : divorced/separated/married,none,4,if not A121 : building society savings agreement/ life insurance,40,none,rent,1,skilled employee / official,1,"yes, registered under the customers name",yes,0.125
... >= 200 DM / salary assignments for at least 1 year,16,existing credits paid back duly till now,education,6844,A61,.. >= 7 years,4,male : single,none,4,"if not A121/A122 : car or other, not in attribute 6",56,none,rent,1,management/ self-employed/ highly qualified employee/ officer,1,"yes, registered under the customers name",yes,0.157
... >= 200 DM / salary assignments for at least 1 year,53,existing credits paid back duly till now,education,1945,A61,.. >= 7 years,4,male : single,none,4,"if not A121/A122 : car or other, not in attribute 6",73,none,rent,4,management/ self-employed/ highly qualified employee/ officer,2,"yes, registered under the customers name",yes,0.187
... < 0 DM,10,existing credits paid back duly till now,car (new),1684,A61,1 <= ... < 4 years,3,female : divorced/separated/married,none,2,if not A121 : building society savings agreement/ life insurance,29,none,own,1,skilled employee / official,1,"yes, registered under the customers name",yes,0.162
... < 0 DM,15,existing credits paid back duly till now,car (new),13416,A61,1 <= ... < 4 years,3,female : divorced/separated/married,none,2,if not A121 : building society savings agreement/ life insurance,29,none,own,1,skilled employee / official,1,"yes, registered under the customers name",yes,0.191
... < 0 DM,32,existing credits paid back duly till now,car (new),3843,A61,1 <= ... < 4 years,4,female : divorced/separated/married,none,4,if not A121 : building society savings agreement/ life insurance,19,none,own,1,skilled employee / official,1,"yes, registered under the customers name",yes,0.176
no checking account,15,delay in paying off in the past,car (new),3960,A63,... < 1 year,4,female : divorced/separated/married,none,4,if not A121 : building society savings agreement/ life insurance,33,none,own,1,skilled employee / official,1,"yes, registered under the customers name",yes,0.228
... < 0 DM,15,existing credits paid back duly till now,car (new),4020,A61,1 <= ... < 4 years,3,female : divorced/separated/married,none,2,if not A121 : building society savings agreement/ life insurance,75,none,own,4,skilled employee / official,2,"yes, registered under the customers name",yes,0.21
0 <= ... < 200 DM,26,delay in paying off in the past,education,7261,A62,4 <= ... < 7 years,2,male : single,none,3,unknown / no property,32,none,rent,1,skilled employee / official,1,"yes, registered under the customers name",yes,0.111
0 <= ... < 200 DM,38,delay in paying off in the past,education,11675,A62,4 <= ... < 7 years,2,male : single,none,4,unknown / no property,32,bank,rent,4,skilled employee / official,1,"yes, registered under the customers name",yes,0.083
0 <= ... < 200 DM,42,delay in paying off in the past,education,11698,A62,4 <= ... < 7 years,2,male : single,none,2,unknown / no property,61,none,rent,1,skilled employee / official,1,"yes, registered under the customers name",yes,0.149
0 <= ... < 200 DM,60,delay in paying off in the past,education,12085,A62,4 <= ... < 7 years,4,male : single,none,4,unknown / no property,31,none,rent,1,skilled employee / official,1,"yes, registered under the customers name",yes,0.144
0 <= ... < 200 DM,39,delay in paying off in the past,education,15945,A62,4 <= ... < 7 years,4,male : single,none,4,unknown / no property,75,none,rent,4,skilled employee / official,2,"yes, registered under the customers name",yes,0.167
... < 0 DM,4,existing credits paid back duly till now,car (new),1189,A61,... < 1 year,4,female : divorced/separated/married,none,3,"if not A121/A122 : car or other, not in attribute 6",23,none,rent,1,skilled employee / official,1,"yes, registered under the customers name",yes,0.242
... < 0 DM,18,existing credits paid back duly till now,car (new),276,A61,... < 1 year,4,female : divorced/separated/married,none,3,"if not A121/A122 : car or other, not in attribute 6",19,bank,rent,4,skilled employee / official,1,"yes, registered under the customers name",yes,0.166
... < 0 DM,18,critical account/ other credits existing (not at this bank),car (new),1170,A61,... < 1 year,4,female : divorced/separated/married,none,4,"if not A121/A122 : car or other, not in attribute 6",24,none,rent,1,skilled employee / official,1,"yes, registered under the customers name",yes,0.186
... < 0 DM,24,existing credits paid back duly till now,car (new),7197,A61,4 <= ... < 7 years,4,female : divorced/separated/married,none,4,"if not A121/A122 : car or other, not in attribute 6",23,none,rent,1,skilled employee / official,1,"yes, registered under the customers name",yes,0.165
... < 0 DM,60,existing credits paid back duly till now,car (new),1309,A61,... < 1 year,4,female : divorced/separated/married,none,3,"if not A121/A122 : car or other, not in attribute 6",24,none,rent,4,skilled employee / official,2,"yes, registered under the customers name",yes,0.291
... < 0 DM,6,existing credits paid back duly till now,car (new),8818,A61,.. >= 7 years,1,male : single,none,4,unknown / no property,58,bank,own,1,management/ self-employed/ highly qualified employee/ officer,1,"yes, registered under the customers name",yes,0.165
... < 0 DM,4,existing credits paid back duly till now,car (new),14893,A61,.. >= 7 years,1,male : single,co-applicant,4,unknown / no property,68,stores,rent,4,management/ self-employed/ highly qualified employee/ officer,1,"yes, registered under the customers name",no,0.304
... < 0 DM,5,existing credits paid back duly till now,car (new),15945,A61,.. >= 7 years,1,male : single,none,4,unknown / no property,75,bank,own,1,management/ self-employed/ highly qualified employee/ officer,1,"yes, registered under the customers name",yes,0.199
... < 0 DM,6,existing credits paid back duly till now,car (new),14889,A61,.. >= 7 years,1,male : single,none,4,unknown / no property,68,bank,own,1,management/ self-employed/ highly qualified employee/ officer,1,"yes, registered under the customers name",yes,0.19
... < 0 DM,39,existing credits paid back duly till now,car (new),14887,A61,.. >= 7 years,4,male : single,none,4,unknown / no property,68,bank,own,4,management/ self-employed/ highly qualified employee/ officer,2,"yes, registered under the customers name",yes,0.214
no checking account,8,critical account/ other credits existing (not at this bank),education,1038,A61,4 <= ... < 7 years,2,male : single,none,3,real estate,29,none,own,1,unskilled - resident,2,none,yes,0.236
no checking account,12,critical account/ other credits existing (not at this bank),education,2056,A61,4 <= ... < 7 years,2,male : single,none,3,real estate,49,bank,for free,4,unskilled - resident,2,none,no,0.265
no checking account,12,critical account/ other credits existing (not at this bank),car (new),2824,A62,4 <= ... < 7 years,2,male : single,none,4,if not A121 : building society savings agreement/ life insurance,49,none,own,1,unskilled - resident,2,none,yes,0.269
no checking account,12,critical account/ other credits existing (not at this bank),education,2212,A61,4 <= ... < 7 years,4,male : married/widowed,none,4,real estate,75,none,own,1,unskilled - resident,2,none,yes,0.197
no checking account,54,critical account/ other credits existing (not at this bank),education,2114,A61,4 <= ... < 7 years,4,male : single,none,4,real estate,49,none,own,4,unskilled - resident,2,none,yes,0.31
0 <= ... < 200 DM,19,no credits taken/ all credits paid back duly,business,2352,A61,1 <= ... < 4 years,2,female : divorced/separated/married,none,1,"if not A121/A122 : car or other, not in attribute 6",28,none,rent,2,skilled employee / official,1,none,yes,0.29
0 <= ... < 200 DM,30,no credits taken/ all credits paid back duly,car (used),7981,A65,1 <= ... < 4 years,2,female : divorced/separated/married,none,1,"if not A121/A122 : car or other, not in attribute 6",23,none,own,4,skilled employee / official,1,none,yes,0.227
0 <= ... < 200 DM,30,no credits taken/ all credits paid back duly,others,4194,A61,1 <= ... < 4 years,2,female : divorced/separated/married,none,1,unknown / no property,56,none,own,4,skilled employee / official,1,none,yes,0.202
... >= 200 DM / salary assignments for at least 1 year,30,critical account/ other credits existing (not at this bank),business,4193,A61,1 <= ... < 4 years,4,male : married/widowed,none,1,"if not A121/A122 : car or other, not in attribute 6",28,none,own,4,skilled employee / official,1,none,yes,0.205
0 <= ... < 200 DM,48,no credits taken/ all credits paid back duly,business,4253,A61,1 <= ... < 4 years,4,female : divorced/separated/married,none,4,"if not A121/A122 : car or other, not in attribute 6",29,none,own,4,skilled employee / official,2,"yes, registered under the customers name",yes,0.218
no checking account,7,existing credits paid back duly till now,car (new),2245,A65,... < 1 year,4,male : single,none,1,if not A121 : building society savings agreement/ life insurance,33,none,own,1,skilled employee / official,1,none,yes,0.351
no checking account,31,existing credits paid back duly till now,car (used),855,A65,... < 1 year,4,male : divorced/separated,none,1,if not A121 : building society savings agreement/ life insurance,54,none,own,1,skilled employee / official,1,none,yes,0.313
0 <= ... < 200 DM,24,existing credits paid back duly till now,car (new),5602,A65,1 <= ... < 4 years,4,male : single,none,1,if not A121 : building society savings agreement/ life insurance,55,none,own,1,skilled employee / official,1,none,yes,0.288
no checking account,24,critical account/ other credits existing (not at this bank),car (new),2199,A65,... < 1 year,4,male : single,none,1,unknown / no property,54,none,own,4,management/ self-employed/ highly qualified employee/ officer,1,none,yes,0.27
no checking account,24,existing credits paid back duly till now,car (new),2175,A65,... < 1 year,4,male : single,none,4,if not A121 : building society savings agreement/ life insurance,75,none,own,4,skilled employee / official,2,"yes, registered under the customers name",yes,0.232
0 <= ... < 200 DM,6,critical account/ other credits existing (not at this bank),car (used),621,A61,unemployed,4,male : single,none,2,"if not A121/A122 : car or other, not in attribute 6",21,none,own,2,management/ self-employed/ highly qualified employee/ officer,1,"yes, registered under the customers name",yes,0.149
0 <= ... < 200 DM,12,critical account/ other credits existing (not at this bank),car (used),3693,A61,unemployed,4,male : single,none,2,"if not A121/A122 : car or other, not in attribute 6",34,none,own,2,management/ self-employed/ highly qualified employee/ officer,1,none,no,0.428
0 <= ... < 200 DM,12,critical account/ other credits existing (not at this bank),car (used),1844,A61,unemployed,4,male : single,none,2,"if not A121/A122 : car or other, not in attribute 6",34,none,own,4,management/ self-employed/ highly qualified employee/ officer,1,"yes, registered under the customers name",yes,0.168
0 <= ... < 200 DM,12,critical account/ other credits existing (not at this bank),car (used),1931,A61,unemployed,4,male : single,none,4,"if not A121/A122 : car or other, not in attribute 6",50,none,own,4,management/ self-employed/ highly qualified employee/ officer,1,"yes, registered under the customers name",yes,0.188
0 <= ... < 200 DM,45,critical account/ other credits existing (not at this bank),car (used),1808,A61,unemployed,4,male : single,none,2,"if not A121/A122 : car or other, not in attribute 6",75,none,own,4,management/ self-employed/ highly qualified employee/ officer,2,"yes, registered under the customers name",yes,0.229
no checking account,6,delay in paying off in the past,car (used),526,A61,1 <= ... < 4 years,4,male : married/widowed,none,4,real estate,20,none,rent,1,skilled employee / official,1,none,yes,0.155
no checking account,15,delay in paying off in the past,car (used),1544,A61,1 <= ... < 4 years,4,male : married/widowed,none,4,real estate,41,bank,rent,1,skilled employee / official,1,"yes, registered under the customers name",yes,0.06
... >= 200 DM / salary assignments for at least 1 year,12,delay in paying off in the past,car (used),1583,A61,1 <= ... < 4 years,4,female : divorced/separated/married,none,4,if not A121 : building society savings agreement/ life insurance,41,none,rent,4,management/ self-employed/ highly qualified employee/ officer,1,none,yes,0.13
no checking account,12,no credits taken/ all credits paid back duly,others,3441,A64,.. >= 7 years,4,male : married/widowed,none,4,real estate,48,none,rent,1,skilled employee / official,1,none,yes,0.125
no checking account,32,delay in paying off in the past,car (used),1450,A61,1 <= ... < 4 years,4,male : married/widowed,none,4,real estate,75,none,rent,4,skilled employee / official,2,none,yes,0.224
no checking account,16,existing credits paid back duly till now,car (used),2582,A65,.. >= 7 years,3,male : single,none,4,"if not A121/A122 : car or other, not in attribute 6",33,none,own,1,management/ self-employed/ highly qualified employee/ officer,2,"yes, registered under the customers name",yes,0.174
no checking account,24,existing credits paid back duly till now,car (used),6259,A65,.. >= 7 years,3,male : single,none,4,"if not A121/A122 : car or other, not in attribute 6",41,bank,rent,4,management/ self-employed/ highly qualified employee/ officer,2,"yes, registered under the customers name",yes,0.108
no checking account,24,existing credits paid back duly till now,car (used),6297,A63,.. >= 7 years,4,female : divorced/separated/married,none,4,unknown / no property,41,none,own,1,management/ self-employed/ highly qualified employee/ officer,2,"yes, registered under the customers name",yes,0.151
0 <= ... < 200 DM,24,existing credits paid back duly till now,car (used),8431,A65,unemployed,4,male : single,none,4,"if not A121/A122 : car or other, not in attribute 6",47,none,own,1,management/ self-employed/ highly qualified employee/ officer,2,"yes, registered under the customers name",yes,0.26
no checking account,53,existing credits paid back duly till now,car (used),6331,A65,.. >= 7 years,3,male : single,none,4,"if not A121/A122 : car or other, not in attribute 6",75,none,own,4,management/ self-employed/ highly qualified employee/ officer,2,"yes, registered under the customers name",yes,0.258
0 <= ... < 200 DM,32,delay in paying off in the past,car (new),1729,A62,.. >= 7 years,2,male : single,none,4,"if not A121/A122 : car or other, not in attribute 6",39,none,own,4,management/ self-employed/ highly qualified employee/ officer,1,"yes, registered under the customers name",yes,0.247
0 <= ... < 200 DM,36,delay in paying off in the past,car (used),8225,A64,.. >= 7 years,1,male : single,none,4,"if not A121/A122 : car or other, not in attribute 6",43,none,own,4,management/ self-employed/ highly qualified employee/ officer,1,"yes, registered under the customers name",yes,0.247
... >= 200 DM / salary assignments for at least 1 year,36,delay in paying off in the past,car (new),8049,A62,4 <= ... < 7 years,2,male : single,none,4,"if not A121/A122 : car or other, not in attribute 6",42,none,own,4,skilled employee / official,1,"yes, registered under the customers name",no,0.206
0 <= ... < 200 DM,36,delay in paying off in the past,car (new),11070,A62,.. >= 7 years,4,male : divorced/separated,none,4,"if not A121/A122 : car or other, not in attribute 6",42,none,own,4,management/ self-employed/ highly qualified employee/ officer,1,"yes, registered under the customers name",yes,0.229
0 <= ... < 200 DM,58,critical account/ other credits existing (not at this bank),car (new),8237,A62,.. >= 7 years,2,male : single,none,4,"if not A121/A122 : car or other, not in attribute 6",60,none,own,4,management/ self-employed/ highly qualified employee/ officer,2,"yes, registered under the customers name",yes,0.217
... >= 200 DM / salary assignments for at least 1 year,12,critical account/ other credits existing (not at this bank),car (new),13492,A65,unemployed,1,male : single,none,2,if not A121 : building society savings agreement/ life insurance,23,none,own,1,unemployed/ unskilled - non-resident,1,"yes, registered under the customers name",yes,0.162
0 <= ... < 200 DM,4,existing credits paid back duly till now,car (new),14581,A64,unemployed,4,male : single,none,2,if not A121 : building society savings agreement/ life insurance,19,none,own,1,unskilled - resident,1,"yes, registered under the customers name",yes,0.256
0 <= ... < 200 DM,6,existing credits paid back duly till now,others,14516,A65,.. >= 7 years,1,female : divorced/separated/married,none,2,real estate,23,none,own,4,unemployed/ unskilled - non-resident,1,"yes, registered under the customers name",yes,0.16
0 <= ... < 200 DM,6,existing credits paid back duly till now,car (new),15945,A65,unemployed,1,male : single,none,4,if not A121 : building society savings agreement/ life insurance,23,none,rent,4,unemployed/ unskilled - non-resident,2,"yes, registered under the customers name",yes,0.273
0 <= ... < 200 DM,6,existing credits paid back duly till now,car (new),14392,A65,unemployed,4,male : single,none,4,if not A121 : building society savings agreement/ life insurance,59,none,own,4,unemployed/ unskilled - non-resident,2,"yes, registered under the customers name",yes,0.364
... < 0 DM,9,critical account/ other credits existing (not at this bank),others,4494,A61,.. >= 7 years,4,female : divorced/separated/married,guarantor,4,real estate,58,none,own,1,management/ self-employed/ highly qualified employee/ officer,1,"yes, registered under the customers name",yes,0.189
... < 0 DM,25,existing credits paid back duly till now,others,276,A64,.. >= 7 years,4,female : divorced/separated/married,co-applicant,4,real estate,56,none,own,1,unskilled - resident,2,"yes, registered under the customers name",yes,0.3
... < 0 DM,24,existing credits paid back duly till now,others,1640,A65,.. >= 7 years,4,male : married/widowed,guarantor,4,real estate,58,bank,rent,1,unskilled - resident,1,"yes, registered under the customers name",yes,0.152
... < 0 DM,23,existing credits paid back duly till now,retraining,1688,A61,4 <= ... < 7 years,4,female : divorced/separated/married,guarantor,4,real estate,64,none,own,4,unskilled - resident,1,"yes, registered under the customers name",yes,0.291
... >= 200 DM / salary assignments for at least 1 year,58,existing credits paid back duly till now,others,1816,A61,.. >= 7 years,4,female : divorced/separated/married,guarantor,4,real estate,75,none,own,1,unskilled - resident,2,"yes, registered under the customers name",yes,0.261
... < 0 DM,6,existing credits paid back duly till now,car (used),337,A61,1 <= ... < 4 years,3,male : single,none,4,unknown / no property,63,bank,own,1,skilled employee / official,2,"yes, registered under the customers name",yes,0.152
... < 0 DM,25,existing credits paid back duly till now,car (used),2778,A61,1 <= ... < 4 years,3,female : divorced/separated/married,guarantor,4,real estate,55,bank,own,1,skilled employee / official,2,"yes, registered under the customers name",yes,0.226
0 <= ... < 200 DM,24,existing credits paid back duly till now,retraining,4136,A65,1 <= ... < 4 years,3,male : single,guarantor,4,unknown / no property,64,bank,rent,4,skilled employee / official,2,"yes, registered under the customers name",yes,0.135
... < 0 DM,24,existing credits paid back duly till now,car (used),2897,A61,4 <= ... < 7 years,4,male : single,guarantor,4,if not A121 : building society savings agreement/ life insurance,75,bank,own,1,skilled employee / official,2,"yes, registered under the customers name",yes,0.238
... >= 200 DM / salary assignments for at least 1 year,60,existing credits paid back duly till now,car (used),3004,A61,1 <= ... < 4 years,4,male : single,guarantor,4,unknown / no property,63,bank,own,4,skilled employee / official,2,"yes, registered under the customers name",yes,0.193
... >= 200 DM / salary assignments for at least 1 year,6,critical account/ other credits existing (not at this bank),radio/television,2665,A61,1 <= ... < 4 years,4,male : single,none,1,"if not A121/A122 : car or other, not in attribute 6",24,none,own,4,skilled employee / official,1,"yes, registered under the customers name",yes,0.101
no checking account,22,critical account/ other credits existing (not at this bank),radio/television,276,A61,1 <= ... < 4 years,4,male : divorced/separated,none,2,"if not A121/A122 : car or other, not in attribute 6",19,none,own,2,skilled employee / official,1,none,yes,0.252
no checking account,18,critical account/ other credits existing (not at this bank),others,1846,A61,.. >= 7 years,4,male : single,none,2,real estate,34,none,own,4,skilled employee / official,1,none,yes,0.185
no checking account,18,no credits taken/ all credits paid back duly,radio/television,1808,A61,1 <= ... < 4 years,4,male : single,none,4,"if not A121/A122 : car or other, not in attribute 6",24,bank,rent,4,management/ self-employed/ highly qualified employee/ officer,1,none,yes,0.233
no checking account,56,critical account/ other credits existing (not at this bank),radio/television,1709,A61,1 <= ... < 4 years,4,male : single,none,4,"if not A121/A122 : car or other, not in attribute 6",25,none,own,4,skilled employee / official,2,"yes, registered under the customers name",yes,0.189
... < 0 DM,5,all credits at this bank paid back duly,others,1425,A65,.. >= 7 years,4,male : single,none,3,"if not A121/A122 : car or other, not in attribute 6",20,stores,own,1,management/ self-employed/ highly qualified employee/ officer,1,"yes, registered under the customers name",yes,0.193
... < 0 DM,24,no credits taken/ all credits paid back duly,others,553,A65,.. >= 7 years,4,male : single,none,3,"if not A121/A122 : car or other, not in attribute 6",40,stores,rent,4,management/ self-employed/ highly qualified employee/ officer,2,"yes, registered under the customers name",yes,0.106
... < 0 DM,24,all credits at this bank paid back duly,others,839,A64,.. >= 7 years,4,male : single,none,4,"if not A121/A122 : car or other, not in attribute 6",39,stores,own,1,management/ self-employed/ highly qualified employee/ officer,1,"yes, registered under the customers name",yes,0.278
... < 0 DM,28,all credits at this bank paid back duly,others,8142,A65,.. >= 7 years,4,male : single,none,4,"if not A121/A122 : car or other, not in attribute 6",49,stores,own,1,management/ self-employed/ highly qualified employee/ officer,1,"yes, registered under the customers name",yes,0.27
... < 0 DM,44,all credits at this bank paid back duly,others,1362,A65,.. >= 7 years,4,male : single,none,3,"if not A121/A122 : car or other, not in attribute 6",75,stores,own,4,management/ self-employed/ highly qualified employee/ officer,2,"yes, registered under the customers name",yes,0.284
no checking account,12,critical account/ other credits existing (not at this bank),car (new),1793,A61,4 <= ... < 7 years,2,male : single,none,2,if not A121 : building society savings agreement/ life insurance,28,bank,own,2,skilled employee / official,1,none,yes,0.111
no checking account,18,critical account/ other credits existing (not at this bank),car (new),2834,A61,4 <= ... < 7 years,2,male : single,co-applicant,2,if not A121 : building society savings agreement/ life insurance,31,none,for free,2,skilled employee / official,1,"yes, registered under the customers name",no,0.2
no checking account,18,critical account/ other credits existing (not at this bank),car (new),2706,A61,4 <= ... < 7 years,4,male : single,none,4,if not A121 : building society savings agreement/ life insurance,31,bank,own,4,skilled employee / official,1,none,yes,0.124
no checking account,23,critical account/ other credits existing (not at this bank),car (new),11610,A61,4 <= ... < 7 years,4,male : single,none,4,if not A121 : building society savings agreement/ life insurance,43,bank,own,4,skilled employee / official,1,none,yes,0.153
no checking account,34,critical account/ other credits existing (not at this bank),car (new),2766,A61,4 <= ... < 7 years,2,male : single,none,2,if not A121 : building society savings agreement/ life insurance,75,bank,own,4,skilled employee / official,2,none,yes,0.152
no checking account,6,critical account/ other credits existing (not at this bank),business,2291,A61,unemployed,4,male : single,none,2,"if not A121/A122 : car or other, not in attribute 6",22,stores,own,2,management/ self-employed/ highly qualified employee/ officer,1,"yes, registered under the customers name",yes,0.179
no checking account,12,critical account/ other credits existing (not at this bank),business,276,A61,unemployed,4,male : single,none,2,"if not A121/A122 : car or other, not in attribute 6",42,bank,rent,2,management/ self-employed/ highly qualified employee/ officer,1,"yes, registered under the customers name",yes,0.133
... >= 200 DM / salary assignments for at least 1 year,12,critical account/ other credits existing (not at this bank),business,2281,A61,unemployed,4,male : married/widowed,none,4,if not A121 : building society savings agreement/ life insurance,42,stores,own,4,skilled employee / official,1,"yes, registered under the customers name",yes,0.07
no checking account,12,critical account/ other credits existing (not at this bank),business,2378,A61,unemployed,4,male : single,none,4,"if not A121/A122 : car or other, not in attribute 6",75,stores,own,4,management/ self-employed/ highly qualified employee/ officer,1,"yes, registered under the customers name",yes,0.245
no checking account,60,critical account/ other credits existing (not at this bank),business,2281,A61,unemployed,4,male : single,none,2,"if not A121/A122 : car or other, not in attribute 6",42,stores,own,4,management/ self-employed/ highly qualified employee/ officer,2,"yes, registered under the customers name",yes,0.244
no checking account,4,critical account/ other credits existing (not at this bank),business,359,A61,1 <= ... < 4 years,4,female : divorced/separated/married,guarantor,1,real estate,19,none,own,4,management/ self-employed/ highly qualified employee/ officer,1,"yes, registered under the customers name",yes,0.171
no checking account,12,critical account/ other credits existing (not at this bank),others,3469,A61,1 <= ... < 4 years,4,female : divorced/separated/married,guarantor,2,real estate,29,none,own,2,management/ self-employed/ highly qualified employee/ officer,1,"yes, registered under the customers name",no,0.17
... >= 200 DM / salary assignments for at least 1 year,12,critical account/ other credits existing (not at this bank),business,1444,A65,4 <= ... < 7 years,4,male : married/widowed,guarantor,4,if not A121 : building society savings agreement/ life insurance,29,none,own,4,management/ self-employed/ highly qualified employee/ officer,1,"yes, registered under the customers name",yes,0.068
no checking account,12,critical account/ other credits existing (not at this bank),business,1260,A61,1 <= ... < 4 years,4,female : divorced/separated/married,guarantor,4,real estate,39,none,for free,4,management/ self-employed/ highly qualified employee/ officer,1,"yes, registered under the customers name",yes,0.239
no checking account,24,critical account/ other credits existing (not at this bank),business,1419,A61,1 <= ... < 4 years,4,female : divorced/separated/married,guarantor,2,real estate,75,none,own,4,management/ self-employed/ highly qualified employee/ officer,2,"yes, registered under the customers name",yes,0.245
no checking account,54,no credits taken/ all credits paid back duly,car (used),5577,A65,1 <= ... < 4 years,2,male : single,none,2,if not A121 : building society savings agreement/ life insurance,21,none,own,1,unskilled - resident,2,"yes, registered under the customers name",yes,0.153
... >= 200 DM / salary assignments for at least 1 year,53,no credits taken/ all credits paid back duly,car (used),9618,A65,1 <= ... < 4 years,3,male : divorced/separated,none,1,if not A121 : building society savings agreement/ life insurance,40,none,own,1,unskilled - resident,2,none,yes,0.185
no checking account,54,no credits taken/ all credits paid back duly,car (used),9414,A65,1 <= ... < 4 years,2,male : single,none,2,if not A121 : building society savings agreement/ life insurance,39,none,own,1,unskilled - resident,2,none,yes,0.36
no checking account,60,critical account/ other credits existing (not at this bank),car (used),9368,A65,1 <= ... < 4 years,4,male : single,none,4,if not A121 : building society savings agreement/ life insurance,39,none,own,4,unskilled - resident,2,none,yes,0.298
no checking account,54,no credits taken/ all credits paid back duly,car (used),10069,A65,1 <= ... < 4 years,2,male : single,none,4,if not A121 : building society savings agreement/ life insurance,75,none,own,1,unskilled - resident,2,"yes, registered under the customers name",yes,0.227
0 <= ... < 200 DM,7,critical account/ other credits existing (not at this bank),retraining,1036,A61,4 <= ... < 7 years,4,male : married/widowed,none,1,if not A121 : building society savings agreement/ life insurance,19,stores,own,2,management/ self-employed/ highly qualified employee/ officer,1,"yes, registered under the customers name",yes,0.028
0 <= ... < 200 DM,6,delay in paying off in the past,furniture/equipment,4462,A61,unemployed,4,male : single,none,1,if not A121 : building society savings agreement/ life insurance,35,bank,rent,2,management/ self-employed/ highly qualified employee/ officer,2,"yes, registered under the customers name",yes,0.133
0 <= ... < 200 DM,4,delay in paying off in the past,furniture/equipment,276,A61,unemployed,4,male : single,none,1,if not A121 : building society savings agreement/ life insurance,36,stores,own,4,management/ self-employed/ highly qualified employee/ officer,1,"yes, registered under the customers name",yes,0.188
0 <= ... < 200 DM,6,delay in paying off in the past,furniture/equipment,1075,A61,unemployed,4,male : single,none,1,if not A121 : building society savings agreement/ life insurance,75,stores,own,4,management/ self-employed/ highly qualified employee/ officer,1,"yes, registered under the customers name",yes,0.23
0 <= ... < 200 DM,35,delay in paying off in the past,furniture/equipment,944,A61,unemployed,4,male : single,none,4,if not A121 : building society savings agreement/ life insurance,34,stores,own,4,management/ self-employed/ highly qualified employee/ officer,2,"yes, registered under the customers name",yes,0.217
no checking account,9,existing credits paid back duly till now,car (new),1188,A65,unemployed,4,male : single,none,4,unknown / no property,24,none,own,1,management/ self-employed/ highly qualified employee/ officer,1,"yes, registered under the customers name",yes,0.164
no checking account,12,existing credits paid back duly till now,car (new),2822,A65,unemployed,4,male : single,co-applicant,4,unknown / no property,38,bank,rent,4,management/ self-employed/ highly qualified employee/ officer,1,"yes, registered under the customers name",no,0.198
... < 0 DM,12,existing credits paid back duly till now,car (new),2777,A65,unemployed,4,female : divorced/separated/married,none,4,if not A121 : building society savings agreement/ life insurance,38,none,own,1,unemployed/ unskilled - non-resident,1,"yes, registered under the customers name",yes,0.313
no checking account,16,existing credits paid back duly till now,car (new),5696,A65,unemployed,4,male : single,none,4,unknown / no property,57,none,own,1,management/ self-employed/ highly qualified employee/ officer,1,"yes, registered under the customers name",yes,0.203
no checking account,55,existing credits paid back duly till now,car (new),2969,A65,unemployed,4,male : single,none,4,unknown / no property,75,none,own,4,management/ self-employed/ highly qualified employee/ officer,2,"yes, registered under the customers name",yes,0.237
... < 0 DM,48,all credits at this bank paid back duly,business,2816,A61,4 <= ... < 7 years,2,female : divorced/separated/married,guarantor,4,"if not A121/A122 : car or other, not in attribute 6",26,none,rent,1,skilled employee / official,1,none,yes,0.724
... < 0 DM,48,all credits at this bank paid back duly,business,7689,A61,.. >= 7 years,2,female : divorced/separated/married,guarantor,4,"if not A121/A122 : car or other, not in attribute 6",37,none,rent,1,skilled employee / official,1,none,yes,0.784
... < 0 DM,46,all credits at this bank paid back duly,car (new),8593,A61,4 <= ... < 7 years,4,male : single,guarantor,4,"if not A121/A122 : car or other, not in attribute 6",37,none,rent,1,skilled employee / official,2,none,yes,0.755
... < 0 DM,60,all credits at this bank paid back duly,business,7725,A61,4 <= ... < 7 years,4,female : divorced/separated/married,guarantor,4,"if not A121/A122 : car or other, not in attribute 6",40,stores,for free,1,skilled employee / official,1,none,yes,0.746
... < 0 DM,48,all credits at this bank paid back duly,business,10242,A61,4 <= ... < 7 years,2,female : divorced/separated/married,guarantor,4,"if not A121/A122 : car or other, not in attribute 6",75,none,rent,4,skilled employee / official,2,none,yes,0.748
... < 0 DM,8,existing credits paid back duly till now,radio/television,1747,A61,unemployed,4,male : single,none,2,"if not A121/A122 : car or other, not in attribute 6",23,none,own,1,unemployed/ unskilled - non-resident,2,none,yes,0.766
... < 0 DM,24,delay in paying off in the past,radio/television,1318,A61,unemployed,4,male : single,co-applicant,1,"if not A121/A122 : car or other, not in attribute 6",30,stores,own,1,management/ self-employed/ highly qualified employee/ officer,2,none,no,0.717
... < 0 DM,24,existing credits paid back duly till now,furniture/equipment,4539,A62,unemployed,4,male : single,guarantor,2,"if not A121/A122 : car or other, not in attribute 6",31,stores,own,1,management/ self-employed/ highly qualified employee/ officer,2,none,yes,0.763
... < 0 DM,24,existing credits paid back duly till now,radio/television,1797,A61,... < 1 year,4,male : single,guarantor,4,"if not A121/A122 : car or other, not in attribute 6",30,stores,for free,1,management/ self-employed/ highly qualified employee/ officer,2,none,yes,0.766
... < 0 DM,60,existing credits paid back duly till now,radio/television,1876,A61,unemployed,4,male : single,none,4,"if not A121/A122 : car or other, not in attribute 6",30,stores,own,4,unemployed/ unskilled - non-resident,2,none,yes,0.726
0 <= ... < 200 DM,4,existing credits paid back duly till now,radio/television,276,A61,... < 1 year,2,female : divorced/separated/married,guarantor,4,"if not A121/A122 : car or other, not in attribute 6",19,none,own,1,unskilled - resident,1,none,yes,0.703
... < 0 DM,13,existing credits paid back duly till now,radio/television,6017,A61,... < 1 year,2,male : single,guarantor,4,if not A121 : building society savings agreement/ life insurance,22,none,own,1,unskilled - resident,2,none,no,0.788
no checking account,13,delay in paying off in the past,business,2085,A62,... < 1 year,2,female : divorced/separated/married,guarantor,4,if not A121 : building society savings agreement/ life insurance,23,none,own,1,unskilled - resident,1,none,yes,0.75
0 <= ... < 200 DM,13,all credits at this bank paid back duly,radio/television,2122,A61,... < 1 year,4,female : divorced/separated/married,guarantor,4,if not A121 : building society savings agreement/ life insurance,23,none,for free,1,unskilled - resident,2,none,yes,0.755
0 <= ... < 200 DM,34,existing credits paid back duly till now,radio/television,2161,A61,... < 1 year,4,female : divorced/separated/married,guarantor,4,if not A121 : building society savings agreement/ life insurance,41,none,own,4,unemployed/ unskilled - non-resident,2,none,yes,0.746
0 <= ... < 200 DM,44,existing credits paid back duly till now,radio/television,276,A62,1 <= ... < 4 years,4,male : single,guarantor,4,"if not A121/A122 : car or other, not in attribute 6",19,none,for free,1,skilled employee / official,1,none,yes,0.684
... < 0 DM,44,all credits at this bank paid back duly,radio/television,3325,A62,unemployed,4,male : single,guarantor,4,"if not A121/A122 : car or other, not in attribute 6",21,none,rent,1,skilled employee / official,2,none,no,0.817
0 <= ... < 200 DM,45,delay in paying off in the past,repairs,4799,A64,1 <= ... < 4 years,4,male : single,guarantor,4,if not A121 : building society savings agreement/ life insurance,21,none,rent,1,unemployed/ unskilled - non-resident,1,none,yes,0.767
0 <= ... < 200 DM,60,existing credits paid back duly till now,radio/television,2952,A62,1 <= ... < 4 years,4,male : single,guarantor,4,if not A121 : building society savings agreement/ life insurance,25,none,rent,1,unemployed/ unskilled - non-resident,2,none,yes,0.735
0 <= ... < 200 DM,45,existing credits paid back duly till now,radio/television,3061,A62,... < 1 year,4,male : single,guarantor,4,if not A121 : building society savings agreement/ life insurance,75,none,rent,4,unemployed/ unskilled - non-resident,2,none,yes,0.797
... < 0 DM,34,existing credits paid back duly till now,others,15862,A61,unemployed,2,male : divorced/separated,co-applicant,4,"if not A121/A122 : car or other, not in attribute 6",19,none,own,1,unemployed/ unskilled - non-resident,1,none,yes,0.75
... < 0 DM,36,delay in paying off in the past,furniture/equipment,15860,A61,.. >= 7 years,2,male : divorced/separated,co-applicant,3,"if not A121/A122 : car or other, not in attribute 6",44,none,own,1,management/ self-employed/ highly qualified employee/ officer,1,none,yes,0.739
... < 0 DM,54,existing credits paid back duly till now,others,15945,A62,unemployed,2,male : divorced/separated,co-applicant,3,"if not A121/A122 : car or other, not in attribute 6",43,none,own,1,unemployed/ unskilled - non-resident,2,none,yes,0.8
... < 0 DM,36,existing credits paid back duly till now,others,15266,A61,unemployed,4,male : single,co-applicant,4,"if not A121/A122 : car or other, not in attribute 6",43,none,own,1,management/ self-employed/ highly qualified employee/ officer,2,none,no,0.723
... < 0 DM,59,existing credits paid back duly till now,furniture/equipment,15849,A61,unemployed,4,male : divorced/separated,co-applicant,4,"if not A121/A122 : car or other, not in attribute 6",75,none,own,4,management/ self-employed/ highly qualified employee/ officer,2,none,yes,0.742
0 <= ... < 200 DM,4,existing credits paid back duly till now,radio/television,276,A61,1 <= ... < 4 years,4,female : divorced/separated/married,guarantor,4,"if not A121/A122 : car or other, not in attribute 6",21,none,own,1,unemployed/ unskilled - non-resident,2,none,yes,0.721
no checking account,18,existing credits paid back duly till now,radio/television,1143,A61,unemployed,4,male : divorced/separated,guarantor,4,real estate,26,none,own,1,unskilled - resident,2,none,no,0.682
0 <= ... < 200 DM,18,all credits at this bank paid back duly,furniture/equipment,1065,A61,... < 1 year,4,female : divorced/separated/married,guarantor,4,real estate,25,none,own,1,unskilled - resident,2,none,yes,0.76
0 <= ... < 200 DM,18,existing credits paid back duly till now,radio/television,5902,A61,... < 1 year,4,female : divorced/separated/married,guarantor,4,real estate,29,none,own,1,unemployed/ unskilled - non-resident,2,none,yes,0.761
... < 0 DM,24,existing credits paid back duly till now,radio/television,1135,A61,1 <= ... < 4 years,4,male : single,guarantor,4,"if not A121/A122 : car or other, not in attribute 6",54,none,own,4,unskilled - resident,2,none,yes,0.774
... < 0 DM,4,all credits at this bank paid back duly,car (new),1300,A61,.. >= 7 years,4,male : single,none,4,"if not A121/A122 : car or other, not in attribute 6",49,none,own,2,unskilled - resident,1,none,yes,0.742
... < 0 DM,24,critical account/ other credits existing (not at this bank),car (new),276,A61,.. >= 7 years,4,male : single,co-applicant,4,"if not A121/A122 : car or other, not in attribute 6",60,none,own,1,unskilled - resident,1,none,no,0.701
... < 0 DM,24,critical account/ other credits existing (not at this bank),business,1144,A63,... < 1 year,4,male : single,none,4,"if not A121/A122 : car or other, not in attribute 6",60,none,own,4,unemployed/ unskilled - non-resident,2,none,yes,0.799
... < 0 DM,34,all credits at this bank paid back duly,car (new),806,A61,.. >= 7 years,4,male : single,none,4,"if not A121/A122 : car or other, not in attribute 6",75,none,own,4,unskilled - resident,2,none,yes,0.768
... < 0 DM,60,critical account/ other credits existing (not at this bank),car (new),2616,A61,.. >= 7 years,4,male : single,guarantor,4,"if not A121/A122 : car or other, not in attribute 6",60,none,own,4,unskilled - resident,2,none,yes,0.733
... < 0 DM,8,all credits at this bank paid back duly,furniture/equipment,1076,A61,unemployed,4,male : single,none,2,"if not A121/A122 : car or other, not in attribute 6",31,none,own,1,skilled employee / official,1,none,yes,0.712
... < 0 DM,18,existing credits paid back duly till now,business,1132,A61,unemployed,4,female : divorced/separated/married,co-applicant,2,"if not A121/A122 : car or other, not in attribute 6",34,none,own,1,unskilled - resident,1,none,no,0.752
no checking account,19,existing credits paid back duly till now,furniture/equipment,3372,A61,... < 1 year,4,female : divorced/separated/married,none,2,"if not A121/A122 : car or other, not in attribute 6",33,none,own,1,unemployed/ unskilled - non-resident,2,none,yes,0.772
... < 0 DM,18,existing credits paid back duly till now,furniture/equipment,317,A63,unemployed,4,male : single,none,4,"if not A121/A122 : car or other, not in attribute 6",33,none,for free,1,skilled employee / official,2,none,yes,0.694
... < 0 DM,18,existing credits paid back duly till now,furniture/equipment,1125,A61,unemployed,4,female : divorced/separated/married,guarantor,4,"if not A121/A122 : car or other, not in attribute 6",75,none,own,4,skilled employee / official,2,none,yes,0.72
... < 0 DM,48,all credits at this bank paid back duly,furniture/equipment,5830,A61,1 <= ... < 4 years,3,male : single,none,4,unknown / no property,44,none,for free,4,unemployed/ unskilled - non-resident,2,none,yes,0.767
... < 0 DM,47,no credits taken/ all credits paid back duly,furniture/equipment,7260,A61,... < 1 year,4,male : single,none,4,"if not A121/A122 : car or other, not in attribute 6",53,none,for free,4,skilled employee / official,2,none,no,0.759
... < 0 DM,48,no credits taken/ all credits paid back duly,repairs,7183,A64,1 <= ... < 4 years,3,male : single,co-applicant,4,unknown / no property,53,none,for free,1,unskilled - resident,2,none,yes,0.722
... < 0 DM,60,no credits taken/ all credits paid back duly,furniture/equipment,7095,A61,1 <= ... < 4 years,3,male : single,guarantor,4,unknown / no property,64,none,for free,2,unemployed/ unskilled - non-resident,2,none,yes,0.819
... < 0 DM,48,no credits taken/ all credits paid back duly,furniture/equipment,11288,A61,1 <= ... < 4 years,4,male : single,guarantor,4,unknown / no property,75,none,for free,4,skilled employee / official,2,none,yes,0.68
... < 0 DM,48,all credits at this bank paid back duly,furniture/equipment,5830,A61,1 <= ... < 4 years,3,male : single,none,4,unknown / no property,44,none,for free,4,unemployed/ unskilled - non-resident,2,none,yes,0.767
... < 0 DM,47,no credits taken/ all credits paid back duly,furniture/equipment,7260,A61,... < 1 year,4,male : single,none,4,"if not A121/A122 : car or other, not in attribute 6",53,none,for free,4,skilled employee / official,2,none,no,0.759
... < 0 DM,48,no credits taken/ all credits paid back duly,repairs,7183,A64,1 <= ... < 4 years,3,male : single,co-applicant,4,unknown / no property,53,none,for free,1,unskilled - resident,2,none,yes,0.722
... < 0 DM,60,no credits taken/ all credits paid back duly,furniture/equipment,7095,A61,1 <= ... < 4 years,3,male : single,guarantor,4,unknown / no property,64,none,for free,2,unemployed/ unskilled - non-resident,2,none,yes,0.819
... < 0 DM,48,no credits taken/ all credits paid back duly,furniture/equipment,11288,A61,1 <= ... < 4 years,4,male : single,guarantor,4,unknown / no property,75,none,for free,4,skilled employee / official,2,none,yes,0.68
... < 0 DM,8,existing credits paid back duly till now,radio/television,1747,A61,unemployed,4,male : single,none,2,"if not A121/A122 : car or other, not in attribute 6",23,none,own,1,unemployed/ unskilled - non-resident,2,none,yes,0.766
... < 0 DM,24,delay in paying off in the past,radio/television,1318,A61,unemployed,4,male : single,co-applicant,1,"if not A121/A122 : car or other, not in attribute 6",30,stores,own,1,management/ self-employed/ highly qualified employee/ officer,2,none,no,0.717
... < 0 DM,24,existing credits paid back duly till now,furniture/equipment,4539,A62,unemployed,4,male : single,guarantor,2,"if not A121/A122 : car or other, not in attribute 6",31,stores,own,1,management/ self-employed/ highly qualified employee/ officer,2,none,yes,0.763
... < 0 DM,24,existing credits paid back duly till now,radio/television,1797,A61,... < 1 year,4,male : single,guarantor,4,"if not A121/A122 : car or other, not in attribute 6",30,stores,for free,1,management/ self-employed/ highly qualified employee/ officer,2,none,yes,0.766
... < 0 DM,60,existing credits paid back duly till now,radio/television,1876,A61,unemployed,4,male : single,none,4,"if not A121/A122 : car or other, not in attribute 6",30,stores,own,4,unemployed/ unskilled - non-resident,2,none,yes,0.726
... < 0 DM,26,all credits at this bank paid back duly,radio/television,943,A61,1 <= ... < 4 years,3,male : single,none,2,"if not A121/A122 : car or other, not in attribute 6",27,none,own,1,unemployed/ unskilled - non-resident,1,none,yes,0.801
... < 0 DM,27,existing credits paid back duly till now,radio/television,6346,A61,1 <= ... < 4 years,3,male : single,co-applicant,2,"if not A121/A122 : car or other, not in attribute 6",27,none,own,1,management/ self-employed/ highly qualified employee/ officer,1,none,no,0.708
... < 0 DM,30,existing credits paid back duly till now,furniture/equipment,3339,A61,1 <= ... < 4 years,4,male : single,guarantor,2,"if not A121/A122 : car or other, not in attribute 6",19,none,own,1,management/ self-employed/ highly qualified employee/ officer,1,none,yes,0.751
... < 0 DM,27,existing credits paid back duly till now,radio/television,3441,A61,... < 1 year,4,male : single,none,4,"if not A121/A122 : car or other, not in attribute 6",27,none,for free,1,management/ self-employed/ highly qualified employee/ officer,2,none,yes,0.69
... < 0 DM,60,existing credits paid back duly till now,radio/television,3418,A61,1 <= ... < 4 years,4,male : single,none,4,"if not A121/A122 : car or other, not in attribute 6",32,none,own,4,unemployed/ unskilled - non-resident,2,none,yes,0.752
no checking account,4,existing credits paid back duly till now,car (new),276,A63,.. >= 7 years,4,male : single,guarantor,2,if not A121 : building society savings agreement/ life insurance,45,none,own,1,unskilled - resident,1,none,no,0.704
... < 0 DM,10,all credits at this bank paid back duly,car (new),1206,A65,... < 1 year,4,male : single,co-applicant,2,"if not A121/A122 : car or other, not in attribute 6",44,none,own,1,unemployed/ unskilled - non-resident,2,none,no,0.874
no checking account,10,existing credits paid back duly till now,business,5968,A61,.. >= 7 years,4,male : single,co-applicant,2,if not A121 : building society savings agreement/ life insurance,45,none,own,1,unskilled - resident,1,none,no,0.71
no checking account,10,existing credits paid back duly till now,car (new),1380,A62,.. >= 7 years,4,male : single,co-applicant,4,if not A121 : building society savings agreement/ life insurance,47,none,for free,1,unskilled - resident,2,none,no,0.71
no checking account,18,existing credits paid back duly till now,car (new),1238,A65,.. >= 7 years,4,male : single,co-applicant,4,"if not A121/A122 : car or other, not in attribute 6",75,none,own,4,unskilled - resident,2,none,no,0.674
... < 0 DM,5,all credits at this bank paid back duly,car (new),1479,A61,4 <= ... < 7 years,4,male : single,none,4,"if not A121/A122 : car or other, not in attribute 6",23,none,for free,2,unemployed/ unskilled - non-resident,2,none,yes,0.79
... < 0 DM,18,all credits at this bank paid back duly,car (new),276,A64,4 <= ... < 7 years,4,male : single,co-applicant,4,unknown / no property,32,none,for free,2,unskilled - resident,2,none,no,0.714
... < 0 DM,18,all credits at this bank paid back duly,furniture/equipment,4756,A61,4 <= ... < 7 years,4,male : single,guarantor,4,unknown / no property,32,none,for free,4,unskilled - resident,2,none,yes,0.754
... < 0 DM,18,all credits at this bank paid back duly,car (new),1397,A62,... < 1 year,4,male : single,none,4,unknown / no property,36,none,own,4,unskilled - resident,2,none,yes,0.738
... < 0 DM,31,all credits at this bank paid back duly,car (new),1372,A61,4 <= ... < 7 years,4,male : single,guarantor,4,unknown / no property,75,none,for free,4,unskilled - resident,2,none,yes,0.752
... < 0 DM,34,existing credits paid back duly till now,others,15862,A61,unemployed,2,male : divorced/separated,co-applicant,4,"if not A121/A122 : car or other, not in attribute 6",19,none,own,1,unemployed/ unskilled - non-resident,1,none,yes,0.75
... < 0 DM,36,delay in paying off in the past,furniture/equipment,15860,A61,.. >= 7 years,2,male : divorced/separated,co-applicant,3,"if not A121/A122 : car or other, not in attribute 6",44,none,own,1,management/ self-employed/ highly qualified employee/ officer,1,none,yes,0.739
... < 0 DM,54,existing credits paid back duly till now,others,15945,A62,unemployed,2,male : divorced/separated,co-applicant,3,"if not A121/A122 : car or other, not in attribute 6",43,none,own,1,unemployed/ unskilled - non-resident,2,none,yes,0.8
... < 0 DM,36,existing credits paid back duly till now,others,15266,A61,unemployed,4,male : single,co-applicant,4,"if not A121/A122 : car or other, not in attribute 6",43,none,own,1,management/ self-employed/ highly qualified employee/ officer,2,none,no,0.723
... < 0 DM,59,existing credits paid back duly till now,furniture/equipment,15849,A61,unemployed,4,male : divorced/separated,co-applicant,4,"if not A121/A122 : car or other, not in attribute 6",75,none,own,4,management/ self-employed/ highly qualified employee/ officer,2,none,yes,0.742
0 <= ... < 200 DM,4,all credits at this bank paid back duly,car (new),276,A63,... < 1 year,4,male : single,none,2,real estate,28,none,own,1,unemployed/ unskilled - non-resident,1,none,yes,0.757
... < 0 DM,9,existing credits paid back duly till now,car (new),1582,A65,... < 1 year,4,male : single,none,2,"if not A121/A122 : car or other, not in attribute 6",75,none,own,1,unemployed/ unskilled - non-resident,2,none,yes,0.775
0 <= ... < 200 DM,9,existing credits paid back duly till now,repairs,2934,A65,... < 1 year,4,male : single,co-applicant,2,real estate,35,none,own,1,unemployed/ unskilled - non-resident,1,none,yes,0.744
0 <= ... < 200 DM,9,existing credits paid back duly till now,car (new),1504,A62,... < 1 year,4,male : single,none,4,real estate,35,none,for free,1,unemployed/ unskilled - non-resident,2,none,yes,0.727
0 <= ... < 200 DM,46,existing credits paid back duly till now,car (new),1580,A65,... < 1 year,4,male : single,guarantor,4,real estate,35,none,own,4,unemployed/ unskilled - non-resident,2,none,yes,0.742
no checking account,24,all credits at this bank paid back duly,furniture/equipment,2024,A63,... < 1 year,3,male : single,none,4,"if not A121/A122 : car or other, not in attribute 6",52,none,own,1,skilled employee / official,1,none,yes,0.765
no checking account,24,existing credits paid back duly till now,furniture/equipment,4362,A63,.. >= 7 years,3,male : single,co-applicant,4,if not A121 : building society savings agreement/ life insurance,53,none,own,1,unskilled - resident,1,none,no,0.733
no checking account,33,existing credits paid back duly till now,business,2849,A63,.. >= 7 years,3,male : single,guarantor,4,if not A121 : building society savings agreement/ life insurance,53,none,own,1,skilled employee / official,2,none,yes,0.719
no checking account,24,existing credits paid back duly till now,furniture/equipment,2764,A63,.. >= 7 years,4,male : single,none,4,if not A121 : building society savings agreement/ life insurance,69,none,for free,1,unemployed/ unskilled - non-resident,2,none,yes,0.757
no checking account,60,existing credits paid back duly till now,furniture/equipment,2830,A63,.. >= 7 years,4,male : single,none,4,"if not A121/A122 : car or other, not in attribute 6",75,none,own,4,skilled employee / official,2,none,yes,0.667
... < 0 DM,35,existing credits paid back duly till now,business,2256,A63,... < 1 year,4,male : single,none,4,"if not A121/A122 : car or other, not in attribute 6",32,none,own,1,skilled employee / official,1,none,yes,0.731
no checking account,36,delay in paying off in the past,radio/television,490,A63,.. >= 7 years,4,male : single,co-applicant,4,"if not A121/A122 : car or other, not in attribute 6",39,none,own,1,skilled employee / official,1,none,no,0.744
no checking account,36,existing credits paid back duly till now,radio/television,5270,A63,.. >= 7 years,4,male : single,none,4,"if not A121/A122 : car or other, not in attribute 6",39,none,for free,1,unemployed/ unskilled - non-resident,2,none,yes,0.796
no checking account,39,existing credits paid back duly till now,radio/television,2307,A62,.. >= 7 years,4,male : single,guarantor,4,"if not A121/A122 : car or other, not in attribute 6",51,none,own,1,skilled employee / official,2,none,yes,0.749
no checking account,59,all credits at this bank paid back duly,radio/television,2249,A63,.. >= 7 years,4,male : single,none,4,"if not A121/A122 : car or other, not in attribute 6",75,none,own,4,skilled employee / official,2,none,yes,0.714
... < 0 DM,4,all credits at this bank paid back duly,car (new),1300,A61,.. >= 7 years,4,male : single,none,4,"if not A121/A122 : car or other, not in attribute 6",49,none,own,2,unskilled - resident,1,none,yes,0.742
... < 0 DM,24,critical account/ other credits existing (not at this bank),car (new),276,A61,.. >= 7 years,4,male : single,co-applicant,4,"if not A121/A122 : car or other, not in attribute 6",60,none,own,1,unskilled - resident,1,none,no,0.701
... < 0 DM,24,critical account/ other credits existing (not at this bank),business,1144,A63,... < 1 year,4,male : single,none,4,"if not A121/A122 : car or other, not in attribute 6",60,none,own,4,unemployed/ unskilled - non-resident,2,none,yes,0.799
... < 0 DM,34,all credits at this bank paid back duly,car (new),806,A61,.. >= 7 years,4,male : single,none,4,"if not A121/A122 : car or other, not in attribute 6",75,none,own,4,unskilled - resident,2,none,yes,0.768
... < 0 DM,60,critical account/ other credits existing (not at this bank),car (new),2616,A61,.. >= 7 years,4,male : single,guarantor,4,"if not A121/A122 : car or other, not in attribute 6",60,none,own,4,unskilled - resident,2,none,yes,0.733
0 <= ... < 200 DM,4,all credits at this bank paid back duly,car (new),276,A63,... < 1 year,4,male : single,none,2,real estate,28,none,own,1,unemployed/ unskilled - non-resident,1,none,yes,0.757
... < 0 DM,9,existing credits paid back duly till now,car (new),1582,A65,... < 1 year,4,male : single,none,2,"if not A121/A122 : car or other, not in attribute 6",75,none,own,1,unemployed/ unskilled - non-resident,2,none,yes,0.775
0 <= ... < 200 DM,9,existing credits paid back duly till now,repairs,2934,A65,... < 1 year,4,male : single,co-applicant,2,real estate,35,none,own,1,unemployed/ unskilled - non-resident,1,none,yes,0.744
0 <= ... < 200 DM,9,existing credits paid back duly till now,car (new),1504,A62,... < 1 year,4,male : single,none,4,real estate,35,none,for free,1,unemployed/ unskilled - non-resident,2,none,yes,0.727
0 <= ... < 200 DM,46,existing credits paid back duly till now,car (new),1580,A65,... < 1 year,4,male : single,guarantor,4,real estate,35,none,own,4,unemployed/ unskilled - non-resident,2,none,yes,0.742
... < 0 DM,12,existing credits paid back duly till now,car (new),633,A62,... < 1 year,1,female : divorced/separated/married,guarantor,2,"if not A121/A122 : car or other, not in attribute 6",30,none,for free,1,unskilled - resident,1,none,yes,0.804
... < 0 DM,19,existing credits paid back duly till now,furniture/equipment,1020,A61,... < 1 year,1,female : divorced/separated/married,none,1,"if not A121/A122 : car or other, not in attribute 6",22,none,own,1,unskilled - resident,1,none,no,0.714
... < 0 DM,18,all credits at this bank paid back duly,car (new),2325,A61,... < 1 year,1,male : single,none,3,"if not A121/A122 : car or other, not in attribute 6",23,none,own,1,unemployed/ unskilled - non-resident,2,none,yes,0.851
... < 0 DM,18,existing credits paid back duly till now,car (new),1000,A61,... < 1 year,4,female : divorced/separated/married,guarantor,4,"if not A121/A122 : car or other, not in attribute 6",23,none,own,1,unskilled - resident,2,none,yes,0.78
... < 0 DM,60,existing credits paid back duly till now,car (new),974,A61,... < 1 year,4,female : divorced/separated/married,none,4,"if not A121/A122 : car or other, not in attribute 6",23,none,own,4,unemployed/ unskilled - non-resident,2,none,yes,0.744
... < 0 DM,8,all credits at this bank paid back duly,furniture/equipment,1076,A61,unemployed,4,male : single,none,2,"if not A121/A122 : car or other, not in attribute 6",31,none,own,1,skilled employee / official,1,none,yes,0.712
... < 0 DM,18,existing credits paid back duly till now,business,1132,A61,unemployed,4,female : divorced/separated/married,co-applicant,2,"if not A121/A122 : car or other, not in attribute 6",34,none,own,1,unskilled - resident,1,none,no,0.752
no checking account,19,existing credits paid back duly till now,furniture/equipment,3372,A61,... < 1 year,4,female : divorced/separated/married,none,2,"if not A121/A122 : car or other, not in attribute 6",33,none,own,1,unemployed/ unskilled - non-resident,2,none,yes,0.772
... < 0 DM,18,existing credits paid back duly till now,furniture/equipment,317,A63,unemployed,4,male : single,none,4,"if not A121/A122 : car or other, not in attribute 6",33,none,for free,1,skilled employee / official,2,none,yes,0.694
... < 0 DM,18,existing credits paid back duly till now,furniture/equipment,1125,A61,unemployed,4,female : divorced/separated/married,guarantor,4,"if not A121/A122 : car or other, not in attribute 6",75,none,own,4,skilled employee / official,2,none,yes,0.72
no checking account,24,all credits at this bank paid back duly,furniture/equipment,2024,A63,... < 1 year,3,male : single,none,4,"if not A121/A122 : car or other, not in attribute 6",52,none,own,1,skilled employee / official,1,none,yes,0.765
no checking account,24,existing credits paid back duly till now,furniture/equipment,4362,A63,.. >= 7 years,3,male : single,co-applicant,4,if not A121 : building society savings agreement/ life insurance,53,none,own,1,unskilled - resident,1,none,no,0.733
no checking account,33,existing credits paid back duly till now,business,2849,A63,.. >= 7 years,3,male : single,guarantor,4,if not A121 : building society savings agreement/ life insurance,53,none,own,1,skilled employee / official,2,none,yes,0.719
no checking account,24,existing credits paid back duly till now,furniture/equipment,2764,A63,.. >= 7 years,4,male : single,none,4,if not A121 : building society savings agreement/ life insurance,69,none,for free,1,unemployed/ unskilled - non-resident,2,none,yes,0.757
no checking account,60,existing credits paid back duly till now,furniture/equipment,2830,A63,.. >= 7 years,4,male : single,none,4,"if not A121/A122 : car or other, not in attribute 6",75,none,own,4,skilled employee / official,2,none,yes,0.667
... < 0 DM,35,existing credits paid back duly till now,business,2256,A63,... < 1 year,4,male : single,none,4,"if not A121/A122 : car or other, not in attribute 6",32,none,own,1,skilled employee / official,1,none,yes,0.731
no checking account,36,delay in paying off in the past,radio/television,490,A63,.. >= 7 years,4,male : single,co-applicant,4,"if not A121/A122 : car or other, not in attribute 6",39,none,own,1,skilled employee / official,1,none,no,0.744
no checking account,36,existing credits paid back duly till now,radio/television,5270,A63,.. >= 7 years,4,male : single,none,4,"if not A121/A122 : car or other, not in attribute 6",39,none,for free,1,unemployed/ unskilled - non-resident,2,none,yes,0.796
no checking account,39,existing credits paid back duly till now,radio/television,2307,A62,.. >= 7 years,4,male : single,guarantor,4,"if not A121/A122 : car or other, not in attribute 6",51,none,own,1,skilled employee / official,2,none,yes,0.749
no checking account,59,all credits at this bank paid back duly,radio/television,2249,A63,.. >= 7 years,4,male : single,none,4,"if not A121/A122 : car or other, not in attribute 6",75,none,own,4,skilled employee / official,2,none,yes,0.714
... < 0 DM,5,all credits at this bank paid back duly,car (new),1479,A61,4 <= ... < 7 years,4,male : single,none,4,"if not A121/A122 : car or other, not in attribute 6",23,none,for free,2,unemployed/ unskilled - non-resident,2,none,yes,0.79
... < 0 DM,18,all credits at this bank paid back duly,car (new),276,A64,4 <= ... < 7 years,4,male : single,co-applicant,4,unknown / no property,32,none,for free,2,unskilled - resident,2,none,no,0.714
... < 0 DM,18,all credits at this bank paid back duly,furniture/equipment,4756,A61,4 <= ... < 7 years,4,male : single,guarantor,4,unknown / no property,32,none,for free,4,unskilled - resident,2,none,yes,0.754
... < 0 DM,18,all credits at this bank paid back duly,car (new),1397,A62,... < 1 year,4,male : single,none,4,unknown / no property,36,none,own,4,unskilled - resident,2,none,yes,0.738
... < 0 DM,31,all credits at this bank paid back duly,car (new),1372,A61,4 <= ... < 7 years,4,male : single,guarantor,4,unknown / no property,75,none,for free,4,unskilled - resident,2,none,yes,0.752
... < 0 DM,34,existing credits paid back duly till now,others,15862,A61,unemployed,2,male : divorced/separated,co-applicant,4,"if not A121/A122 : car or other, not in attribute 6",19,none,own,1,unemployed/ unskilled - non-resident,1,none,yes,0.75
... < 0 DM,36,delay in paying off in the past,furniture/equipment,15860,A61,.. >= 7 years,2,male : divorced/separated,co-applicant,3,"if not A121/A122 : car or other, not in attribute 6",44,none,own,1,management/ self-employed/ highly qualified employee/ officer,1,none,yes,0.739
... < 0 DM,54,existing credits paid back duly till now,others,15945,A62,unemployed,2,male : divorced/separated,co-applicant,3,"if not A121/A122 : car or other, not in attribute 6",43,none,own,1,unemployed/ unskilled - non-resident,2,none,yes,0.8
... < 0 DM,36,existing credits paid back duly till now,others,15266,A61,unemployed,4,male : single,co-applicant,4,"if not A121/A122 : car or other, not in attribute 6",43,none,own,1,management/ self-employed/ highly qualified employee/ officer,2,none,no,0.723
... < 0 DM,59,existing credits paid back duly till now,furniture/equipment,15849,A61,unemployed,4,male : divorced/separated,co-applicant,4,"if not A121/A122 : car or other, not in attribute 6",75,none,own,4,management/ self-employed/ highly qualified employee/ officer,2,none,yes,0.742
... < 0 DM,5,all credits at this bank paid back duly,car (new),1479,A61,4 <= ... < 7 years,4,male : single,none,4,"if not A121/A122 : car or other, not in attribute 6",23,none,for free,2,unemployed/ unskilled - non-resident,2,none,yes,0.79
... < 0 DM,18,all credits at this bank paid back duly,car (new),276,A64,4 <= ... < 7 years,4,male : single,co-applicant,4,unknown / no property,32,none,for free,2,unskilled - resident,2,none,no,0.714
... < 0 DM,18,all credits at this bank paid back duly,furniture/equipment,4756,A61,4 <= ... < 7 years,4,male : single,guarantor,4,unknown / no property,32,none,for free,4,unskilled - resident,2,none,yes,0.754
... < 0 DM,18,all credits at this bank paid back duly,car (new),1397,A62,... < 1 year,4,male : single,none,4,unknown / no property,36,none,own,4,unskilled - resident,2,none,yes,0.738
... < 0 DM,31,all credits at this bank paid back duly,car (new),1372,A61,4 <= ... < 7 years,4,male : single,guarantor,4,unknown / no property,75,none,for free,4,unskilled - resident,2,none,yes,0.752
... < 0 DM,34,existing credits paid back duly till now,others,15862,A61,unemployed,2,male : divorced/separated,co-applicant,4,"if not A121/A122 : car or other, not in attribute 6",19,none,own,1,unemployed/ unskilled - non-resident,1,none,yes,0.75
... < 0 DM,36,delay in paying off in the past,furniture/equipment,15860,A61,.. >= 7 years,2,male : divorced/separated,co-applicant,3,"if not A121/A122 : car or other, not in attribute 6",44,none,own,1,management/ self-employed/ highly qualified employee/ officer,1,none,yes,0.739
... < 0 DM,54,existing credits paid back duly till now,others,15945,A62,unemployed,2,male : divorced/separated,co-applicant,3,"if not A121/A122 : car or other, not in attribute 6",43,none,own,1,unemployed/ unskilled - non-resident,2,none,yes,0.8
... < 0 DM,36,existing credits paid back duly till now,others,15266,A61,unemployed,4,male : single,co-applicant,4,"if not A121/A122 : car or other, not in attribute 6",43,none,own,1,management/ self-employed/ highly qualified employee/ officer,2,none,no,0.723
... < 0 DM,59,existing credits paid back duly till now,furniture/equipment,15849,A61,unemployed,4,male : divorced/separated,co-applicant,4,"if not A121/A122 : car or other, not in attribute 6",75,none,own,4,management/ self-employed/ highly qualified employee/ officer,2,none,yes,0.742
... < 0 DM,4,existing credits paid back duly till now,furniture/equipment,276,A61,1 <= ... < 4 years,4,male : single,guarantor,1,if not A121 : building society savings agreement/ life insurance,19,none,own,1,unemployed/ unskilled - non-resident,1,none,yes,0.771
... < 0 DM,12,all credits at this bank paid back duly,furniture/equipment,1524,A62,1 <= ... < 4 years,4,male : single,guarantor,1,"if not A121/A122 : car or other, not in attribute 6",22,none,own,1,unemployed/ unskilled - non-resident,1,none,no,0.886
... < 0 DM,12,existing credits paid back duly till now,repairs,4656,A61,unemployed,4,male : single,guarantor,1,if not A121 : building society savings agreement/ life insurance,21,none,own,1,unskilled - resident,2,none,yes,0.756
... < 0 DM,12,existing credits paid back duly till now,furniture/equipment,1271,A61,1 <= ... < 4 years,4,male : single,guarantor,4,if not A121 : building society savings agreement/ life insurance,21,none,for free,1,unskilled - resident,2,none,no,0.746
... < 0 DM,31,existing credits paid back duly till now,furniture/equipment,1290,A61,1 <= ... < 4 years,4,male : single,guarantor,4,if not A121 : building society savings agreement/ life insurance,41,none,own,4,unskilled - resident,2,none,yes,0.708
0 <= ... < 200 DM,4,existing credits paid back duly till now,radio/television,276,A61,... < 1 year,2,female : divorced/separated/married,guarantor,4,"if not A121/A122 : car or other, not in attribute 6",19,none,own,1,unskilled - resident,1,none,yes,0.703
... < 0 DM,13,existing credits paid back duly till now,radio/television,6017,A61,... < 1 year,2,male : single,guarantor,4,if not A121 : building society savings agreement/ life insurance,22,none,own,1,unskilled - resident,2,none,no,0.788
no checking account,13,delay in paying off in the past,business,2085,A62,... < 1 year,2,female : divorced/separated/married,guarantor,4,if not A121 : building society savings agreement/ life insurance,23,none,own,1,unskilled - resident,1,none,yes,0.75
0 <= ... < 200 DM,13,all credits at this bank paid back duly,radio/television,2122,A61,... < 1 year,4,female : divorced/separated/married,guarantor,4,if not A121 : building society savings agreement/ life insurance,23,none,for free,1,unskilled - resident,2,none,yes,0.755
0 <= ... < 200 DM,34,existing credits paid back duly till now,radio/television,2161,A61,... < 1 year,4,female : divorced/separated/married,guarantor,4,if not A121 : building society savings agreement/ life insurance,41,none,own,4,unemployed/ unskilled - non-resident,2,none,yes,0.746
... < 0 DM,26,all credits at this bank paid back duly,radio/television,943,A61,1 <= ... < 4 years,3,male : single,none,2,"if not A121/A122 : car or other, not in attribute 6",27,none,own,1,unemployed/ unskilled - non-resident,1,none,yes,0.801
... < 0 DM,27,existing credits paid back duly till now,radio/television,6346,A61,1 <= ... < 4 years,3,male : single,co-applicant,2,"if not A121/A122 : car or other, not in attribute 6",27,none,own,1,management/ self-employed/ highly qualified employee/ officer,1,none,no,0.708
... < 0 DM,30,existing credits paid back duly till now,furniture/equipment,3339,A61,1 <= ... < 4 years,4,male : single,guarantor,2,"if not A121/A122 : car or other, not in attribute 6",19,none,own,1,management/ self-employed/ highly qualified employee/ officer,1,none,yes,0.751
... < 0 DM,27,existing credits paid back duly till now,radio/television,3441,A61,... < 1 year,4,male : single,none,4,"if not A121/A122 : car or other, not in attribute 6",27,none,for free,1,management/ self-employed/ highly qualified employee/ officer,2,none,yes,0.69
... < 0 DM,60,existing credits paid back duly till now,radio/television,3418,A61,1 <= ... < 4 years,4,male : single,none,4,"if not A121/A122 : car or other, not in attribute 6",32,none,own,4,unemployed/ unskilled - non-resident,2,none,yes,0.752
... < 0 DM,45,all credits at this bank paid back duly,business,11823,A61,.. >= 7 years,2,male : single,none,4,"if not A121/A122 : car or other, not in attribute 6",19,none,rent,4,unemployed/ unskilled - non-resident,1,none,yes,0.821
... < 0 DM,45,no credits taken/ all credits paid back duly,business,11871,A64,.. >= 7 years,2,male : single,co-applicant,4,"if not A121/A122 : car or other, not in attribute 6",29,none,rent,1,skilled employee / official,2,none,no,0.739
... < 0 DM,51,no credits taken/ all credits paid back duly,repairs,11368,A61,.. >= 7 years,2,male : single,guarantor,4,"if not A121/A122 : car or other, not in attribute 6",32,none,rent,2,skilled employee / official,1,none,yes,0.753
... < 0 DM,60,no credits taken/ all credits paid back duly,business,14001,A61,... < 1 year,4,male : single,none,4,"if not A121/A122 : car or other, not in attribute 6",29,none,for free,4,skilled employee / official,1,none,yes,0.722
... < 0 DM,45,no credits taken/ all credits paid back duly,business,11814,A61,.. >= 7 years,4,male : single,none,4,"if not A121/A122 : car or other, not in attribute 6",75,none,rent,4,unemployed/ unskilled - non-resident,2,none,yes,0.791
... < 0 DM,26,all credits at this bank paid back duly,radio/television,943,A61,1 <= ... < 4 years,3,male : single,none,2,"if not A121/A122 : car or other, not in attribute 6",27,none,own,1,unemployed/ unskilled - non-resident,1,none,yes,0.801
... < 0 DM,27,existing credits paid back duly till now,radio/television,6346,A61,1 <= ... < 4 years,3,male : single,co-applicant,2,"if not A121/A122 : car or other, not in attribute 6",27,none,own,1,management/ self-employed/ highly qualified employee/ officer,1,none,no,0.708
... < 0 DM,30,existing credits paid back duly till now,furniture/equipment,3339,A61,1 <= ... < 4 years,4,male : single,guarantor,2,"if not A121/A122 : car or other, not in attribute 6",19,none,own,1,management/ self-employed/ highly qualified employee/ officer,1,none,yes,0.751
... < 0 DM,27,existing credits paid back duly till now,radio/television,3441,A61,... < 1 year,4,male : single,none,4,"if not A121/A122 : car or other, not in attribute 6",27,none,for free,1,management/ self-employed/ highly qualified employee/ officer,2,none,yes,0.69
... < 0 DM,60,existing credits paid back duly till now,radio/television,3418,A61,1 <= ... < 4 years,4,male : single,none,4,"if not A121/A122 : car or other, not in attribute 6",32,none,own,4,unemployed/ unskilled - non-resident,2,none,yes,0.752
no checking account,4,existing credits paid back duly till now,car (new),276,A63,.. >= 7 years,4,male : single,guarantor,2,if not A121 : building society savings agreement/ life insurance,45,none,own,1,unskilled - resident,1,none,no,0.704
... < 0 DM,10,all credits at this bank paid back duly,car (new),1206,A65,... < 1 year,4,male : single,co-applicant,2,"if not A121/A122 : car or other, not in attribute 6",44,none,own,1,unemployed/ unskilled - non-resident,2,none,no,0.874
no checking account,10,existing credits paid back duly till now,business,5968,A61,.. >= 7 years,4,male : single,co-applicant,2,if not A121 : building society savings agreement/ life insurance,45,none,own,1,unskilled - resident,1,none,no,0.71
no checking account,10,existing credits paid back duly till now,car (new),1380,A62,.. >= 7 years,4,male : single,co-applicant,4,if not A121 : building society savings agreement/ life insurance,47,none,for free,1,unskilled - resident,2,none,no,0.71
no checking account,18,existing credits paid back duly till now,car (new),1238,A65,.. >= 7 years,4,male : single,co-applicant,4,"if not A121/A122 : car or other, not in attribute 6",75,none,own,4,unskilled - resident,2,none,no,0.674
... < 0 DM,8,all credits at this bank paid back duly,furniture/equipment,1076,A61,unemployed,4,male : single,none,2,"if not A121/A122 : car or other, not in attribute 6",31,none,own,1,skilled employee / official,1,none,yes,0.712
... < 0 DM,18,existing credits paid back duly till now,business,1132,A61,unemployed,4,female : divorced/separated/married,co-applicant,2,"if not A121/A122 : car or other, not in attribute 6",34,none,own,1,unskilled - resident,1,none,no,0.752
no checking account,19,existing credits paid back duly till now,furniture/equipment,3372,A61,... < 1 year,4,female : divorced/separated/married,none,2,"if not A121/A122 : car or other, not in attribute 6",33,none,own,1,unemployed/ unskilled - non-resident,2,none,yes,0.772
... < 0 DM,18,existing credits paid back duly till now,furniture/equipment,317,A63,unemployed,4,male : single,none,4,"if not A121/A122 : car or other, not in attribute 6",33,none,for free,1,skilled employee / official,2,none,yes,0.694
... < 0 DM,18,existing credits paid back duly till now,furniture/equipment,1125,A61,unemployed,4,female : divorced/separated/married,guarantor,4,"if not A121/A122 : car or other, not in attribute 6",75,none,own,4,skilled employee / official,2,none,yes,0.72
0 <= ... < 200 DM,4,existing credits paid back duly till now,radio/television,276,A61,1 <= ... < 4 years,4,female : divorced/separated/married,guarantor,4,"if not A121/A122 : car or other, not in attribute 6",21,none,own,1,unemployed/ unskilled - non-resident,2,none,yes,0.721
no checking account,18,existing credits paid back duly till now,radio/television,1143,A61,unemployed,4,male : divorced/separated,guarantor,4,real estate,26,none,own,1,unskilled - resident,2,none,no,0.682
0 <= ... < 200 DM,18,all credits at this bank paid back duly,furniture/equipment,1065,A61,... < 1 year,4,female : divorced/separated/married,guarantor,4,real estate,25,none,own,1,unskilled - resident,2,none,yes,0.76
0 <= ... < 200 DM,18,existing credits paid back duly till now,radio/television,5902,A61,... < 1 year,4,female : divorced/separated/married,guarantor,4,real estate,29,none,own,1,unemployed/ unskilled - non-resident,2,none,yes,0.761
... < 0 DM,24,existing credits paid back duly till now,radio/television,1135,A61,1 <= ... < 4 years,4,male : single,guarantor,4,"if not A121/A122 : car or other, not in attribute 6",54,none,own,4,unskilled - resident,2,none,yes,0.774
... < 0 DM,35,existing credits paid back duly till now,business,2256,A63,... < 1 year,4,male : single,none,4,"if not A121/A122 : car or other, not in attribute 6",32,none,own,1,skilled employee / official,1,none,yes,0.731
no checking account,36,delay in paying off in the past,radio/television,490,A63,.. >= 7 years,4,male : single,co-applicant,4,"if not A121/A122 : car or other, not in attribute 6",39,none,own,1,skilled employee / official,1,none,no,0.744
no checking account,36,existing credits paid back duly till now,radio/television,5270,A63,.. >= 7 years,4,male : single,none,4,"if not A121/A122 : car or other, not in attribute 6",39,none,for free,1,unemployed/ unskilled - non-resident,2,none,yes,0.796
no checking account,39,existing credits paid back duly till now,radio/television,2307,A62,.. >= 7 years,4,male : single,guarantor,4,"if not A121/A122 : car or other, not in attribute 6",51,none,own,1,skilled employee / official,2,none,yes,0.749
no checking account,59,all credits at this bank paid back duly,radio/television,2249,A63,.. >= 7 years,4,male : single,none,4,"if not A121/A122 : car or other, not in attribute 6",75,none,own,4,skilled employee / official,2,none,yes,0.714
... < 0 DM,35,existing credits paid back duly till now,business,2256,A63,... < 1 year,4,male : single,none,4,"if not A121/A122 : car or other, not in attribute 6",32,none,own,1,skilled employee / official,1,none,yes,0.731
no checking account,36,delay in paying off in the past,radio/television,490,A63,.. >= 7 years,4,male : single,co-applicant,4,"if not A121/A122 : car or other, not in attribute 6",39,none,own,1,skilled employee / official,1,none,no,0.744
no checking account,36,existing credits paid back duly till now,radio/television,5270,A63,.. >= 7 years,4,male : single,none,4,"if not A121/A122 : car or other, not in attribute 6",39,none,for free,1,unemployed/ unskilled - non-resident,2,none,yes,0.796
no checking account,39,existing credits paid back duly till now,radio/television,2307,A62,.. >= 7 years,4,male : single,guarantor,4,"if not A121/A122 : car or other, not in attribute 6",51,none,own,1,skilled employee / official,2,none,yes,0.749
no checking account,59,all credits at this bank paid back duly,radio/television,2249,A63,.. >= 7 years,4,male : single,none,4,"if not A121/A122 : car or other, not in attribute 6",75,none,own,4,skilled employee / official,2,none,yes,0.714
... < 0 DM,45,all credits at this bank paid back duly,business,11823,A61,.. >= 7 years,2,male : single,none,4,"if not A121/A122 : car or other, not in attribute 6",19,none,rent,4,unemployed/ unskilled - non-resident,1,none,yes,0.821
... < 0 DM,45,no credits taken/ all credits paid back duly,business,11871,A64,.. >= 7 years,2,male : single,co-applicant,4,"if not A121/A122 : car or other, not in attribute 6",29,none,rent,1,skilled employee / official,2,none,no,0.739
... < 0 DM,51,no credits taken/ all credits paid back duly,repairs,11368,A61,.. >= 7 years,2,male : single,guarantor,4,"if not A121/A122 : car or other, not in attribute 6",32,none,rent,2,skilled employee / official,1,none,yes,0.753
... < 0 DM,60,no credits taken/ all credits paid back duly,business,14001,A61,... < 1 year,4,male : single,none,4,"if not A121/A122 : car or other, not in attribute 6",29,none,for free,4,skilled employee / official,1,none,yes,0.722
... < 0 DM,45,no credits taken/ all credits paid back duly,business,11814,A61,.. >= 7 years,4,male : single,none,4,"if not A121/A122 : car or other, not in attribute 6",75,none,rent,4,unemployed/ unskilled - non-resident,2,none,yes,0.791
... < 0 DM,26,all credits at this bank paid back duly,radio/television,943,A61,1 <= ... < 4 years,3,male : single,none,2,"if not A121/A122 : car or other, not in attribute 6",27,none,own,1,unemployed/ unskilled - non-resident,1,none,yes,0.801
... < 0 DM,27,existing credits paid back duly till now,radio/television,6346,A61,1 <= ... < 4 years,3,male : single,co-applicant,2,"if not A121/A122 : car or other, not in attribute 6",27,none,own,1,management/ self-employed/ highly qualified employee/ officer,1,none,no,0.708
... < 0 DM,30,existing credits paid back duly till now,furniture/equipment,3339,A61,1 <= ... < 4 years,4,male : single,guarantor,2,"if not A121/A122 : car or other, not in attribute 6",19,none,own,1,management/ self-employed/ highly qualified employee/ officer,1,none,yes,0.751
... < 0 DM,27,existing credits paid back duly till now,radio/television,3441,A61,... < 1 year,4,male : single,none,4,"if not A121/A122 : car or other, not in attribute 6",27,none,for free,1,management/ self-employed/ highly qualified employee/ officer,2,none,yes,0.69
... < 0 DM,60,existing credits paid back duly till now,radio/television,3418,A61,1 <= ... < 4 years,4,male : single,none,4,"if not A121/A122 : car or other, not in attribute 6",32,none,own,4,unemployed/ unskilled - non-resident,2,none,yes,0.752
... < 0 DM,48,all credits at this bank paid back duly,furniture/equipment,5830,A61,1 <= ... < 4 years,3,male : single,none,4,unknown / no property,44,none,for free,4,unemployed/ unskilled - non-resident,2,none,yes,0.767
... < 0 DM,47,no credits taken/ all credits paid back duly,furniture/equipment,7260,A61,... < 1 year,4,male : single,none,4,"if not A121/A122 : car or other, not in attribute 6",53,none,for free,4,skilled employee / official,2,none,no,0.759
... < 0 DM,48,no credits taken/ all credits paid back duly,repairs,7183,A64,1 <= ... < 4 years,3,male : single,co-applicant,4,unknown / no property,53,none,for free,1,unskilled - resident,2,none,yes,0.722
... < 0 DM,60,no credits taken/ all credits paid back duly,furniture/equipment,7095,A61,1 <= ... < 4 years,3,male : single,guarantor,4,unknown / no property,64,none,for free,2,unemployed/ unskilled - non-resident,2,none,yes,0.819
... < 0 DM,48,no credits taken/ all credits paid back duly,furniture/equipment,11288,A61,1 <= ... < 4 years,4,male : single,guarantor,4,unknown / no property,75,none,for free,4,skilled employee / official,2,none,yes,0.68
... < 0 DM,45,all credits at this bank paid back duly,business,11823,A61,.. >= 7 years,2,male : single,none,4,"if not A121/A122 : car or other, not in attribute 6",19,none,rent,4,unemployed/ unskilled - non-resident,1,none,yes,0.821
... < 0 DM,45,no credits taken/ all credits paid back duly,business,11871,A64,.. >= 7 years,2,male : single,co-applicant,4,"if not A121/A122 : car or other, not in attribute 6",29,none,rent,1,skilled employee / official,2,none,no,0.739
... < 0 DM,51,no credits taken/ all credits paid back duly,repairs,11368,A61,.. >= 7 years,2,male : single,guarantor,4,"if not A121/A122 : car or other, not in attribute 6",32,none,rent,2,skilled employee / official,1,none,yes,0.753
... < 0 DM,60,no credits taken/ all credits paid back duly,business,14001,A61,... < 1 year,4,male : single,none,4,"if not A121/A122 : car or other, not in attribute 6",29,none,for free,4,skilled employee / official,1,none,yes,0.722
... < 0 DM,45,no credits taken/ all credits paid back duly,business,11814,A61,.. >= 7 years,4,male : single,none,4,"if not A121/A122 : car or other, not in attribute 6",75,none,rent,4,unemployed/ unskilled - non-resident,2,none,yes,0.791
... < 0 DM,4,existing credits paid back duly till now,furniture/equipment,1939,A61,... < 1 year,4,female : divorced/separated/married,guarantor,1,if not A121 : building society savings agreement/ life insurance,19,none,rent,1,unemployed/ unskilled - non-resident,1,none,yes,0.764
... < 0 DM,15,all credits at this bank paid back duly,furniture/equipment,1851,A61,... < 1 year,4,male : single,guarantor,1,"if not A121/A122 : car or other, not in attribute 6",46,none,for free,1,skilled employee / official,2,none,no,0.876
... < 0 DM,17,existing credits paid back duly till now,business,276,A61,... < 1 year,4,female : divorced/separated/married,guarantor,1,if not A121 : building society savings agreement/ life insurance,46,none,rent,1,unskilled - resident,1,none,yes,0.692
... < 0 DM,15,existing credits paid back duly till now,furniture/equipment,6668,A61,... < 1 year,4,female : divorced/separated/married,guarantor,1,if not A121 : building society savings agreement/ life insurance,58,none,rent,1,skilled employee / official,2,none,yes,0.671
... < 0 DM,23,existing credits paid back duly till now,furniture/equipment,1777,A61,... < 1 year,4,female : divorced/separated/married,guarantor,4,if not A121 : building society savings agreement/ life insurance,75,none,rent,4,unemployed/ unskilled - non-resident,2,none,yes,0.781
... < 0 DM,48,all credits at this bank paid back duly,business,2816,A61,4 <= ... < 7 years,2,female : divorced/separated/married,guarantor,4,"if not A121/A122 : car or other, not in attribute 6",26,none,rent,1,skilled employee / official,1,none,yes,0.724
... < 0 DM,48,all credits at this bank paid back duly,business,7689,A61,.. >= 7 years,2,female : divorced/separated/married,guarantor,4,"if not A121/A122 : car or other, not in attribute 6",37,none,rent,1,skilled employee / official,1,none,yes,0.784
... < 0 DM,46,all credits at this bank paid back duly,car (new),8593,A61,4 <= ... < 7 years,4,male : single,guarantor,4,"if not A121/A122 : car or other, not in attribute 6",37,none,rent,1,skilled employee / official,2,none,yes,0.755
... < 0 DM,60,all credits at this bank paid back duly,business,7725,A61,4 <= ... < 7 years,4,female : divorced/separated/married,guarantor,4,"if not A121/A122 : car or other, not in attribute 6",40,stores,for free,1,skilled employee / official,1,none,yes,0.746
... < 0 DM,48,all credits at this bank paid back duly,business,10242,A61,4 <= ... < 7 years,2,female : divorced/separated/married,guarantor,4,"if not A121/A122 : car or other, not in attribute 6",75,none,rent,4,skilled employee / official,2,none,yes,0.748
... < 0 DM,34,existing credits paid back duly till now,others,15862,A61,unemployed,2,male : divorced/separated,co-applicant,4,"if not A121/A122 : car or other, not in attribute 6",19,none,own,1,unemployed/ unskilled - non-resident,1,none,yes,0.75
... < 0 DM,36,delay in paying off in the past,furniture/equipment,15860,A61,.. >= 7 years,2,male : divorced/separated,co-applicant,3,"if not A121/A122 : car or other, not in attribute 6",44,none,own,1,management/ self-employed/ highly qualified employee/ officer,1,none,yes,0.739
... < 0 DM,54,existing credits paid back duly till now,others,15945,A62,unemployed,2,male : divorced/separated,co-applicant,3,"if not A121/A122 : car or other, not in attribute 6",43,none,own,1,unemployed/ unskilled - non-resident,2,none,yes,0.8
... < 0 DM,36,existing credits paid back duly till now,others,15266,A61,unemployed,4,male : single,co-applicant,4,"if not A121/A122 : car or other, not in attribute 6",43,none,own,1,management/ self-employed/ highly qualified employee/ officer,2,none,no,0.723
... < 0 DM,59,existing credits paid back duly till now,furniture/equipment,15849,A61,unemployed,4,male : divorced/separated,co-applicant,4,"if not A121/A122 : car or other, not in attribute 6",75,none,own,4,management/ self-employed/ highly qualified employee/ officer,2,none,yes,0.742
... < 0 DM,45,all credits at this bank paid back duly,business,11823,A61,.. >= 7 years,2,male : single,none,4,"if not A121/A122 : car or other, not in attribute 6",19,none,rent,4,unemployed/ unskilled - non-resident,1,none,yes,0.821
... < 0 DM,45,no credits taken/ all credits paid back duly,business,11871,A64,.. >= 7 years,2,male : single,co-applicant,4,"if not A121/A122 : car or other, not in attribute 6",29,none,rent,1,skilled employee / official,2,none,no,0.739
... < 0 DM,51,no credits taken/ all credits paid back duly,repairs,11368,A61,.. >= 7 years,2,male : single,guarantor,4,"if not A121/A122 : car or other, not in attribute 6",32,none,rent,2,skilled employee / official,1,none,yes,0.753
... < 0 DM,60,no credits taken/ all credits paid back duly,business,14001,A61,... < 1 year,4,male : single,none,4,"if not A121/A122 : car or other, not in attribute 6",29,none,for free,4,skilled employee / official,1,none,yes,0.722
... < 0 DM,45,no credits taken/ all credits paid back duly,business,11814,A61,.. >= 7 years,4,male : single,none,4,"if not A121/A122 : car or other, not in attribute 6",75,none,rent,4,unemployed/ unskilled - non-resident,2,none,yes,0.791
0 <= ... < 200 DM,4,all credits at this bank paid back duly,car (new),276,A63,... < 1 year,4,male : single,none,2,real estate,28,none,own,1,unemployed/ unskilled - non-resident,1,none,yes,0.757
... < 0 DM,9,existing credits paid back duly till now,car (new),1582,A65,... < 1 year,4,male : single,none,2,"if not A121/A122 : car or other, not in attribute 6",75,none,own,1,unemployed/ unskilled - non-resident,2,none,yes,0.775
0 <= ... < 200 DM,9,existing credits paid back duly till now,repairs,2934,A65,... < 1 year,4,male : single,co-applicant,2,real estate,35,none,own,1,unemployed/ unskilled - non-resident,1,none,yes,0.744
0 <= ... < 200 DM,9,existing credits paid back duly till now,car (new),1504,A62,... < 1 year,4,male : single,none,4,real estate,35,none,for free,1,unemployed/ unskilled - non-resident,2,none,yes,0.727
0 <= ... < 200 DM,46,existing credits paid back duly till now,car (new),1580,A65,... < 1 year,4,male : single,guarantor,4,real estate,35,none,own,4,unemployed/ unskilled - non-resident,2,none,yes,0.742
... < 0 DM,35,existing credits paid back duly till now,business,2256,A63,... < 1 year,4,male : single,none,4,"if not A121/A122 : car or other, not in attribute 6",32,none,own,1,skilled employee / official,1,none,yes,0.731
no checking account,36,delay in paying off in the past,radio/television,490,A63,.. >= 7 years,4,male : single,co-applicant,4,"if not A121/A122 : car or other, not in attribute 6",39,none,own,1,skilled employee / official,1,none,no,0.744
no checking account,36,existing credits paid back duly till now,radio/television,5270,A63,.. >= 7 years,4,male : single,none,4,"if not A121/A122 : car or other, not in attribute 6",39,none,for free,1,unemployed/ unskilled - non-resident,2,none,yes,0.796
no checking account,39,existing credits paid back duly till now,radio/television,2307,A62,.. >= 7 years,4,male : single,guarantor,4,"if not A121/A122 : car or other, not in attribute 6",51,none,own,1,skilled employee / official,2,none,yes,0.749
no checking account,59,all credits at this bank paid back duly,radio/television,2249,A63,.. >= 7 years,4,male : single,none,4,"if not A121/A122 : car or other, not in attribute 6",75,none,own,4,skilled employee / official,2,none,yes,0.714
0 <= ... < 200 DM,4,existing credits paid back duly till now,radio/television,276,A61,... < 1 year,2,female : divorced/separated/married,guarantor,4,"if not A121/A122 : car or other, not in attribute 6",19,none,own,1,unskilled - resident,1,none,yes,0.703
... < 0 DM,13,existing credits paid back duly till now,radio/television,6017,A61,... < 1 year,2,male : single,guarantor,4,if not A121 : building society savings agreement/ life insurance,22,none,own,1,unskilled - resident,2,none,no,0.788
no checking account,13,delay in paying off in the past,business,2085,A62,... < 1 year,2,female : divorced/separated/married,guarantor,4,if not A121 : building society savings agreement/ life insurance,23,none,own,1,unskilled - resident,1,none,yes,0.75
0 <= ... < 200 DM,13,all credits at this bank paid back duly,radio/television,2122,A61,... < 1 year,4,female : divorced/separated/married,guarantor,4,if not A121 : building society savings agreement/ life insurance,23,none,for free,1,unskilled - resident,2,none,yes,0.755
0 <= ... < 200 DM,34,existing credits paid back duly till now,radio/television,2161,A61,... < 1 year,4,female : divorced/separated/married,guarantor,4,if not A121 : building society savings agreement/ life insurance,41,none,own,4,unemployed/ unskilled - non-resident,2,none,yes,0.746
no checking account,24,all credits at this bank paid back duly,furniture/equipment,2024,A63,... < 1 year,3,male : single,none,4,"if not A121/A122 : car or other, not in attribute 6",52,none,own,1,skilled employee / official,1,none,yes,0.765
no checking account,24,existing credits paid back duly till now,furniture/equipment,4362,A63,.. >= 7 years,3,male : single,co-applicant,4,if not A121 : building society savings agreement/ life insurance,53,none,own,1,unskilled - resident,1,none,no,0.733
no checking account,33,existing credits paid back duly till now,business,2849,A63,.. >= 7 years,3,male : single,guarantor,4,if not A121 : building society savings agreement/ life insurance,53,none,own,1,skilled employee / official,2,none,yes,0.719
no checking account,24,existing credits paid back duly till now,furniture/equipment,2764,A63,.. >= 7 years,4,male : single,none,4,if not A121 : building society savings agreement/ life insurance,69,none,for free,1,unemployed/ unskilled - non-resident,2,none,yes,0.757
no checking account,60,existing credits paid back duly till now,furniture/equipment,2830,A63,.. >= 7 years,4,male : single,none,4,"if not A121/A122 : car or other, not in attribute 6",75,none,own,4,skilled employee / official,2,none,yes,0.667
... < 0 DM,21,all credits at this bank paid back duly,car (new),5984,A62,... < 1 year,4,male : single,none,2,if not A121 : building society savings agreement/ life insurance,40,none,own,4,unskilled - resident,2,none,yes,0.758
... < 0 DM,21,all credits at this bank paid back duly,business,1684,A65,1 <= ... < 4 years,4,male : single,none,2,"if not A121/A122 : car or other, not in attribute 6",39,none,own,4,unemployed/ unskilled - non-resident,2,none,no,0.786
... < 0 DM,27,all credits at this bank paid back duly,furniture/equipment,276,A64,1 <= ... < 4 years,4,male : single,co-applicant,2,if not A121 : building society savings agreement/ life insurance,41,none,own,1,unskilled - resident,2,none,yes,0.769
... < 0 DM,15,all credits at this bank paid back duly,car (new),1669,A65,1 <= ... < 4 years,4,male : single,guarantor,4,if not A121 : building society savings agreement/ life insurance,40,none,for free,2,unskilled - resident,2,none,yes,0.734
... < 0 DM,31,all credits at this bank paid back duly,car (new),1595,A65,... < 1 year,4,male : single,none,4,if not A121 : building society savings agreement/ life insurance,75,none,own,4,unemployed/ unskilled - non-resident,2,none,yes,0.77
... < 0 DM,48,all credits at this bank paid back duly,business,2816,A61,4 <= ... < 7 years,2,female : divorced/separated/married,guarantor,4,"if not A121/A122 : car or other, not in attribute 6",26,none,rent,1,skilled employee / official,1,none,yes,0.724
... < 0 DM,48,all credits at this bank paid back duly,business,7689,A61,.. >= 7 years,2,female : divorced/separated/married,guarantor,4,"if not A121/A122 : car or other, not in attribute 6",37,none,rent,1,skilled employee / official,1,none,yes,0.784
... < 0 DM,46,all credits at this bank paid back duly,car (new),8593,A61,4 <= ... < 7 years,4,male : single,guarantor,4,"if not A121/A122 : car or other, not in attribute 6",37,none,rent,1,skilled employee / official,2,none,yes,0.755
... < 0 DM,60,all credits at this bank paid back duly,business,7725,A61,4 <= ... < 7 years,4,female : divorced/separated/married,guarantor,4,"if not A121/A122 : car or other, not in attribute 6",40,stores,for free,1,skilled employee / official,1,none,yes,0.746
... < 0 DM,48,all credits at this bank paid back duly,business,10242,A61,4 <= ... < 7 years,2,female : divorced/separated/married,guarantor,4,"if not A121/A122 : car or other, not in attribute 6",75,none,rent,4,skilled employee / official,2,none,yes,0.748
... < 0 DM,35,existing credits paid back duly till now,business,2256,A63,... < 1 year,4,male : single,none,4,"if not A121/A122 : car or other, not in attribute 6",32,none,own,1,skilled employee / official,1,none,yes,0.731
no checking account,36,delay in paying off in the past,radio/television,490,A63,.. >= 7 years,4,male : single,co-applicant,4,"if not A121/A122 : car or other, not in attribute 6",39,none,own,1,skilled employee / official,1,none,no,0.744
no checking account,36,existing credits paid back duly till now,radio/television,5270,A63,.. >= 7 years,4,male : single,none,4,"if not A121/A122 : car or other, not in attribute 6",39,none,for free,1,unemployed/ unskilled - non-resident,2,none,yes,0.796
no checking account,39,existing credits paid back duly till now,radio/television,2307,A62,.. >= 7 years,4,male : single,guarantor,4,"if not A121/A122 : car or other, not in attribute 6",51,none,own,1,skilled employee / official,2,none,yes,0.749
no checking account,59,all credits at this bank paid back duly,radio/television,2249,A63,.. >= 7 years,4,male : single,none,4,"if not A121/A122 : car or other, not in attribute 6",75,none,own,4,skilled employee / official,2,none,yes,0.714
no checking account,4,existing credits paid back duly till now,car (new),276,A63,.. >= 7 years,4,male : single,guarantor,2,if not A121 : building society savings agreement/ life insurance,45,none,own,1,unskilled - resident,1,none,no,0.704
... < 0 DM,10,all credits at this bank paid back duly,car (new),1206,A65,... < 1 year,4,male : single,co-applicant,2,"if not A121/A122 : car or other, not in attribute 6",44,none,own,1,unemployed/ unskilled - non-resident,2,none,no,0.874
no checking account,10,existing credits paid back duly till now,business,5968,A61,.. >= 7 years,4,male : single,co-applicant,2,if not A121 : building society savings agreement/ life insurance,45,none,own,1,unskilled - resident,1,none,no,0.71
no checking account,10,existing credits paid back duly till now,car (new),1380,A62,.. >= 7 years,4,male : single,co-applicant,4,if not A121 : building society savings agreement/ life insurance,47,none,for free,1,unskilled - resident,2,none,no,0.71
no checking account,18,existing credits paid back duly till now,car (new),1238,A65,.. >= 7 years,4,male : single,co-applicant,4,"if not A121/A122 : car or other, not in attribute 6",75,none,own,4,unskilled - resident,2,none,no,0.674
... < 0 DM,8,existing credits paid back duly till now,radio/television,1747,A61,unemployed,4,male : single,none,2,"if not A121/A122 : car or other, not in attribute 6",23,none,own,1,unemployed/ unskilled - non-resident,2,none,yes,0.766
... < 0 DM,24,delay in paying off in the past,radio/television,1318,A61,unemployed,4,male : single,co-applicant,1,"if not A121/A122 : car or other, not in attribute 6",30,stores,own,1,management/ self-employed/ highly qualified employee/ officer,2,none,no,0.717
... < 0 DM,24,existing credits paid back duly till now,furniture/equipment,4539,A62,unemployed,4,male : single,guarantor,2,"if not A121/A122 : car or other, not in attribute 6",31,stores,own,1,management/ self-employed/ highly qualified employee/ officer,2,none,yes,0.763
... < 0 DM,24,existing credits paid back duly till now,radio/television,1797,A61,... < 1 year,4,male : single,guarantor,4,"if not A121/A122 : car or other, not in attribute 6",30,stores,for free,1,management/ self-employed/ highly qualified employee/ officer,2,none,yes,0.766
... < 0 DM,60,existing credits paid back duly till now,radio/television,1876,A61,unemployed,4,male : single,none,4,"if not A121/A122 : car or other, not in attribute 6",30,stores,own,4,unemployed/ unskilled - non-resident,2,none,yes,0.726
... < 0 DM,34,existing credits paid back duly till now,others,15862,A61,unemployed,2,male : divorced/separated,co-applicant,4,"if not A121/A122 : car or other, not in attribute 6",19,none,own,1,unemployed/ unskilled - non-resident,1,none,yes,0.75
... < 0 DM,36,delay in paying off in the past,furniture/equipment,15860,A61,.. >= 7 years,2,male : divorced/separated,co-applicant,3,"if not A121/A122 : car or other, not in attribute 6",44,none,own,1,management/ self-employed/ highly qualified employee/ officer,1,none,yes,0.739
... < 0 DM,54,existing credits paid back duly till now,others,15945,A62,unemployed,2,male : divorced/separated,co-applicant,3,"if not A121/A122 : car or other, not in attribute 6",43,none,own,1,unemployed/ unskilled - non-resident,2,none,yes,0.8
... < 0 DM,36,existing credits paid back duly till now,others,15266,A61,unemployed,4,male : single,co-applicant,4,"if not A121/A122 : car or other, not in attribute 6",43,none,own,1,management/ self-employed/ highly qualified employee/ officer,2,none,no,0.723
... < 0 DM,59,existing credits paid back duly till now,furniture/equipment,15849,A61,unemployed,4,male : divorced/separated,co-applicant,4,"if not A121/A122 : car or other, not in attribute 6",75,none,own,4,management/ self-employed/ highly qualified employee/ officer,2,none,yes,0.742
no checking account,24,all credits at this bank paid back duly,furniture/equipment,2024,A63,... < 1 year,3,male : single,none,4,"if not A121/A122 : car or other, not in attribute 6",52,none,own,1,skilled employee / official,1,none,yes,0.765
no checking account,24,existing credits paid back duly till now,furniture/equipment,4362,A63,.. >= 7 years,3,male : single,co-applicant,4,if not A121 : building society savings agreement/ life insurance,53,none,own,1,unskilled - resident,1,none,no,0.733
no checking account,33,existing credits paid back duly till now,business,2849,A63,.. >= 7 years,3,male : single,guarantor,4,if not A121 : building society savings agreement/ life insurance,53,none,own,1,skilled employee / official,2,none,yes,0.719
no checking account,24,existing credits paid back duly till now,furniture/equipment,2764,A63,.. >= 7 years,4,male : single,none,4,if not A121 : building society savings agreement/ life insurance,69,none,for free,1,unemployed/ unskilled - non-resident,2,none,yes,0.757
no checking account,60,existing credits paid back duly till now,furniture/equipment,2830,A63,.. >= 7 years,4,male : single,none,4,"if not A121/A122 : car or other, not in attribute 6",75,none,own,4,skilled employee / official,2,none,yes,0.667
... < 0 DM,34,existing credits paid back duly till now,others,15862,A61,unemployed,2,male : divorced/separated,co-applicant,4,"if not A121/A122 : car or other, not in attribute 6",19,none,own,1,unemployed/ unskilled - non-resident,1,none,yes,0.75
... < 0 DM,36,delay in paying off in the past,furniture/equipment,15860,A61,.. >= 7 years,2,male : divorced/separated,co-applicant,3,"if not A121/A122 : car or other, not in attribute 6",44,none,own,1,management/ self-employed/ highly qualified employee/ officer,1,none,yes,0.739
... < 0 DM,54,existing credits paid back duly till now,others,15945,A62,unemployed,2,male : divorced/separated,co-applicant,3,"if not A121/A122 : car or other, not in attribute 6",43,none,own,1,unemployed/ unskilled - non-resident,2,none,yes,0.8
... < 0 DM,36,existing credits paid back duly till now,others,15266,A61,unemployed,4,male : single,co-applicant,4,"if not A121/A122 : car or other, not in attribute 6",43,none,own,1,management/ self-employed/ highly qualified employee/ officer,2,none,no,0.723
... < 0 DM,59,existing credits paid back duly till now,furniture/equipment,15849,A61,unemployed,4,male : divorced/separated,co-applicant,4,"if not A121/A122 : car or other, not in attribute 6",75,none,own,4,management/ self-employed/ highly qualified employee/ officer,2,none,yes,0.742
0 <= ... < 200 DM,44,existing credits paid back duly till now,radio/television,276,A62,1 <= ... < 4 years,4,male : single,guarantor,4,"if not A121/A122 : car or other, not in attribute 6",19,none,for free,1,skilled employee / official,1,none,yes,0.684
... < 0 DM,44,all credits at this bank paid back duly,radio/television,3325,A62,unemployed,4,male : single,guarantor,4,"if not A121/A122 : car or other, not in attribute 6",21,none,rent,1,skilled employee / official,2,none,no,0.817
0 <= ... < 200 DM,45,delay in paying off in the past,repairs,4799,A64,1 <= ... < 4 years,4,male : single,guarantor,4,if not A121 : building society savings agreement/ life insurance,21,none,rent,1,unemployed/ unskilled - non-resident,1,none,yes,0.767
0 <= ... < 200 DM,60,existing credits paid back duly till now,radio/television,2952,A62,1 <= ... < 4 years,4,male : single,guarantor,4,if not A121 : building society savings agreement/ life insurance,25,none,rent,1,unemployed/ unskilled - non-resident,2,none,yes,0.735
0 <= ... < 200 DM,45,existing credits paid back duly till now,radio/television,3061,A62,... < 1 year,4,male : single,guarantor,4,if not A121 : building society savings agreement/ life insurance,75,none,rent,4,unemployed/ unskilled - non-resident,2,none,yes,0.797
... < 0 DM,45,all credits at this bank paid back duly,business,11823,A61,.. >= 7 years,2,male : single,none,4,"if not A121/A122 : car or other, not in attribute 6",19,none,rent,4,unemployed/ unskilled - non-resident,1,none,yes,0.821
... < 0 DM,45,no credits taken/ all credits paid back duly,business,11871,A64,.. >= 7 years,2,male : single,co-applicant,4,"if not A121/A122 : car or other, not in attribute 6",29,none,rent,1,skilled employee / official,2,none,no,0.739
... < 0 DM,51,no credits taken/ all credits paid back duly,repairs,11368,A61,.. >= 7 years,2,male : single,guarantor,4,"if not A121/A122 : car or other, not in attribute 6",32,none,rent,2,skilled employee / official,1,none,yes,0.753
... < 0 DM,60,no credits taken/ all credits paid back duly,business,14001,A61,... < 1 year,4,male : single,none,4,"if not A121/A122 : car or other, not in attribute 6",29,none,for free,4,skilled employee / official,1,none,yes,0.722
... < 0 DM,45,no credits taken/ all credits paid back duly,business,11814,A61,.. >= 7 years,4,male : single,none,4,"if not A121/A122 : car or other, not in attribute 6",75,none,rent,4,unemployed/ unskilled - non-resident,2,none,yes,0.791
... < 0 DM,45,all credits at this bank paid back duly,business,11823,A61,.. >= 7 years,2,male : single,none,4,"if not A121/A122 : car or other, not in attribute 6",19,none,rent,4,unemployed/ unskilled - non-resident,1,none,yes,0.821
... < 0 DM,45,no credits taken/ all credits paid back duly,business,11871,A64,.. >= 7 years,2,male : single,co-applicant,4,"if not A121/A122 : car or other, not in attribute 6",29,none,rent,1,skilled employee / official,2,none,no,0.739
... < 0 DM,51,no credits taken/ all credits paid back duly,repairs,11368,A61,.. >= 7 years,2,male : single,guarantor,4,"if not A121/A122 : car or other, not in attribute 6",32,none,rent,2,skilled employee / official,1,none,yes,0.753
... < 0 DM,60,no credits taken/ all credits paid back duly,business,14001,A61,... < 1 year,4,male : single,none,4,"if not A121/A122 : car or other, not in attribute 6",29,none,for free,4,skilled employee / official,1,none,yes,0.722
... < 0 DM,45,no credits taken/ all credits paid back duly,business,11814,A61,.. >= 7 years,4,male : single,none,4,"if not A121/A122 : car or other, not in attribute 6",75,none,rent,4,unemployed/ unskilled - non-resident,2,none,yes,0.791
... < 0 DM,4,all credits at this bank paid back duly,car (new),1300,A61,.. >= 7 years,4,male : single,none,4,"if not A121/A122 : car or other, not in attribute 6",49,none,own,2,unskilled - resident,1,none,yes,0.742
... < 0 DM,24,critical account/ other credits existing (not at this bank),car (new),276,A61,.. >= 7 years,4,male : single,co-applicant,4,"if not A121/A122 : car or other, not in attribute 6",60,none,own,1,unskilled - resident,1,none,no,0.701
... < 0 DM,24,critical account/ other credits existing (not at this bank),business,1144,A63,... < 1 year,4,male : single,none,4,"if not A121/A122 : car or other, not in attribute 6",60,none,own,4,unemployed/ unskilled - non-resident,2,none,yes,0.799
... < 0 DM,34,all credits at this bank paid back duly,car (new),806,A61,.. >= 7 years,4,male : single,none,4,"if not A121/A122 : car or other, not in attribute 6",75,none,own,4,unskilled - resident,2,none,yes,0.768
... < 0 DM,60,critical account/ other credits existing (not at this bank),car (new),2616,A61,.. >= 7 years,4,male : single,guarantor,4,"if not A121/A122 : car or other, not in attribute 6",60,none,own,4,unskilled - resident,2,none,yes,0.733
... < 0 DM,48,all credits at this bank paid back duly,furniture/equipment,5830,A61,1 <= ... < 4 years,3,male : single,none,4,unknown / no property,44,none,for free,4,unemployed/ unskilled - non-resident,2,none,yes,0.767
... < 0 DM,47,no credits taken/ all credits paid back duly,furniture/equipment,7260,A61,... < 1 year,4,male : single,none,4,"if not A121/A122 : car or other, not in attribute 6",53,none,for free,4,skilled employee / official,2,none,no,0.759
... < 0 DM,48,no credits taken/ all credits paid back duly,repairs,7183,A64,1 <= ... < 4 years,3,male : single,co-applicant,4,unknown / no property,53,none,for free,1,unskilled - resident,2,none,yes,0.722
... < 0 DM,60,no credits taken/ all credits paid back duly,furniture/equipment,7095,A61,1 <= ... < 4 years,3,male : single,guarantor,4,unknown / no property,64,none,for free,2,unemployed/ unskilled - non-resident,2,none,yes,0.819
... < 0 DM,48,no credits taken/ all credits paid back duly,furniture/equipment,11288,A61,1 <= ... < 4 years,4,male : single,guarantor,4,unknown / no property,75,none,for free,4,skilled employee / official,2,none,yes,0.68
... < 0 DM,4,existing credits paid back duly till now,furniture/equipment,276,A61,1 <= ... < 4 years,4,male : single,guarantor,1,if not A121 : building society savings agreement/ life insurance,19,none,own,1,unemployed/ unskilled - non-resident,1,none,yes,0.771
... < 0 DM,12,all credits at this bank paid back duly,furniture/equipment,1524,A62,1 <= ... < 4 years,4,male : single,guarantor,1,"if not A121/A122 : car or other, not in attribute 6",22,none,own,1,unemployed/ unskilled - non-resident,1,none,no,0.886
... < 0 DM,12,existing credits paid back duly till now,repairs,4656,A61,unemployed,4,male : single,guarantor,1,if not A121 : building society savings agreement/ life insurance,21,none,own,1,unskilled - resident,2,none,yes,0.756
... < 0 DM,12,existing credits paid back duly till now,furniture/equipment,1271,A61,1 <= ... < 4 years,4,male : single,guarantor,4,if not A121 : building society savings agreement/ life insurance,21,none,for free,1,unskilled - resident,2,none,no,0.746
... < 0 DM,31,existing credits paid back duly till now,furniture/equipment,1290,A61,1 <= ... < 4 years,4,male : single,guarantor,4,if not A121 : building society savings agreement/ life insurance,41,none,own,4,unskilled - resident,2,none,yes,0.708
... < 0 DM,45,all credits at this bank paid back duly,business,11823,A61,.. >= 7 years,2,male : single,none,4,"if not A121/A122 : car or other, not in attribute 6",19,none,rent,4,unemployed/ unskilled - non-resident,1,none,yes,0.821
... < 0 DM,45,no credits taken/ all credits paid back duly,business,11871,A64,.. >= 7 years,2,male : single,co-applicant,4,"if not A121/A122 : car or other, not in attribute 6",29,none,rent,1,skilled employee / official,2,none,no,0.739
... < 0 DM,51,no credits taken/ all credits paid back duly,repairs,11368,A61,.. >= 7 years,2,male : single,guarantor,4,"if not A121/A122 : car or other, not in attribute 6",32,none,rent,2,skilled employee / official,1,none,yes,0.753
... < 0 DM,60,no credits taken/ all credits paid back duly,business,14001,A61,... < 1 year,4,male : single,none,4,"if not A121/A122 : car or other, not in attribute 6",29,none,for free,4,skilled employee / official,1,none,yes,0.722
... < 0 DM,45,no credits taken/ all credits paid back duly,business,11814,A61,.. >= 7 years,4,male : single,none,4,"if not A121/A122 : car or other, not in attribute 6",75,none,rent,4,unemployed/ unskilled - non-resident,2,none,yes,0.791
... < 0 DM,26,all credits at this bank paid back duly,radio/television,943,A61,1 <= ... < 4 years,3,male : single,none,2,"if not A121/A122 : car or other, not in attribute 6",27,none,own,1,unemployed/ unskilled - non-resident,1,none,yes,0.801
... < 0 DM,27,existing credits paid back duly till now,radio/television,6346,A61,1 <= ... < 4 years,3,male : single,co-applicant,2,"if not A121/A122 : car or other, not in attribute 6",27,none,own,1,management/ self-employed/ highly qualified employee/ officer,1,none,no,0.708
... < 0 DM,30,existing credits paid back duly till now,furniture/equipment,3339,A61,1 <= ... < 4 years,4,male : single,guarantor,2,"if not A121/A122 : car or other, not in attribute 6",19,none,own,1,management/ self-employed/ highly qualified employee/ officer,1,none,yes,0.751
... < 0 DM,27,existing credits paid back duly till now,radio/television,3441,A61,... < 1 year,4,male : single,none,4,"if not A121/A122 : car or other, not in attribute 6",27,none,for free,1,management/ self-employed/ highly qualified employee/ officer,2,none,yes,0.69
... < 0 DM,60,existing credits paid back duly till now,radio/television,3418,A61,1 <= ... < 4 years,4,male : single,none,4,"if not A121/A122 : car or other, not in attribute 6",32,none,own,4,unemployed/ unskilled - non-resident,2,none,yes,0.752
... < 0 DM,4,existing credits paid back duly till now,furniture/equipment,276,A61,1 <= ... < 4 years,4,male : single,guarantor,1,if not A121 : building society savings agreement/ life insurance,19,none,own,1,unemployed/ unskilled - non-resident,1,none,yes,0.771
... < 0 DM,12,all credits at this bank paid back duly,furniture/equipment,1524,A62,1 <= ... < 4 years,4,male : single,guarantor,1,"if not A121/A122 : car or other, not in attribute 6",22,none,own,1,unemployed/ unskilled - non-resident,1,none,no,0.886
... < 0 DM,12,existing credits paid back duly till now,repairs,4656,A61,unemployed,4,male : single,guarantor,1,if not A121 : building society savings agreement/ life insurance,21,none,own,1,unskilled - resident,2,none,yes,0.756
... < 0 DM,12,existing credits paid back duly till now,furniture/equipment,1271,A61,1 <= ... < 4 years,4,male : single,guarantor,4,if not A121 : building society savings agreement/ life insurance,21,none,for free,1,unskilled - resident,2,none,no,0.746
... < 0 DM,31,existing credits paid back duly till now,furniture/equipment,1290,A61,1 <= ... < 4 years,4,male : single,guarantor,4,if not A121 : building society savings agreement/ life insurance,41,none,own,4,unskilled - resident,2,none,yes,0.708
no checking account,6,all credits at this bank paid back duly,radio/television,1696,A63,... < 1 year,2,male : single,none,4,"if not A121/A122 : car or other, not in attribute 6",39,bank,own,1,unemployed/ unskilled - non-resident,2,none,yes,0.823
no checking account,4,all credits at this bank paid back duly,radio/television,276,A63,.. >= 7 years,2,male : single,co-applicant,4,if not A121 : building society savings agreement/ life insurance,45,bank,own,1,unskilled - resident,2,none,no,0.702
no checking account,6,all credits at this bank paid back duly,radio/television,6679,A63,.. >= 7 years,1,male : single,guarantor,4,if not A121 : building society savings agreement/ life insurance,45,bank,own,1,unskilled - resident,2,none,yes,0.749
no checking account,6,all credits at this bank paid back duly,business,1740,A63,.. >= 7 years,4,male : single,none,4,if not A121 : building society savings agreement/ life insurance,45,none,own,1,unskilled - resident,2,none,yes,0.703
no checking account,11,all credits at this bank paid back duly,radio/television,1864,A63,.. >= 7 years,4,male : single,guarantor,4,if not A121 : building society savings agreement/ life insurance,75,bank,own,4,unskilled - resident,2,none,yes,0.738
0 <= ... < 200 DM,4,existing credits paid back duly till now,radio/television,276,A61,... < 1 year,2,female : divorced/separated/married,guarantor,4,"if not A121/A122 : car or other, not in attribute 6",19,none,own,1,unskilled - resident,1,none,yes,0.703
... < 0 DM,13,existing credits paid back duly till now,radio/television,6017,A61,... < 1 year,2,male : single,guarantor,4,if not A121 : building society savings agreement/ life insurance,22,none,own,1,unskilled - resident,2,none,no,0.788
no checking account,13,delay in paying off in the past,business,2085,A62,... < 1 year,2,female : divorced/separated/married,guarantor,4,if not A121 : building society savings agreement/ life insurance,23,none,own,1,unskilled - resident,1,none,yes,0.75
0 <= ... < 200 DM,13,all credits at this bank paid back duly,radio/television,2122,A61,... < 1 year,4,female : divorced/separated/married,guarantor,4,if not A121 : building society savings agreement/ life insurance,23,none,for free,1,unskilled - resident,2,none,yes,0.755
0 <= ... < 200 DM,34,existing credits paid back duly till now,radio/television,2161,A61,... < 1 year,4,female : divorced/separated/married,guarantor,4,if not A121 : building society savings agreement/ life insurance,41,none,own,4,unemployed/ unskilled - non-resident,2,none,yes,0.746
... < 0 DM,4,all credits at this bank paid back duly,car (new),1300,A61,.. >= 7 years,4,male : single,none,4,"if not A121/A122 : car or other, not in attribute 6",49,none,own,2,unskilled - resident,1,none,yes,0.742
... < 0 DM,24,critical account/ other credits existing (not at this bank),car (new),276,A61,.. >= 7 years,4,male : single,co-applicant,4,"if not A121/A122 : car or other, not in attribute 6",60,none,own,1,unskilled - resident,1,none,no,0.701
... < 0 DM,24,critical account/ other credits existing (not at this bank),business,1144,A63,... < 1 year,4,male : single,none,4,"if not A121/A122 : car or other, not in attribute 6",60,none,own,4,unemployed/ unskilled - non-resident,2,none,yes,0.799
... < 0 DM,34,all credits at this bank paid back duly,car (new),806,A61,.. >= 7 years,4,male : single,none,4,"if not A121/A122 : car or other, not in attribute 6",75,none,own,4,unskilled - resident,2,none,yes,0.768
... < 0 DM,60,critical account/ other credits existing (not at this bank),car (new),2616,A61,.. >= 7 years,4,male : single,guarantor,4,"if not A121/A122 : car or other, not in attribute 6",60,none,own,4,unskilled - resident,2,none,yes,0.733
0 <= ... < 200 DM,4,existing credits paid back duly till now,radio/television,276,A61,... < 1 year,2,female : divorced/separated/married,guarantor,4,"if not A121/A122 : car or other, not in attribute 6",19,none,own,1,unskilled - resident,1,none,yes,0.703
... < 0 DM,13,existing credits paid back duly till now,radio/television,6017,A61,... < 1 year,2,male : single,guarantor,4,if not A121 : building society savings agreement/ life insurance,22,none,own,1,unskilled - resident,2,none,no,0.788
no checking account,13,delay in paying off in the past,business,2085,A62,... < 1 year,2,female : divorced/separated/married,guarantor,4,if not A121 : building society savings agreement/ life insurance,23,none,own,1,unskilled - resident,1,none,yes,0.75
0 <= ... < 200 DM,13,all credits at this bank paid back duly,radio/television,2122,A61,... < 1 year,4,female : divorced/separated/married,guarantor,4,if not A121 : building society savings agreement/ life insurance,23,none,for free,1,unskilled - resident,2,none,yes,0.755
0 <= ... < 200 DM,34,existing credits paid back duly till now,radio/television,2161,A61,... < 1 year,4,female : divorced/separated/married,guarantor,4,if not A121 : building society savings agreement/ life insurance,41,none,own,4,unemployed/ unskilled - non-resident,2,none,yes,0.746
no checking account,4,existing credits paid back duly till now,car (new),276,A63,.. >= 7 years,4,male : single,guarantor,2,if not A121 : building society savings agreement/ life insurance,45,none,own,1,unskilled - resident,1,none,no,0.704
... < 0 DM,10,all credits at this bank paid back duly,car (new),1206,A65,... < 1 year,4,male : single,co-applicant,2,"if not A121/A122 : car or other, not in attribute 6",44,none,own,1,unemployed/ unskilled - non-resident,2,none,no,0.874
no checking account,10,existing credits paid back duly till now,business,5968,A61,.. >= 7 years,4,male : single,co-applicant,2,if not A121 : building society savings agreement/ life insurance,45,none,own,1,unskilled - resident,1,none,no,0.71
no checking account,10,existing credits paid back duly till now,car (new),1380,A62,.. >= 7 years,4,male : single,co-applicant,4,if not A121 : building society savings agreement/ life insurance,47,none,for free,1,unskilled - resident,2,none,no,0.71
no checking account,18,existing credits paid back duly till now,car (new),1238,A65,.. >= 7 years,4,male : single,co-applicant,4,"if not A121/A122 : car or other, not in attribute 6",75,none,own,4,unskilled - resident,2,none,no,0.674
0 <= ... < 200 DM,4,existing credits paid back duly till now,radio/television,276,A61,1 <= ... < 4 years,4,female : divorced/separated/married,guarantor,4,"if not A121/A122 : car or other, not in attribute 6",21,none,own,1,unemployed/ unskilled - non-resident,2,none,yes,0.721
no checking account,18,existing credits paid back duly till now,radio/television,1143,A61,unemployed,4,male : divorced/separated,guarantor,4,real estate,26,none,own,1,unskilled - resident,2,none,no,0.682
0 <= ... < 200 DM,18,all credits at this bank paid back duly,furniture/equipment,1065,A61,... < 1 year,4,female : divorced/separated/married,guarantor,4,real estate,25,none,own,1,unskilled - resident,2,none,yes,0.76
0 <= ... < 200 DM,18,existing credits paid back duly till now,radio/television,5902,A61,... < 1 year,4,female : divorced/separated/married,guarantor,4,real estate,29,none,own,1,unemployed/ unskilled - non-resident,2,none,yes,0.761
... < 0 DM,24,existing credits paid back duly till now,radio/television,1135,A61,1 <= ... < 4 years,4,male : single,guarantor,4,"if not A121/A122 : car or other, not in attribute 6",54,none,own,4,unskilled - resident,2,none,yes,0.774
0 <= ... < 200 DM,4,all credits at this bank paid back duly,car (new),276,A63,... < 1 year,4,male : single,none,2,real estate,28,none,own,1,unemployed/ unskilled - non-resident,1,none,yes,0.757
... < 0 DM,9,existing credits paid back duly till now,car (new),1582,A65,... < 1 year,4,male : single,none,2,"if not A121/A122 : car or other, not in attribute 6",75,none,own,1,unemployed/ unskilled - non-resident,2,none,yes,0.775
0 <= ... < 200 DM,9,existing credits paid back duly till now,repairs,2934,A65,... < 1 year,4,male : single,co-applicant,2,real estate,35,none,own,1,unemployed/ unskilled - non-resident,1,none,yes,0.744
0 <= ... < 200 DM,9,existing credits paid back duly till now,car (new),1504,A62,... < 1 year,4,male : single,none,4,real estate,35,none,for free,1,unemployed/ unskilled - non-resident,2,none,yes,0.727
0 <= ... < 200 DM,46,existing credits paid back duly till now,car (new),1580,A65,... < 1 year,4,male : single,guarantor,4,real estate,35,none,own,4,unemployed/ unskilled - non-resident,2,none,yes,0.742
0 <= ... < 200 DM,4,existing credits paid back duly till now,radio/television,276,A61,1 <= ... < 4 years,4,female : divorced/separated/married,guarantor,4,"if not A121/A122 : car or other, not in attribute 6",21,none,own,1,unemployed/ unskilled - non-resident,2,none,yes,0.721
no checking account,18,existing credits paid back duly till now,radio/television,1143,A61,unemployed,4,male : divorced/separated,guarantor,4,real estate,26,none,own,1,unskilled - resident,2,none,no,0.682
0 <= ... < 200 DM,18,all credits at this bank paid back duly,furniture/equipment,1065,A61,... < 1 year,4,female : divorced/separated/married,guarantor,4,real estate,25,none,own,1,unskilled - resident,2,none,yes,0.76
0 <= ... < 200 DM,18,existing credits paid back duly till now,radio/television,5902,A61,... < 1 year,4,female : divorced/separated/married,guarantor,4,real estate,29,none,own,1,unemployed/ unskilled - non-resident,2,none,yes,0.761
... < 0 DM,24,existing credits paid back duly till now,radio/television,1135,A61,1 <= ... < 4 years,4,male : single,guarantor,4,"if not A121/A122 : car or other, not in attribute 6",54,none,own,4,unskilled - resident,2,none,yes,0.774
... < 0 DM,26,all credits at this bank paid back duly,radio/television,943,A61,1 <= ... < 4 years,3,male : single,none,2,"if not A121/A122 : car or other, not in attribute 6",27,none,own,1,unemployed/ unskilled - non-resident,1,none,yes,0.801
... < 0 DM,27,existing credits paid back duly till now,radio/television,6346,A61,1 <= ... < 4 years,3,male : single,co-applicant,2,"if not A121/A122 : car or other, not in attribute 6",27,none,own,1,management/ self-employed/ highly qualified employee/ officer,1,none,no,0.708
... < 0 DM,30,existing credits paid back duly till now,furniture/equipment,3339,A61,1 <= ... < 4 years,4,male : single,guarantor,2,"if not A121/A122 : car or other, not in attribute 6",19,none,own,1,management/ self-employed/ highly qualified employee/ officer,1,none,yes,0.751
... < 0 DM,27,existing credits paid back duly till now,radio/television,3441,A61,... < 1 year,4,male : single,none,4,"if not A121/A122 : car or other, not in attribute 6",27,none,for free,1,management/ self-employed/ highly qualified employee/ officer,2,none,yes,0.69
... < 0 DM,60,existing credits paid back duly till now,radio/television,3418,A61,1 <= ... < 4 years,4,male : single,none,4,"if not A121/A122 : car or other, not in attribute 6",32,none,own,4,unemployed/ unskilled - non-resident,2,none,yes,0.752
... < 0 DM,4,existing credits paid back duly till now,furniture/equipment,1939,A61,... < 1 year,4,female : divorced/separated/married,guarantor,1,if not A121 : building society savings agreement/ life insurance,19,none,rent,1,unemployed/ unskilled - non-resident,1,none,yes,0.764
... < 0 DM,15,all credits at this bank paid back duly,furniture/equipment,1851,A61,... < 1 year,4,male : single,guarantor,1,"if not A121/A122 : car or other, not in attribute 6",46,none,for free,1,skilled employee / official,2,none,no,0.876
... < 0 DM,17,existing credits paid back duly till now,business,276,A61,... < 1 year,4,female : divorced/separated/married,guarantor,1,if not A121 : building society savings agreement/ life insurance,46,none,rent,1,unskilled - resident,1,none,yes,0.692
... < 0 DM,15,existing credits paid back duly till now,furniture/equipment,6668,A61,... < 1 year,4,female : divorced/separated/married,guarantor,1,if not A121 : building society savings agreement/ life insurance,58,none,rent,1,skilled employee / official,2,none,yes,0.671
... < 0 DM,23,existing credits paid back duly till now,furniture/equipment,1777,A61,... < 1 year,4,female : divorced/separated/married,guarantor,4,if not A121 : building society savings agreement/ life insurance,75,none,rent,4,unemployed/ unskilled - non-resident,2,none,yes,0.781
... < 0 DM,4,existing credits paid back duly till now,furniture/equipment,276,A61,1 <= ... < 4 years,4,male : single,guarantor,1,if not A121 : building society savings agreement/ life insurance,19,none,own,1,unemployed/ unskilled - non-resident,1,none,yes,0.771
... < 0 DM,12,all credits at this bank paid back duly,furniture/equipment,1524,A62,1 <= ... < 4 years,4,male : single,guarantor,1,"if not A121/A122 : car or other, not in attribute 6",22,none,own,1,unemployed/ unskilled - non-resident,1,none,no,0.886
... < 0 DM,12,existing credits paid back duly till now,repairs,4656,A61,unemployed,4,male : single,guarantor,1,if not A121 : building society savings agreement/ life insurance,21,none,own,1,unskilled - resident,2,none,yes,0.756
... < 0 DM,12,existing credits paid back duly till now,furniture/equipment,1271,A61,1 <= ... < 4 years,4,male : single,guarantor,4,if not A121 : building society savings agreement/ life insurance,21,none,for free,1,unskilled - resident,2,none,no,0.746
... < 0 DM,31,existing credits paid back duly till now,furniture/equipment,1290,A61,1 <= ... < 4 years,4,male : single,guarantor,4,if not A121 : building society savings agreement/ life insurance,41,none,own,4,unskilled - resident,2,none,yes,0.708
... < 0 DM,4,existing credits paid back duly till now,furniture/equipment,1939,A61,... < 1 year,4,female : divorced/separated/married,guarantor,1,if not A121 : building society savings agreement/ life insurance,19,none,rent,1,unemployed/ unskilled - non-resident,1,none,yes,0.764
... < 0 DM,15,all credits at this bank paid back duly,furniture/equipment,1851,A61,... < 1 year,4,male : single,guarantor,1,"if not A121/A122 : car or other, not in attribute 6",46,none,for free,1,skilled employee / official,2,none,no,0.876
... < 0 DM,17,existing credits paid back duly till now,business,276,A61,... < 1 year,4,female : divorced/separated/married,guarantor,1,if not A121 : building society savings agreement/ life insurance,46,none,rent,1,unskilled - resident,1,none,yes,0.692
... < 0 DM,15,existing credits paid back duly till now,furniture/equipment,6668,A61,... < 1 year,4,female : divorced/separated/married,guarantor,1,if not A121 : building society savings agreement/ life insurance,58,none,rent,1,skilled employee / official,2,none,yes,0.671
... < 0 DM,23,existing credits paid back duly till now,furniture/equipment,1777,A61,... < 1 year,4,female : divorced/separated/married,guarantor,4,if not A121 : building society savings agreement/ life insurance,75,none,rent,4,unemployed/ unskilled - non-resident,2,none,yes,0.781
... < 0 DM,26,all credits at this bank paid back duly,radio/television,943,A61,1 <= ... < 4 years,3,male : single,none,2,"if not A121/A122 : car or other, not in attribute 6",27,none,own,1,unemployed/ unskilled - non-resident,1,none,yes,0.801
... < 0 DM,27,existing credits paid back duly till now,radio/television,6346,A61,1 <= ... < 4 years,3,male : single,co-applicant,2,"if not A121/A122 : car or other, not in attribute 6",27,none,own,1,management/ self-employed/ highly qualified employee/ officer,1,none,no,0.708
... < 0 DM,30,existing credits paid back duly till now,furniture/equipment,3339,A61,1 <= ... < 4 years,4,male : single,guarantor,2,"if not A121/A122 : car or other, not in attribute 6",19,none,own,1,management/ self-employed/ highly qualified employee/ officer,1,none,yes,0.751
... < 0 DM,27,existing credits paid back duly till now,radio/television,3441,A61,... < 1 year,4,male : single,none,4,"if not A121/A122 : car or other, not in attribute 6",27,none,for free,1,management/ self-employed/ highly qualified employee/ officer,2,none,yes,0.69
... < 0 DM,60,existing credits paid back duly till now,radio/television,3418,A61,1 <= ... < 4 years,4,male : single,none,4,"if not A121/A122 : car or other, not in attribute 6",32,none,own,4,unemployed/ unskilled - non-resident,2,none,yes,0.752
... < 0 DM,5,all credits at this bank paid back duly,car (new),1479,A61,4 <= ... < 7 years,4,male : single,none,4,"if not A121/A122 : car or other, not in attribute 6",23,none,for free,2,unemployed/ unskilled - non-resident,2,none,yes,0.79
... < 0 DM,18,all credits at this bank paid back duly,car (new),276,A64,4 <= ... < 7 years,4,male : single,co-applicant,4,unknown / no property,32,none,for free,2,unskilled - resident,2,none,no,0.714
... < 0 DM,18,all credits at this bank paid back duly,furniture/equipment,4756,A61,4 <= ... < 7 years,4,male : single,guarantor,4,unknown / no property,32,none,for free,4,unskilled - resident,2,none,yes,0.754
... < 0 DM,18,all credits at this bank paid back duly,car (new),1397,A62,... < 1 year,4,male : single,none,4,unknown / no property,36,none,own,4,unskilled - resident,2,none,yes,0.738
... < 0 DM,31,all credits at this bank paid back duly,car (new),1372,A61,4 <= ... < 7 years,4,male : single,guarantor,4,unknown / no property,75,none,for free,4,unskilled - resident,2,none,yes,0.752
no checking account,24,all credits at this bank paid back duly,furniture/equipment,2024,A63,... < 1 year,3,male : single,none,4,"if not A121/A122 : car or other, not in attribute 6",52,none,own,1,skilled employee / official,1,none,yes,0.765
no checking account,24,existing credits paid back duly till now,furniture/equipment,4362,A63,.. >= 7 years,3,male : single,co-applicant,4,if not A121 : building society savings agreement/ life insurance,53,none,own,1,unskilled - resident,1,none,no,0.733
no checking account,33,existing credits paid back duly till now,business,2849,A63,.. >= 7 years,3,male : single,guarantor,4,if not A121 : building society savings agreement/ life insurance,53,none,own,1,skilled employee / official,2,none,yes,0.719
no checking account,24,existing credits paid back duly till now,furniture/equipment,2764,A63,.. >= 7 years,4,male : single,none,4,if not A121 : building society savings agreement/ life insurance,69,none,for free,1,unemployed/ unskilled - non-resident,2,none,yes,0.757
no checking account,60,existing credits paid back duly till now,furniture/equipment,2830,A63,.. >= 7 years,4,male : single,none,4,"if not A121/A122 : car or other, not in attribute 6",75,none,own,4,skilled employee / official,2,none,yes,0.667
... < 0 DM,8,all credits at this bank paid back duly,furniture/equipment,1076,A61,unemployed,4,male : single,none,2,"if not A121/A122 : car or other, not in attribute 6",31,none,own,1,skilled employee / official,1,none,yes,0.712
... < 0 DM,18,existing credits paid back duly till now,business,1132,A61,unemployed,4,female : divorced/separated/married,co-applicant,2,"if not A121/A122 : car or other, not in attribute 6",34,none,own,1,unskilled - resident,1,none,no,0.752
no checking account,19,existing credits paid back duly till now,furniture/equipment,3372,A61,... < 1 year,4,female : divorced/separated/married,none,2,"if not A121/A122 : car or other, not in attribute 6",33,none,own,1,unemployed/ unskilled - non-resident,2,none,yes,0.772
... < 0 DM,18,existing credits paid back duly till now,furniture/equipment,317,A63,unemployed,4,male : single,none,4,"if not A121/A122 : car or other, not in attribute 6",33,none,for free,1,skilled employee / official,2,none,yes,0.694
... < 0 DM,18,existing credits paid back duly till now,furniture/equipment,1125,A61,unemployed,4,female : divorced/separated/married,guarantor,4,"if not A121/A122 : car or other, not in attribute 6",75,none,own,4,skilled employee / official,2,none,yes,0.72
... < 0 DM,26,all credits at this bank paid back duly,radio/television,943,A61,1 <= ... < 4 years,3,male : single,none,2,"if not A121/A122 : car or other, not in attribute 6",27,none,own,1,unemployed/ unskilled - non-resident,1,none,yes,0.801
... < 0 DM,27,existing credits paid back duly till now,radio/television,6346,A61,1 <= ... < 4 years,3,male : single,co-applicant,2,"if not A121/A122 : car or other, not in attribute 6",27,none,own,1,management/ self-employed/ highly qualified employee/ officer,1,none,no,0.708
... < 0 DM,30,existing credits paid back duly till now,furniture/equipment,3339,A61,1 <= ... < 4 years,4,male : single,guarantor,2,"if not A121/A122 : car or other, not in attribute 6",19,none,own,1,management/ self-employed/ highly qualified employee/ officer,1,none,yes,0.751
... < 0 DM,27,existing credits paid back duly till now,radio/television,3441,A61,... < 1 year,4,male : single,none,4,"if not A121/A122 : car or other, not in attribute 6",27,none,for free,1,management/ self-employed/ highly qualified employee/ officer,2,none,yes,0.69
... < 0 DM,60,existing credits paid back duly till now,radio/television,3418,A61,1 <= ... < 4 years,4,male : single,none,4,"if not A121/A122 : car or other, not in attribute 6",32,none,own,4,unemployed/ unskilled - non-resident,2,none,yes,0.752
no checking account,6,all credits at this bank paid back duly,radio/television,1696,A63,... < 1 year,2,male : single,none,4,"if not A121/A122 : car or other, not in attribute 6",39,bank,own,1,unemployed/ unskilled - non-resident,2,none,yes,0.823
no checking account,4,all credits at this bank paid back duly,radio/television,276,A63,.. >= 7 years,2,male : single,co-applicant,4,if not A121 : building society savings agreement/ life insurance,45,bank,own,1,unskilled - resident,2,none,no,0.702
no checking account,6,all credits at this bank paid back duly,radio/television,6679,A63,.. >= 7 years,1,male : single,guarantor,4,if not A121 : building society savings agreement/ life insurance,45,bank,own,1,unskilled - resident,2,none,yes,0.749
no checking account,6,all credits at this bank paid back duly,business,1740,A63,.. >= 7 years,4,male : single,none,4,if not A121 : building society savings agreement/ life insurance,45,none,own,1,unskilled - resident,2,none,yes,0.703
no checking account,11,all credits at this bank paid back duly,radio/television,1864,A63,.. >= 7 years,4,male : single,guarantor,4,if not A121 : building society savings agreement/ life insurance,75,bank,own,4,unskilled - resident,2,none,yes,0.738
... < 0 DM,26,all credits at this bank paid back duly,radio/television,943,A61,1 <= ... < 4 years,3,male : single,none,2,"if not A121/A122 : car or other, not in attribute 6",27,none,own,1,unemployed/ unskilled - non-resident,1,none,yes,0.801
... < 0 DM,27,existing credits paid back duly till now,radio/television,6346,A61,1 <= ... < 4 years,3,male : single,co-applicant,2,"if not A121/A122 : car or other, not in attribute 6",27,none,own,1,management/ self-employed/ highly qualified employee/ officer,1,none,no,0.708
... < 0 DM,30,existing credits paid back duly till now,furniture/equipment,3339,A61,1 <= ... < 4 years,4,male : single,guarantor,2,"if not A121/A122 : car or other, not in attribute 6",19,none,own,1,management/ self-employed/ highly qualified employee/ officer,1,none,yes,0.751
... < 0 DM,27,existing credits paid back duly till now,radio/television,3441,A61,... < 1 year,4,male : single,none,4,"if not A121/A122 : car or other, not in attribute 6",27,none,for free,1,management/ self-employed/ highly qualified employee/ officer,2,none,yes,0.69
... < 0 DM,60,existing credits paid back duly till now,radio/television,3418,A61,1 <= ... < 4 years,4,male : single,none,4,"if not A121/A122 : car or other, not in attribute 6",32,none,own,4,unemployed/ unskilled - non-resident,2,none,yes,0.752
... < 0 DM,4,existing credits paid back duly till now,furniture/equipment,276,A61,1 <= ... < 4 years,4,male : single,guarantor,1,if not A121 : building society savings agreement/ life insurance,19,none,own,1,unemployed/ unskilled - non-resident,1,none,yes,0.771
... < 0 DM,12,all credits at this bank paid back duly,furniture/equipment,1524,A62,1 <= ... < 4 years,4,male : single,guarantor,1,"if not A121/A122 : car or other, not in attribute 6",22,none,own,1,unemployed/ unskilled - non-resident,1,none,no,0.886
... < 0 DM,12,existing credits paid back duly till now,repairs,4656,A61,unemployed,4,male : single,guarantor,1,if not A121 : building society savings agreement/ life insurance,21,none,own,1,unskilled - resident,2,none,yes,0.756
... < 0 DM,12,existing credits paid back duly till now,furniture/equipment,1271,A61,1 <= ... < 4 years,4,male : single,guarantor,4,if not A121 : building society savings agreement/ life insurance,21,none,for free,1,unskilled - resident,2,none,no,0.746
... < 0 DM,31,existing credits paid back duly till now,furniture/equipment,1290,A61,1 <= ... < 4 years,4,male : single,guarantor,4,if not A121 : building society savings agreement/ life insurance,41,none,own,4,unskilled - resident,2,none,yes,0.708
... < 0 DM,8,all credits at this bank paid back duly,furniture/equipment,1076,A61,unemployed,4,male : single,none,2,"if not A121/A122 : car or other, not in attribute 6",31,none,own,1,skilled employee / official,1,none,yes,0.712
... < 0 DM,18,existing credits paid back duly till now,business,1132,A61,unemployed,4,female : divorced/separated/married,co-applicant,2,"if not A121/A122 : car or other, not in attribute 6",34,none,own,1,unskilled - resident,1,none,no,0.752
no checking account,19,existing credits paid back duly till now,furniture/equipment,3372,A61,... < 1 year,4,female : divorced/separated/married,none,2,"if not A121/A122 : car or other, not in attribute 6",33,none,own,1,unemployed/ unskilled - non-resident,2,none,yes,0.772
... < 0 DM,18,existing credits paid back duly till now,furniture/equipment,317,A63,unemployed,4,male : single,none,4,"if not A121/A122 : car or other, not in attribute 6",33,none,for free,1,skilled employee / official,2,none,yes,0.694
... < 0 DM,18,existing credits paid back duly till now,furniture/equipment,1125,A61,unemployed,4,female : divorced/separated/married,guarantor,4,"if not A121/A122 : car or other, not in attribute 6",75,none,own,4,skilled employee / official,2,none,yes,0.72
... < 0 DM,21,all credits at this bank paid back duly,car (new),5984,A62,... < 1 year,4,male : single,none,2,if not A121 : building society savings agreement/ life insurance,40,none,own,4,unskilled - resident,2,none,yes,0.758
... < 0 DM,21,all credits at this bank paid back duly,business,1684,A65,1 <= ... < 4 years,4,male : single,none,2,"if not A121/A122 : car or other, not in attribute 6",39,none,own,4,unemployed/ unskilled - non-resident,2,none,no,0.786
... < 0 DM,27,all credits at this bank paid back duly,furniture/equipment,276,A64,1 <= ... < 4 years,4,male : single,co-applicant,2,if not A121 : building society savings agreement/ life insurance,41,none,own,1,unskilled - resident,2,none,yes,0.769
... < 0 DM,15,all credits at this bank paid back duly,car (new),1669,A65,1 <= ... < 4 years,4,male : single,guarantor,4,if not A121 : building society savings agreement/ life insurance,40,none,for free,2,unskilled - resident,2,none,yes,0.734
... < 0 DM,31,all credits at this bank paid back duly,car (new),1595,A65,... < 1 year,4,male : single,none,4,if not A121 : building society savings agreement/ life insurance,75,none,own,4,unemployed/ unskilled - non-resident,2,none,yes,0.77
0 <= ... < 200 DM,4,all credits at this bank paid back duly,car (new),276,A63,... < 1 year,4,male : single,none,2,real estate,28,none,own,1,unemployed/ unskilled - non-resident,1,none,yes,0.757
... < 0 DM,9,existing credits paid back duly till now,car (new),1582,A65,... < 1 year,4,male : single,none,2,"if not A121/A122 : car or other, not in attribute 6",75,none,own,1,unemployed/ unskilled - non-resident,2,none,yes,0.775
0 <= ... < 200 DM,9,existing credits paid back duly till now,repairs,2934,A65,... < 1 year,4,male : single,co-applicant,2,real estate,35,none,own,1,unemployed/ unskilled - non-resident,1,none,yes,0.744
0 <= ... < 200 DM,9,existing credits paid back duly till now,car (new),1504,A62,... < 1 year,4,male : single,none,4,real estate,35,none,for free,1,unemployed/ unskilled - non-resident,2,none,yes,0.727
0 <= ... < 200 DM,46,existing credits paid back duly till now,car (new),1580,A65,... < 1 year,4,male : single,guarantor,4,real estate,35,none,own,4,unemployed/ unskilled - non-resident,2,none,yes,0.742
... < 0 DM,8,existing credits paid back duly till now,radio/television,1747,A61,unemployed,4,male : single,none,2,"if not A121/A122 : car or other, not in attribute 6",23,none,own,1,unemployed/ unskilled - non-resident,2,none,yes,0.766
... < 0 DM,24,delay in paying off in the past,radio/television,1318,A61,unemployed,4,male : single,co-applicant,1,"if not A121/A122 : car or other, not in attribute 6",30,stores,own,1,management/ self-employed/ highly qualified employee/ officer,2,none,no,0.717
... < 0 DM,24,existing credits paid back duly till now,furniture/equipment,4539,A62,unemployed,4,male : single,guarantor,2,"if not A121/A122 : car or other, not in attribute 6",31,stores,own,1,management/ self-employed/ highly qualified employee/ officer,2,none,yes,0.763
... < 0 DM,24,existing credits paid back duly till now,radio/television,1797,A61,... < 1 year,4,male : single,guarantor,4,"if not A121/A122 : car or other, not in attribute 6",30,stores,for free,1,management/ self-employed/ highly qualified employee/ officer,2,none,yes,0.766
... < 0 DM,60,existing credits paid back duly till now,radio/television,1876,A61,unemployed,4,male : single,none,4,"if not A121/A122 : car or other, not in attribute 6",30,stores,own,4,unemployed/ unskilled - non-resident,2,none,yes,0.726
0 <= ... < 200 DM,44,existing credits paid back duly till now,radio/television,276,A62,1 <= ... < 4 years,4,male : single,guarantor,4,"if not A121/A122 : car or other, not in attribute 6",19,none,for free,1,skilled employee / official,1,none,yes,0.684
... < 0 DM,44,all credits at this bank paid back duly,radio/television,3325,A62,unemployed,4,male : single,guarantor,4,"if not A121/A122 : car or other, not in attribute 6",21,none,rent,1,skilled employee / official,2,none,no,0.817
0 <= ... < 200 DM,45,delay in paying off in the past,repairs,4799,A64,1 <= ... < 4 years,4,male : single,guarantor,4,if not A121 : building society savings agreement/ life insurance,21,none,rent,1,unemployed/ unskilled - non-resident,1,none,yes,0.767
0 <= ... < 200 DM,60,existing credits paid back duly till now,radio/television,2952,A62,1 <= ... < 4 years,4,male : single,guarantor,4,if not A121 : building society savings agreement/ life insurance,25,none,rent,1,unemployed/ unskilled - non-resident,2,none,yes,0.735
0 <= ... < 200 DM,45,existing credits paid back duly till now,radio/television,3061,A62,... < 1 year,4,male : single,guarantor,4,if not A121 : building society savings agreement/ life insurance,75,none,rent,4,unemployed/ unskilled - non-resident,2,none,yes,0.797
0 <= ... < 200 DM,4,existing credits paid back duly till now,radio/television,276,A61,1 <= ... < 4 years,4,female : divorced/separated/married,guarantor,4,"if not A121/A122 : car or other, not in attribute 6",21,none,own,1,unemployed/ unskilled - non-resident,2,none,yes,0.721
no checking account,18,existing credits paid back duly till now,radio/television,1143,A61,unemployed,4,male : divorced/separated,guarantor,4,real estate,26,none,own,1,unskilled - resident,2,none,no,0.682
0 <= ... < 200 DM,18,all credits at this bank paid back duly,furniture/equipment,1065,A61,... < 1 year,4,female : divorced/separated/married,guarantor,4,real estate,25,none,own,1,unskilled - resident,2,none,yes,0.76
0 <= ... < 200 DM,18,existing credits paid back duly till now,radio/television,5902,A61,... < 1 year,4,female : divorced/separated/married,guarantor,4,real estate,29,none,own,1,unemployed/ unskilled - non-resident,2,none,yes,0.761
... < 0 DM,24,existing credits paid back duly till now,radio/television,1135,A61,1 <= ... < 4 years,4,male : single,guarantor,4,"if not A121/A122 : car or other, not in attribute 6",54,none,own,4,unskilled - resident,2,none,yes,0.774
... < 0 DM,8,existing credits paid back duly till now,radio/television,1747,A61,unemployed,4,male : single,none,2,"if not A121/A122 : car or other, not in attribute 6",23,none,own,1,unemployed/ unskilled - non-resident,2,none,yes,0.766
... < 0 DM,24,delay in paying off in the past,radio/television,1318,A61,unemployed,4,male : single,co-applicant,1,"if not A121/A122 : car or other, not in attribute 6",30,stores,own,1,management/ self-employed/ highly qualified employee/ officer,2,none,no,0.717
... < 0 DM,24,existing credits paid back duly till now,furniture/equipment,4539,A62,unemployed,4,male : single,guarantor,2,"if not A121/A122 : car or other, not in attribute 6",31,stores,own,1,management/ self-employed/ highly qualified employee/ officer,2,none,yes,0.763
... < 0 DM,24,existing credits paid back duly till now,radio/television,1797,A61,... < 1 year,4,male : single,guarantor,4,"if not A121/A122 : car or other, not in attribute 6",30,stores,for free,1,management/ self-employed/ highly qualified employee/ officer,2,none,yes,0.766
... < 0 DM,60,existing credits paid back duly till now,radio/television,1876,A61,unemployed,4,male : single,none,4,"if not A121/A122 : car or other, not in attribute 6",30,stores,own,4,unemployed/ unskilled - non-resident,2,none,yes,0.726
... < 0 DM,26,all credits at this bank paid back duly,radio/television,943,A61,1 <= ... < 4 years,3,male : single,none,2,"if not A121/A122 : car or other, not in attribute 6",27,none,own,1,unemployed/ unskilled - non-resident,1,none,yes,0.801
... < 0 DM,27,existing credits paid back duly till now,radio/television,6346,A61,1 <= ... < 4 years,3,male : single,co-applicant,2,"if not A121/A122 : car or other, not in attribute 6",27,none,own,1,management/ self-employed/ highly qualified employee/ officer,1,none,no,0.708
... < 0 DM,30,existing credits paid back duly till now,furniture/equipment,3339,A61,1 <= ... < 4 years,4,male : single,guarantor,2,"if not A121/A122 : car or other, not in attribute 6",19,none,own,1,management/ self-employed/ highly qualified employee/ officer,1,none,yes,0.751
... < 0 DM,27,existing credits paid back duly till now,radio/television,3441,A61,... < 1 year,4,male : single,none,4,"if not A121/A122 : car or other, not in attribute 6",27,none,for free,1,management/ self-employed/ highly qualified employee/ officer,2,none,yes,0.69
... < 0 DM,60,existing credits paid back duly till now,radio/television,3418,A61,1 <= ... < 4 years,4,male : single,none,4,"if not A121/A122 : car or other, not in attribute 6",32,none,own,4,unemployed/ unskilled - non-resident,2,none,yes,0.752
... < 0 DM,5,all credits at this bank paid back duly,car (new),1479,A61,4 <= ... < 7 years,4,male : single,none,4,"if not A121/A122 : car or other, not in attribute 6",23,none,for free,2,unemployed/ unskilled - non-resident,2,none,yes,0.79
... < 0 DM,18,all credits at this bank paid back duly,car (new),276,A64,4 <= ... < 7 years,4,male : single,co-applicant,4,unknown / no property,32,none,for free,2,unskilled - resident,2,none,no,0.714
... < 0 DM,18,all credits at this bank paid back duly,furniture/equipment,4756,A61,4 <= ... < 7 years,4,male : single,guarantor,4,unknown / no property,32,none,for free,4,unskilled - resident,2,none,yes,0.754
... < 0 DM,18,all credits at this bank paid back duly,car (new),1397,A62,... < 1 year,4,male : single,none,4,unknown / no property,36,none,own,4,unskilled - resident,2,none,yes,0.738
... < 0 DM,31,all credits at this bank paid back duly,car (new),1372,A61,4 <= ... < 7 years,4,male : single,guarantor,4,unknown / no property,75,none,for free,4,unskilled - resident,2,none,yes,0.752
no checking account,4,existing credits paid back duly till now,car (new),276,A63,.. >= 7 years,4,male : single,guarantor,2,if not A121 : building society savings agreement/ life insurance,45,none,own,1,unskilled - resident,1,none,no,0.704
... < 0 DM,10,all credits at this bank paid back duly,car (new),1206,A65,... < 1 year,4,male : single,co-applicant,2,"if not A121/A122 : car or other, not in attribute 6",44,none,own,1,unemployed/ unskilled - non-resident,2,none,no,0.874
no checking account,10,existing credits paid back duly till now,business,5968,A61,.. >= 7 years,4,male : single,co-applicant,2,if not A121 : building society savings agreement/ life insurance,45,none,own,1,unskilled - resident,1,none,no,0.71
no checking account,10,existing credits paid back duly till now,car (new),1380,A62,.. >= 7 years,4,male : single,co-applicant,4,if not A121 : building society savings agreement/ life insurance,47,none,for free,1,unskilled - resident,2,none,no,0.71
no checking account,18,existing credits paid back duly till now,car (new),1238,A65,.. >= 7 years,4,male : single,co-applicant,4,"if not A121/A122 : car or other, not in attribute 6",75,none,own,4,unskilled - resident,2,none,no,0.674
... < 0 DM,26,all credits at this bank paid back duly,radio/television,943,A61,1 <= ... < 4 years,3,male : single,none,2,"if not A121/A122 : car or other, not in attribute 6",27,none,own,1,unemployed/ unskilled - non-resident,1,none,yes,0.801
... < 0 DM,27,existing credits paid back duly till now,radio/television,6346,A61,1 <= ... < 4 years,3,male : single,co-applicant,2,"if not A121/A122 : car or other, not in attribute 6",27,none,own,1,management/ self-employed/ highly qualified employee/ officer,1,none,no,0.708
... < 0 DM,30,existing credits paid back duly till now,furniture/equipment,3339,A61,1 <= ... < 4 years,4,male : single,guarantor,2,"if not A121/A122 : car or other, not in attribute 6",19,none,own,1,management/ self-employed/ highly qualified employee/ officer,1,none,yes,0.751
... < 0 DM,27,existing credits paid back duly till now,radio/television,3441,A61,... < 1 year,4,male : single,none,4,"if not A121/A122 : car or other, not in attribute 6",27,none,for free,1,management/ self-employed/ highly qualified employee/ officer,2,none,yes,0.69
... < 0 DM,60,existing credits paid back duly till now,radio/television,3418,A61,1 <= ... < 4 years,4,male : single,none,4,"if not A121/A122 : car or other, not in attribute 6",32,none,own,4,unemployed/ unskilled - non-resident,2,none,yes,0.752
... < 0 DM,4,existing credits paid back duly till now,furniture/equipment,276,A61,1 <= ... < 4 years,4,male : single,guarantor,1,if not A121 : building society savings agreement/ life insurance,19,none,own,1,unemployed/ unskilled - non-resident,1,none,yes,0.771
... < 0 DM,12,all credits at this bank paid back duly,furniture/equipment,1524,A62,1 <= ... < 4 years,4,male : single,guarantor,1,"if not A121/A122 : car or other, not in attribute 6",22,none,own,1,unemployed/ unskilled - non-resident,1,none,no,0.886
... < 0 DM,12,existing credits paid back duly till now,repairs,4656,A61,unemployed,4,male : single,guarantor,1,if not A121 : building society savings agreement/ life insurance,21,none,own,1,unskilled - resident,2,none,yes,0.756
... < 0 DM,12,existing credits paid back duly till now,furniture/equipment,1271,A61,1 <= ... < 4 years,4,male : single,guarantor,4,if not A121 : building society savings agreement/ life insurance,21,none,for free,1,unskilled - resident,2,none,no,0.746
... < 0 DM,31,existing credits paid back duly till now,furniture/equipment,1290,A61,1 <= ... < 4 years,4,male : single,guarantor,4,if not A121 : building society savings agreement/ life insurance,41,none,own,4,unskilled - resident,2,none,yes,0.708
... < 0 DM,4,existing credits paid back duly till now,furniture/equipment,276,A61,1 <= ... < 4 years,4,male : single,guarantor,1,if not A121 : building society savings agreement/ life insurance,19,none,own,1,unemployed/ unskilled - non-resident,1,none,yes,0.771
... < 0 DM,12,all credits at this bank paid back duly,furniture/equipment,1524,A62,1 <= ... < 4 years,4,male : single,guarantor,1,"if not A121/A122 : car or other, not in attribute 6",22,none,own,1,unemployed/ unskilled - non-resident,1,none,no,0.886
... < 0 DM,12,existing credits paid back duly till now,repairs,4656,A61,unemployed,4,male : single,guarantor,1,if not A121 : building society savings agreement/ life insurance,21,none,own,1,unskilled - resident,2,none,yes,0.756
... < 0 DM,12,existing credits paid back duly till now,furniture/equipment,1271,A61,1 <= ... < 4 years,4,male : single,guarantor,4,if not A121 : building society savings agreement/ life insurance,21,none,for free,1,unskilled - resident,2,none,no,0.746
... < 0 DM,31,existing credits paid back duly till now,furniture/equipment,1290,A61,1 <= ... < 4 years,4,male : single,guarantor,4,if not A121 : building society savings agreement/ life insurance,41,none,own,4,unskilled - resident,2,none,yes,0.708
