status_of_existing_checking_account,duration_in_month,credit_history,purpose,credit_amount,savings_account_bonds,present_employment_since,installment_rate_in_percentage_of_disposable_income,personal_status_and_sex,other_debtors_guarantors,present_residence_since,property,age_in_years,other_installment_plans,housing,number_of_existing_credits_at_this_bank,job,number_of_people_being_liable_to_provide_maintenance_for,telephone,foreign_worker,credit_risk
no checking account,4.0,all credits at this bank paid back duly,radio/television,276.0,A62,unemployed,1.0,male : married/widowed,co-applicant,1.0,unknown / no property,19.0,bank,own,1.0,management/ self-employed/ highly qualified employee/ officer,2.0,none,yes,0.015
... < 0 DM,16.0,existing credits paid back duly till now,repairs,276.0,A64,1 <= ... < 4 years,3.0,male : single,none,2.0,"if not A121/A122 : car or other, not in attribute 6",22.0,none,own,1.0,unskilled - resident,2.0,"yes, registered under the customers name",no,0.276
... >= 200 DM / salary assignments for at least 1 year,33.0,critical account/ other credits existing (not at this bank),domestic appliances,5078.0,A62,.. >= 7 years,4.0,male : single,none,1.0,real estate,40.0,none,rent,1.0,management/ self-employed/ highly qualified employee/ officer,2.0,none,yes,0.124
... < 0 DM,49.0,all credits at this bank paid back duly,car (new),9456.0,A65,1 <= ... < 4 years,4.0,female : divorced/separated/married,co-applicant,3.0,if not A121 : building society savings agreement/ life insurance,59.0,stores,own,2.0,unskilled - resident,2.0,none,yes,0.242
... < 0 DM,60.0,all credits at this bank paid back duly,car (new),15945.0,A62,unemployed,4.0,male : single,none,4.0,real estate,75.0,bank,own,3.0,unskilled - resident,2.0,"yes, registered under the customers name",no,0.085
no checking account,4.0,existing credits paid back duly till now,furniture/equipment,276.0,A64,... < 1 year,1.0,male : divorced/separated,none,1.0,if not A121 : building society savings agreement/ life insurance,19.0,none,own,4.0,skilled employee / official,1.0,none,yes,0.779
no checking account,14.0,all credits at this bank paid back duly,car (new),2906.0,A65,.. >= 7 years,2.0,male : single,none,2.0,"if not A121/A122 : car or other, not in attribute 6",38.0,none,for free,3.0,skilled employee / official,1.0,"yes, registered under the customers name",no,0.761
0 <= ... < 200 DM,32.0,existing credits paid back duly till now,car (new),6754.0,A63,... < 1 year,2.0,male : divorced/separated,guarantor,3.0,if not A121 : building society savings agreement/ life insurance,49.0,none,rent,4.0,unemployed/ unskilled - non-resident,1.0,"yes, registered under the customers name",yes,0.863
no checking account,47.0,delay in paying off in the past,furniture/equipment,12773.0,A61,.. >= 7 years,3.0,male : divorced/separated,none,3.0,"if not A121/A122 : car or other, not in attribute 6",75.0,none,for free,4.0,skilled employee / official,1.0,"yes, registered under the customers name",yes,0.728
0 <= ... < 200 DM,60.0,all credits at this bank paid back duly,car (new),15945.0,A65,... < 1 year,4.0,male : divorced/separated,none,4.0,if not A121 : building society savings agreement/ life insurance,54.0,none,for free,4.0,skilled employee / official,1.0,"yes, registered under the customers name",no,0.838
... < 0 DM,4.0,no credits taken/ all credits paid back duly,car (used),276.0,A62,unemployed,1.0,male : married/widowed,co-applicant,1.0,unknown / no property,19.0,bank,own,1.0,management/ self-employed/ highly qualified employee/ officer,2.0,"yes, registered under the customers name",yes,0.018
... >= 200 DM / salary assignments for at least 1 year,13.0,existing credits paid back duly till now,repairs,465.0,A64,.. >= 7 years,4.0,male : single,none,4.0,unknown / no property,26.0,bank,for free,1.0,unskilled - resident,2.0,none,no,0.178
no checking account,60.0,critical account/ other credits existing (not at this bank),domestic appliances,13728.0,A62,unemployed,1.0,male : single,none,1.0,real estate,19.0,none,rent,1.0,management/ self-employed/ highly qualified employee/ officer,2.0,none,yes,0.067
... < 0 DM,34.0,all credits at this bank paid back duly,car (used),6346.0,A61,4 <= ... < 7 years,4.0,male : married/widowed,co-applicant,4.0,unknown / no property,53.0,bank,for free,2.0,unskilled - resident,2.0,none,yes,0.132
... < 0 DM,60.0,all credits at this bank paid back duly,car (new),15945.0,A61,4 <= ... < 7 years,4.0,male : single,none,4.0,unknown / no property,75.0,stores,own,2.0,management/ self-employed/ highly qualified employee/ officer,2.0,"yes, registered under the customers name",no,0.082
... < 0 DM,4.0,delay in paying off in the past,business,276.0,A65,... < 1 year,1.0,male : divorced/separated,none,1.0,if not A121 : building society savings agreement/ life insurance,19.0,none,rent,4.0,unemployed/ unskilled - non-resident,1.0,"yes, registered under the customers name",yes,0.851
0 <= ... < 200 DM,4.0,delay in paying off in the past,education,276.0,A65,4 <= ... < 7 years,4.0,male : single,guarantor,4.0,"if not A121/A122 : car or other, not in attribute 6",24.0,none,for free,1.0,skilled employee / official,1.0,none,no,0.857
0 <= ... < 200 DM,18.0,all credits at this bank paid back duly,car (new),2972.0,A63,... < 1 year,4.0,male : divorced/separated,none,4.0,if not A121 : building society savings agreement/ life insurance,59.0,none,rent,4.0,skilled employee / official,1.0,none,yes,0.871
... < 0 DM,39.0,delay in paying off in the past,furniture/equipment,8118.0,A65,.. >= 7 years,4.0,male : single,none,4.0,"if not A121/A122 : car or other, not in attribute 6",75.0,none,for free,3.0,unemployed/ unskilled - non-resident,1.0,"yes, registered under the customers name",yes,0.82
0 <= ... < 200 DM,60.0,delay in paying off in the past,car (new),15945.0,A65,... < 1 year,4.0,male : divorced/separated,guarantor,4.0,if not A121 : building society savings agreement/ life insurance,75.0,none,rent,4.0,skilled employee / official,1.0,none,no,0.856
... >= 200 DM / salary assignments for at least 1 year,4.0,no credits taken/ all credits paid back duly,radio/television,276.0,A62,.. >= 7 years,1.0,female : divorced/separated/married,guarantor,1.0,unknown / no property,19.0,stores,own,1.0,management/ self-employed/ highly qualified employee/ officer,2.0,"yes, registered under the customers name",no,0.043
... < 0 DM,4.0,critical account/ other credits existing (not at this bank),car (used),1670.0,A61,1 <= ... < 4 years,4.0,female : divorced/separated/married,none,1.0,"if not A121/A122 : car or other, not in attribute 6",19.0,bank,own,1.0,unemployed/ unskilled - non-resident,1.0,none,yes,0.148
0 <= ... < 200 DM,19.0,existing credits paid back duly till now,radio/television,7104.0,A61,unemployed,4.0,male : married/widowed,none,4.0,"if not A121/A122 : car or other, not in attribute 6",28.0,stores,own,1.0,skilled employee / official,2.0,"yes, registered under the customers name",yes,0.138
0 <= ... < 200 DM,60.0,no credits taken/ all credits paid back duly,car (used),15945.0,A62,1 <= ... < 4 years,4.0,male : married/widowed,co-applicant,1.0,unknown / no property,42.0,bank,own,1.0,management/ self-employed/ highly qualified employee/ officer,2.0,"yes, registered under the customers name",no,0.011
... >= 200 DM / salary assignments for at least 1 year,46.0,existing credits paid back duly till now,repairs,11664.0,A62,... < 1 year,4.0,female : divorced/separated/married,none,4.0,"if not A121/A122 : car or other, not in attribute 6",75.0,none,own,4.0,skilled employee / official,2.0,none,yes,0.297
... < 0 DM,4.0,no credits taken/ all credits paid back duly,radio/television,276.0,A62,unemployed,1.0,male : married/widowed,co-applicant,1.0,real estate,19.0,bank,own,2.0,skilled employee / official,2.0,none,yes,0.033
... >= 200 DM / salary assignments for at least 1 year,31.0,critical account/ other credits existing (not at this bank),domestic appliances,2177.0,A61,1 <= ... < 4 years,2.0,male : single,guarantor,2.0,unknown / no property,25.0,bank,for free,1.0,unskilled - resident,2.0,"yes, registered under the customers name",yes,0.177
0 <= ... < 200 DM,48.0,no credits taken/ all credits paid back duly,repairs,7119.0,A64,1 <= ... < 4 years,3.0,male : single,none,4.0,unknown / no property,45.0,none,rent,1.0,management/ self-employed/ highly qualified employee/ officer,2.0,none,yes,0.142
... < 0 DM,60.0,no credits taken/ all credits paid back duly,car (used),13084.0,A61,unemployed,4.0,male : married/widowed,none,4.0,real estate,65.0,none,for free,4.0,skilled employee / official,2.0,none,no,0.271
no checking account,60.0,delay in paying off in the past,furniture/equipment,15945.0,A63,1 <= ... < 4 years,4.0,male : single,guarantor,4.0,unknown / no property,75.0,stores,own,1.0,management/ self-employed/ highly qualified employee/ officer,2.0,"yes, registered under the customers name",yes,0.066
no checking account,4.0,critical account/ other credits existing (not at this bank),radio/television,276.0,A61,unemployed,2.0,female : divorced/separated/married,co-applicant,1.0,real estate,19.0,bank,rent,1.0,unemployed/ unskilled - non-resident,1.0,"yes, registered under the customers name",yes,0.124
... < 0 DM,15.0,all credits at this bank paid back duly,others,276.0,A65,.. >= 7 years,3.0,male : single,none,2.0,"if not A121/A122 : car or other, not in attribute 6",28.0,stores,own,1.0,management/ self-employed/ highly qualified employee/ officer,2.0,none,no,0.1
... < 0 DM,41.0,all credits at this bank paid back duly,others,6075.0,A65,.. >= 7 years,4.0,male : single,none,4.0,"if not A121/A122 : car or other, not in attribute 6",57.0,stores,own,1.0,management/ self-employed/ highly qualified employee/ officer,1.0,"yes, registered under the customers name",yes,0.161
... < 0 DM,60.0,no credits taken/ all credits paid back duly,others,15945.0,A62,unemployed,4.0,male : single,none,1.0,unknown / no property,75.0,stores,own,3.0,management/ self-employed/ highly qualified employee/ officer,2.0,"yes, registered under the customers name",yes,0.028
... >= 200 DM / salary assignments for at least 1 year,56.0,all credits at this bank paid back duly,business,10547.0,A65,.. >= 7 years,2.0,male : married/widowed,co-applicant,4.0,real estate,69.0,bank,for free,2.0,unskilled - resident,2.0,none,no,0.092
no checking account,4.0,no credits taken/ all credits paid back duly,radio/television,276.0,A62,unemployed,1.0,male : married/widowed,co-applicant,1.0,unknown / no property,19.0,bank,own,1.0,management/ self-employed/ highly qualified employee/ officer,2.0,none,yes,0.012
... >= 200 DM / salary assignments for at least 1 year,29.0,delay in paying off in the past,business,276.0,A61,.. >= 7 years,3.0,male : single,guarantor,3.0,real estate,19.0,none,own,1.0,unskilled - resident,1.0,none,no,0.258
0 <= ... < 200 DM,49.0,existing credits paid back duly till now,radio/television,3763.0,A62,unemployed,4.0,male : single,none,4.0,real estate,25.0,bank,own,1.0,management/ self-employed/ highly qualified employee/ officer,2.0,"yes, registered under the customers name",yes,0.027
0 <= ... < 200 DM,60.0,existing credits paid back duly till now,car (used),11053.0,A61,4 <= ... < 7 years,4.0,male : married/widowed,none,4.0,unknown / no property,44.0,none,own,2.0,skilled employee / official,2.0,none,yes,0.156
... < 0 DM,60.0,existing credits paid back duly till now,radio/television,15945.0,A61,.. >= 7 years,4.0,male : single,co-applicant,4.0,real estate,75.0,stores,own,4.0,management/ self-employed/ highly qualified employee/ officer,2.0,none,no,0.032
... < 0 DM,4.0,no credits taken/ all credits paid back duly,car (used),276.0,A62,unemployed,1.0,female : divorced/separated/married,none,1.0,"if not A121/A122 : car or other, not in attribute 6",19.0,bank,own,1.0,management/ self-employed/ highly qualified employee/ officer,1.0,"yes, registered under the customers name",no,0.074
... >= 200 DM / salary assignments for at least 1 year,4.0,no credits taken/ all credits paid back duly,radio/television,15945.0,A62,1 <= ... < 4 years,2.0,female : divorced/separated/married,guarantor,1.0,unknown / no property,19.0,bank,rent,1.0,management/ self-employed/ highly qualified employee/ officer,2.0,none,yes,0.036
... < 0 DM,23.0,delay in paying off in the past,domestic appliances,1204.0,A61,.. >= 7 years,4.0,male : single,none,2.0,real estate,19.0,bank,rent,1.0,unemployed/ unskilled - non-resident,2.0,none,yes,0.125
... < 0 DM,45.0,existing credits paid back duly till now,car (used),7527.0,A61,... < 1 year,4.0,female : divorced/separated/married,none,3.0,"if not A121/A122 : car or other, not in attribute 6",40.0,none,own,1.0,skilled employee / official,2.0,"yes, registered under the customers name",no,0.338
... < 0 DM,60.0,critical account/ other credits existing (not at this bank),car (used),15945.0,A62,unemployed,4.0,female : divorced/separated/married,none,4.0,unknown / no property,75.0,bank,own,1.0,management/ self-employed/ highly qualified employee/ officer,2.0,none,yes,0.021
no checking account,4.0,all credits at this bank paid back duly,radio/television,588.0,A61,1 <= ... < 4 years,3.0,male : single,none,1.0,unknown / no property,19.0,bank,for free,1.0,skilled employee / official,1.0,none,no,0.204
... >= 200 DM / salary assignments for at least 1 year,21.0,no credits taken/ all credits paid back duly,radio/television,5471.0,A62,4 <= ... < 7 years,4.0,male : divorced/separated,none,1.0,real estate,30.0,none,for free,1.0,management/ self-employed/ highly qualified employee/ officer,2.0,none,yes,0.191
... < 0 DM,45.0,all credits at this bank paid back duly,car (used),11386.0,A61,unemployed,4.0,male : divorced/separated,co-applicant,1.0,unknown / no property,52.0,stores,for free,1.0,skilled employee / official,2.0,none,yes,0.212
... < 0 DM,60.0,all credits at this bank paid back duly,radio/television,15945.0,A64,1 <= ... < 4 years,4.0,male : divorced/separated,none,4.0,unknown / no property,75.0,bank,own,1.0,management/ self-employed/ highly qualified employee/ officer,2.0,"yes, registered under the customers name",no,0.059
no checking account,4.0,critical account/ other credits existing (not at this bank),education,276.0,A62,1 <= ... < 4 years,1.0,female : divorced/separated/married,none,1.0,unknown / no property,19.0,bank,own,1.0,management/ self-employed/ highly qualified employee/ officer,2.0,none,yes,0.059
... >= 200 DM / salary assignments for at least 1 year,60.0,existing credits paid back duly till now,others,947.0,A61,4 <= ... < 7 years,2.0,male : single,none,2.0,unknown / no property,19.0,bank,for free,1.0,skilled employee / official,2.0,none,no,0.188
no checking account,60.0,no credits taken/ all credits paid back duly,car (used),6287.0,A62,unemployed,3.0,male : single,co-applicant,3.0,unknown / no property,33.0,stores,rent,1.0,management/ self-employed/ highly qualified employee/ officer,1.0,"yes, registered under the customers name",yes,0.036
0 <= ... < 200 DM,60.0,existing credits paid back duly till now,education,13299.0,A61,1 <= ... < 4 years,4.0,male : married/widowed,co-applicant,4.0,real estate,50.0,bank,for free,1.0,skilled employee / official,2.0,none,yes,0.175
... >= 200 DM / salary assignments for at least 1 year,60.0,delay in paying off in the past,repairs,15945.0,A62,.. >= 7 years,4.0,male : single,none,4.0,unknown / no property,75.0,bank,own,1.0,management/ self-employed/ highly qualified employee/ officer,2.0,"yes, registered under the customers name",no,0.013
no checking account,4.0,delay in paying off in the past,furniture/equipment,276.0,A65,... < 1 year,1.0,male : divorced/separated,none,1.0,"if not A121/A122 : car or other, not in attribute 6",19.0,none,own,3.0,unemployed/ unskilled - non-resident,1.0,none,yes,0.748
0 <= ... < 200 DM,7.0,all credits at this bank paid back duly,furniture/equipment,276.0,A61,.. >= 7 years,1.0,female : divorced/separated/married,guarantor,4.0,if not A121 : building society savings agreement/ life insurance,22.0,none,for free,3.0,skilled employee / official,1.0,"yes, registered under the customers name",no,0.769
... < 0 DM,21.0,delay in paying off in the past,retraining,4451.0,A65,... < 1 year,2.0,male : single,guarantor,4.0,if not A121 : building society savings agreement/ life insurance,39.0,stores,for free,4.0,unskilled - resident,1.0,none,yes,0.813
... < 0 DM,40.0,critical account/ other credits existing (not at this bank),furniture/equipment,9364.0,A61,.. >= 7 years,4.0,female : divorced/separated/married,none,4.0,if not A121 : building society savings agreement/ life insurance,75.0,none,rent,4.0,unemployed/ unskilled - non-resident,1.0,none,yes,0.754
0 <= ... < 200 DM,60.0,all credits at this bank paid back duly,furniture/equipment,15945.0,A65,1 <= ... < 4 years,2.0,male : divorced/separated,none,4.0,if not A121 : building society savings agreement/ life insurance,41.0,none,rent,4.0,skilled employee / official,1.0,"yes, registered under the customers name",no,0.819
... < 0 DM,4.0,existing credits paid back duly till now,car (used),276.0,A61,4 <= ... < 7 years,1.0,male : married/widowed,co-applicant,1.0,unknown / no property,19.0,bank,own,1.0,unskilled - resident,2.0,"yes, registered under the customers name",yes,0.08
no checking account,8.0,no credits taken/ all credits paid back duly,repairs,276.0,A64,.. >= 7 years,3.0,male : single,none,1.0,real estate,19.0,none,own,1.0,skilled employee / official,2.0,none,no,0.182
... >= 200 DM / salary assignments for at least 1 year,26.0,critical account/ other credits existing (not at this bank),radio/television,5549.0,A62,unemployed,4.0,male : single,none,2.0,real estate,29.0,bank,rent,1.0,management/ self-employed/ highly qualified employee/ officer,1.0,"yes, registered under the customers name",yes,0.061
... < 0 DM,42.0,existing credits paid back duly till now,car (used),9771.0,A61,4 <= ... < 7 years,4.0,male : married/widowed,co-applicant,3.0,unknown / no property,46.0,none,own,1.0,skilled employee / official,2.0,none,yes,0.115
no checking account,60.0,existing credits paid back duly till now,car (new),15945.0,A62,4 <= ... < 7 years,4.0,male : single,none,4.0,real estate,75.0,stores,own,1.0,skilled employee / official,2.0,none,no,0.112
... >= 200 DM / salary assignments for at least 1 year,4.0,no credits taken/ all credits paid back duly,radio/television,276.0,A62,unemployed,1.0,male : married/widowed,co-applicant,1.0,unknown / no property,19.0,bank,own,1.0,management/ self-employed/ highly qualified employee/ officer,2.0,none,yes,0.015
... < 0 DM,24.0,no credits taken/ all credits paid back duly,business,6191.0,A61,.. >= 7 years,1.0,male : single,none,2.0,"if not A121/A122 : car or other, not in attribute 6",19.0,none,own,1.0,skilled employee / official,2.0,"yes, registered under the customers name",no,0.214
... >= 200 DM / salary assignments for at least 1 year,45.0,no credits taken/ all credits paid back duly,repairs,12192.0,A64,unemployed,2.0,male : single,none,4.0,real estate,21.0,stores,rent,1.0,unemployed/ unskilled - non-resident,1.0,none,yes,0.094
... < 0 DM,60.0,critical account/ other credits existing (not at this bank),business,15945.0,A61,.. >= 7 years,3.0,male : married/widowed,co-applicant,4.0,"if not A121/A122 : car or other, not in attribute 6",45.0,stores,rent,1.0,skilled employee / official,2.0,none,yes,0.135
no checking account,60.0,no credits taken/ all credits paid back duly,business,15945.0,A61,1 <= ... < 4 years,4.0,male : single,none,4.0,unknown / no property,75.0,bank,own,4.0,management/ self-employed/ highly qualified employee/ officer,2.0,"yes, registered under the customers name",no,0.028
... < 0 DM,11.0,no credits taken/ all credits paid back duly,radio/television,2202.0,A62,.. >= 7 years,1.0,male : married/widowed,co-applicant,1.0,unknown / no property,19.0,bank,own,1.0,unemployed/ unskilled - non-resident,2.0,"yes, registered under the customers name",yes,0.026
no checking account,4.0,critical account/ other credits existing (not at this bank),business,276.0,A61,unemployed,4.0,male : single,none,1.0,"if not A121/A122 : car or other, not in attribute 6",31.0,stores,own,1.0,management/ self-employed/ highly qualified employee/ officer,1.0,none,no,0.1
no checking account,29.0,critical account/ other credits existing (not at this bank),business,7107.0,A61,unemployed,4.0,male : single,none,3.0,"if not A121/A122 : car or other, not in attribute 6",59.0,stores,own,3.0,management/ self-employed/ highly qualified employee/ officer,1.0,"yes, registered under the customers name",yes,0.1
no checking account,60.0,existing credits paid back duly till now,business,15945.0,A63,... < 1 year,4.0,male : divorced/separated,none,4.0,"if not A121/A122 : car or other, not in attribute 6",75.0,stores,own,4.0,management/ self-employed/ highly qualified employee/ officer,2.0,"yes, registered under the customers name",yes,0.247
... >= 200 DM / salary assignments for at least 1 year,48.0,critical account/ other credits existing (not at this bank),business,12248.0,A61,unemployed,3.0,male : married/widowed,co-applicant,4.0,unknown / no property,73.0,bank,own,2.0,unskilled - resident,2.0,none,no,0.027
no checking account,29.0,critical account/ other credits existing (not at this bank),business,7106.0,A61,unemployed,4.0,male : single,none,3.0,"if not A121/A122 : car or other, not in attribute 6",59.0,stores,own,3.0,management/ self-employed/ highly qualified employee/ officer,1.0,"yes, registered under the customers name",yes,0.1
0 <= ... < 200 DM,4.0,existing credits paid back duly till now,radio/television,276.0,A62,unemployed,1.0,male : single,co-applicant,1.0,real estate,19.0,bank,own,1.0,skilled employee / official,2.0,none,yes,0.043
... >= 200 DM / salary assignments for at least 1 year,16.0,critical account/ other credits existing (not at this bank),others,385.0,A61,.. >= 7 years,4.0,female : divorced/separated/married,guarantor,2.0,"if not A121/A122 : car or other, not in attribute 6",31.0,stores,own,1.0,unemployed/ unskilled - non-resident,1.0,"yes, registered under the customers name",yes,0.245
... >= 200 DM / salary assignments for at least 1 year,60.0,no credits taken/ all credits paid back duly,repairs,13690.0,A62,1 <= ... < 4 years,1.0,female : divorced/separated/married,co-applicant,1.0,unknown / no property,19.0,none,own,1.0,management/ self-employed/ highly qualified employee/ officer,1.0,"yes, registered under the customers name",yes,0.039
... < 0 DM,34.0,existing credits paid back duly till now,radio/television,5610.0,A61,unemployed,4.0,male : married/widowed,none,3.0,"if not A121/A122 : car or other, not in attribute 6",54.0,none,own,1.0,management/ self-employed/ highly qualified employee/ officer,2.0,none,no,0.101
... < 0 DM,60.0,existing credits paid back duly till now,car (used),15945.0,A61,unemployed,4.0,female : divorced/separated/married,none,4.0,"if not A121/A122 : car or other, not in attribute 6",75.0,stores,own,1.0,skilled employee / official,2.0,none,yes,0.116
0 <= ... < 200 DM,4.0,delay in paying off in the past,car (new),276.0,A65,... < 1 year,1.0,male : married/widowed,none,1.0,if not A121 : building society savings agreement/ life insurance,19.0,none,own,1.0,unskilled - resident,1.0,"yes, registered under the customers name",no,0.751
no checking account,7.0,all credits at this bank paid back duly,business,276.0,A63,1 <= ... < 4 years,1.0,male : divorced/separated,none,4.0,"if not A121/A122 : car or other, not in attribute 6",30.0,none,rent,3.0,skilled employee / official,1.0,none,yes,0.781
... >= 200 DM / salary assignments for at least 1 year,31.0,delay in paying off in the past,retraining,276.0,A64,... < 1 year,2.0,male : divorced/separated,guarantor,4.0,real estate,58.0,stores,for free,4.0,skilled employee / official,1.0,"yes, registered under the customers name",yes,0.755
no checking account,49.0,critical account/ other credits existing (not at this bank),car (new),6941.0,A64,1 <= ... < 4 years,3.0,male : divorced/separated,none,4.0,if not A121 : building society savings agreement/ life insurance,75.0,none,rent,4.0,unemployed/ unskilled - non-resident,1.0,"yes, registered under the customers name",no,0.776
0 <= ... < 200 DM,60.0,existing credits paid back duly till now,retraining,15945.0,A63,... < 1 year,4.0,male : divorced/separated,none,4.0,if not A121 : building society savings agreement/ life insurance,40.0,none,for free,4.0,skilled employee / official,1.0,none,yes,0.8
... < 0 DM,4.0,existing credits paid back duly till now,radio/television,276.0,A62,.. >= 7 years,2.0,male : single,guarantor,2.0,real estate,19.0,bank,own,1.0,unskilled - resident,2.0,none,yes,0.06
no checking account,20.0,existing credits paid back duly till now,car (used),4152.0,A63,.. >= 7 years,4.0,male : single,none,4.0,"if not A121/A122 : car or other, not in attribute 6",19.0,stores,own,1.0,management/ self-employed/ highly qualified employee/ officer,1.0,"yes, registered under the customers name",no,0.14
no checking account,30.0,critical account/ other credits existing (not at this bank),repairs,15945.0,A61,unemployed,1.0,male : single,co-applicant,1.0,unknown / no property,19.0,none,own,1.0,management/ self-employed/ highly qualified employee/ officer,1.0,none,yes,0.03
... < 0 DM,54.0,existing credits paid back duly till now,radio/television,9171.0,A65,unemployed,4.0,male : married/widowed,none,4.0,real estate,45.0,stores,own,1.0,skilled employee / official,2.0,none,yes,0.083
0 <= ... < 200 DM,60.0,no credits taken/ all credits paid back duly,car (used),15945.0,A64,.. >= 7 years,4.0,male : single,co-applicant,4.0,unknown / no property,75.0,bank,own,1.0,management/ self-employed/ highly qualified employee/ officer,2.0,"yes, registered under the customers name",no,0.011
0 <= ... < 200 DM,4.0,existing credits paid back duly till now,business,276.0,A62,1 <= ... < 4 years,1.0,male : single,co-applicant,1.0,unknown / no property,19.0,bank,own,1.0,skilled employee / official,2.0,"yes, registered under the customers name",yes,0.058
no checking account,15.0,critical account/ other credits existing (not at this bank),others,15945.0,A61,1 <= ... < 4 years,1.0,female : divorced/separated/married,guarantor,1.0,if not A121 : building society savings agreement/ life insurance,19.0,none,own,1.0,unemployed/ unskilled - non-resident,1.0,none,yes,0.317
0 <= ... < 200 DM,48.0,existing credits paid back duly till now,business,15945.0,A61,unemployed,2.0,male : single,none,2.0,"if not A121/A122 : car or other, not in attribute 6",21.0,none,own,1.0,skilled employee / official,1.0,"yes, registered under the customers name",yes,0.263
0 <= ... < 200 DM,60.0,existing credits paid back duly till now,car (used),15945.0,A62,1 <= ... < 4 years,4.0,male : married/widowed,none,4.0,"if not A121/A122 : car or other, not in attribute 6",52.0,none,rent,1.0,skilled employee / official,2.0,"yes, registered under the customers name",no,0.226
no checking account,60.0,delay in paying off in the past,business,9553.0,A61,1 <= ... < 4 years,4.0,male : single,none,4.0,"if not A121/A122 : car or other, not in attribute 6",75.0,stores,own,4.0,unemployed/ unskilled - non-resident,1.0,none,yes,0.26
no checking account,60.0,no credits taken/ all credits paid back duly,car (used),6288.0,A62,unemployed,3.0,male : single,co-applicant,3.0,unknown / no property,33.0,stores,rent,1.0,management/ self-employed/ highly qualified employee/ officer,1.0,"yes, registered under the customers name",yes,0.036
0 <= ... < 200 DM,60.0,existing credits paid back duly till now,education,13302.0,A61,1 <= ... < 4 years,4.0,male : married/widowed,co-applicant,4.0,real estate,50.0,bank,for free,1.0,skilled employee / official,2.0,none,yes,0.175
0 <= ... < 200 DM,4.0,existing credits paid back duly till now,retraining,276.0,A65,... < 1 year,1.0,male : divorced/separated,none,1.0,if not A121 : building society savings agreement/ life insurance,19.0,none,for free,4.0,unemployed/ unskilled - non-resident,1.0,none,yes,0.864
... < 0 DM,5.0,all credits at this bank paid back duly,furniture/equipment,276.0,A65,1 <= ... < 4 years,2.0,male : single,guarantor,3.0,"if not A121/A122 : car or other, not in attribute 6",31.0,none,rent,2.0,skilled employee / official,1.0,"yes, registered under the customers name",no,0.742
0 <= ... < 200 DM,21.0,delay in paying off in the past,retraining,4003.0,A63,4 <= ... < 7 years,3.0,male : single,none,4.0,"if not A121/A122 : car or other, not in attribute 6",45.0,none,own,3.0,unskilled - resident,1.0,"yes, registered under the customers name",yes,0.791
... < 0 DM,41.0,existing credits paid back duly till now,furniture/equipment,9358.0,A65,... < 1 year,4.0,male : single,none,4.0,if not A121 : building society savings agreement/ life insurance,75.0,none,for free,3.0,unemployed/ unskilled - non-resident,1.0,"yes, registered under the customers name",yes,0.876
0 <= ... < 200 DM,60.0,all credits at this bank paid back duly,furniture/equipment,15945.0,A65,4 <= ... < 7 years,3.0,male : divorced/separated,guarantor,4.0,"if not A121/A122 : car or other, not in attribute 6",51.0,none,rent,4.0,skilled employee / official,1.0,none,no,0.798
... < 0 DM,23.0,delay in paying off in the past,domestic appliances,1203.0,A61,.. >= 7 years,4.0,male : single,none,2.0,real estate,19.0,bank,rent,1.0,unemployed/ unskilled - non-resident,2.0,none,yes,0.125
no checking account,18.0,critical account/ other credits existing (not at this bank),others,15945.0,A61,1 <= ... < 4 years,1.0,female : divorced/separated/married,guarantor,1.0,"if not A121/A122 : car or other, not in attribute 6",19.0,bank,own,1.0,unemployed/ unskilled - non-resident,1.0,none,yes,0.146
... < 0 DM,60.0,delay in paying off in the past,business,9531.0,A61,1 <= ... < 4 years,4.0,male : single,none,4.0,"if not A121/A122 : car or other, not in attribute 6",75.0,stores,own,4.0,unemployed/ unskilled - non-resident,1.0,none,yes,0.313
0 <= ... < 200 DM,19.0,existing credits paid back duly till now,radio/television,7107.0,A61,unemployed,4.0,male : married/widowed,none,4.0,"if not A121/A122 : car or other, not in attribute 6",28.0,stores,own,1.0,skilled employee / official,2.0,"yes, registered under the customers name",yes,0.138
... >= 200 DM / salary assignments for at least 1 year,46.0,existing credits paid back duly till now,repairs,11669.0,A62,... < 1 year,4.0,female : divorced/separated/married,none,4.0,"if not A121/A122 : car or other, not in attribute 6",75.0,none,own,4.0,skilled employee / official,2.0,none,yes,0.297
0 <= ... < 200 DM,16.0,critical account/ other credits existing (not at this bank),business,276.0,A61,1 <= ... < 4 years,3.0,male : single,none,1.0,"if not A121/A122 : car or other, not in attribute 6",19.0,bank,own,1.0,unskilled - resident,2.0,"yes, registered under the customers name",no,0.123
no checking account,37.0,all credits at this bank paid back duly,car (used),5873.0,A63,.. >= 7 years,4.0,male : single,none,2.0,if not A121 : building society savings agreement/ life insurance,19.0,none,own,1.0,management/ self-employed/ highly qualified employee/ officer,1.0,none,yes,0.274
0 <= ... < 200 DM,56.0,no credits taken/ all credits paid back duly,radio/television,10663.0,A63,1 <= ... < 4 years,4.0,female : divorced/separated/married,none,3.0,real estate,45.0,stores,own,4.0,unskilled - resident,1.0,none,yes,0.191
0 <= ... < 200 DM,60.0,critical account/ other credits existing (not at this bank),radio/television,15945.0,A63,1 <= ... < 4 years,4.0,male : single,co-applicant,4.0,if not A121 : building society savings agreement/ life insurance,75.0,bank,own,2.0,unskilled - resident,2.0,"yes, registered under the customers name",no,0.09
... >= 200 DM / salary assignments for at least 1 year,4.0,critical account/ other credits existing (not at this bank),car (used),276.0,A61,unemployed,1.0,male : married/widowed,co-applicant,1.0,real estate,19.0,bank,own,1.0,unskilled - resident,2.0,none,yes,0.047
... < 0 DM,14.0,critical account/ other credits existing (not at this bank),business,276.0,A64,.. >= 7 years,4.0,male : single,none,3.0,"if not A121/A122 : car or other, not in attribute 6",51.0,bank,own,1.0,management/ self-employed/ highly qualified employee/ officer,1.0,"yes, registered under the customers name",no,0.097
no checking account,60.0,critical account/ other credits existing (not at this bank),domestic appliances,13179.0,A62,.. >= 7 years,1.0,male : single,none,1.0,unknown / no property,19.0,none,own,1.0,unskilled - resident,1.0,none,yes,0.136
... < 0 DM,36.0,no credits taken/ all credits paid back duly,car (new),5003.0,A61,unemployed,4.0,female : divorced/separated/married,co-applicant,4.0,"if not A121/A122 : car or other, not in attribute 6",75.0,none,own,2.0,unskilled - resident,2.0,none,yes,0.248
... < 0 DM,60.0,critical account/ other credits existing (not at this bank),car (new),15945.0,A61,.. >= 7 years,4.0,male : single,none,4.0,"if not A121/A122 : car or other, not in attribute 6",75.0,stores,own,4.0,management/ self-employed/ highly qualified employee/ officer,2.0,"yes, registered under the customers name",no,0.095
... < 0 DM,4.0,delay in paying off in the past,retraining,276.0,A65,... < 1 year,1.0,male : divorced/separated,none,1.0,"if not A121/A122 : car or other, not in attribute 6",19.0,none,for free,4.0,skilled employee / official,1.0,none,yes,0.87
0 <= ... < 200 DM,4.0,all credits at this bank paid back duly,car (new),276.0,A63,1 <= ... < 4 years,1.0,female : divorced/separated/married,guarantor,4.0,if not A121 : building society savings agreement/ life insurance,34.0,none,rent,1.0,unskilled - resident,1.0,"yes, registered under the customers name",yes,0.768
no checking account,24.0,delay in paying off in the past,furniture/equipment,4072.0,A65,... < 1 year,1.0,female : divorced/separated/married,none,4.0,if not A121 : building society savings agreement/ life insurance,57.0,none,own,2.0,unemployed/ unskilled - non-resident,1.0,"yes, registered under the customers name",no,0.758
0 <= ... < 200 DM,44.0,existing credits paid back duly till now,furniture/equipment,9277.0,A65,1 <= ... < 4 years,3.0,female : divorced/separated/married,none,4.0,"if not A121/A122 : car or other, not in attribute 6",75.0,none,for free,3.0,unskilled - resident,1.0,none,yes,0.767
... < 0 DM,60.0,all credits at this bank paid back duly,car (new),15945.0,A63,... < 1 year,4.0,male : divorced/separated,guarantor,4.0,if not A121 : building society savings agreement/ life insurance,75.0,none,rent,4.0,unskilled - resident,1.0,"yes, registered under the customers name",yes,0.799
0 <= ... < 200 DM,4.0,existing credits paid back duly till now,car (new),276.0,A64,... < 1 year,1.0,male : divorced/separated,none,1.0,if not A121 : building society savings agreement/ life insurance,19.0,none,own,1.0,unskilled - resident,1.0,"yes, registered under the customers name",yes,0.761
no checking account,7.0,all credits at this bank paid back duly,retraining,276.0,A65,1 <= ... < 4 years,2.0,female : divorced/separated/married,none,2.0,"if not A121/A122 : car or other, not in attribute 6",26.0,none,rent,4.0,skilled employee / official,1.0,none,yes,0.805
... < 0 DM,29.0,delay in paying off in the past,furniture/equipment,276.0,A61,... < 1 year,2.0,male : divorced/separated,guarantor,4.0,"if not A121/A122 : car or other, not in attribute 6",58.0,none,for free,4.0,skilled employee / official,1.0,none,no,0.828
no checking account,43.0,critical account/ other credits existing (not at this bank),retraining,7887.0,A61,1 <= ... < 4 years,4.0,female : divorced/separated/married,none,3.0,if not A121 : building society savings agreement/ life insurance,62.0,none,rent,4.0,unemployed/ unskilled - non-resident,1.0,none,yes,0.762
no checking account,60.0,delay in paying off in the past,furniture/equipment,15945.0,A65,... < 1 year,4.0,male : divorced/separated,none,4.0,if not A121 : building society savings agreement/ life insurance,75.0,none,for free,3.0,skilled employee / official,1.0,"yes, registered under the customers name",yes,0.841
... < 0 DM,24.0,no credits taken/ all credits paid back duly,business,6188.0,A61,.. >= 7 years,1.0,male : single,none,2.0,"if not A121/A122 : car or other, not in attribute 6",19.0,none,own,1.0,skilled employee / official,2.0,"yes, registered under the customers name",no,0.214
... >= 200 DM / salary assignments for at least 1 year,45.0,no credits taken/ all credits paid back duly,repairs,12190.0,A64,unemployed,2.0,male : single,none,4.0,real estate,21.0,stores,rent,1.0,unemployed/ unskilled - non-resident,1.0,none,yes,0.094
no checking account,37.0,all credits at this bank paid back duly,car (used),5872.0,A63,.. >= 7 years,4.0,male : single,none,2.0,if not A121 : building society savings agreement/ life insurance,19.0,none,own,1.0,management/ self-employed/ highly qualified employee/ officer,1.0,none,yes,0.274
0 <= ... < 200 DM,56.0,no credits taken/ all credits paid back duly,radio/television,10661.0,A63,1 <= ... < 4 years,4.0,female : divorced/separated/married,none,3.0,real estate,45.0,stores,own,4.0,unskilled - resident,1.0,none,yes,0.191
0 <= ... < 200 DM,4.0,critical account/ other credits existing (not at this bank),retraining,276.0,A63,... < 1 year,1.0,male : divorced/separated,none,1.0,"if not A121/A122 : car or other, not in attribute 6",19.0,none,for free,3.0,unskilled - resident,1.0,"yes, registered under the customers name",no,0.812
0 <= ... < 200 DM,4.0,delay in paying off in the past,education,276.0,A65,4 <= ... < 7 years,4.0,male : single,guarantor,2.0,if not A121 : building society savings agreement/ life insurance,29.0,none,rent,4.0,unemployed/ unskilled - non-resident,1.0,"yes, registered under the customers name",yes,0.887
... >= 200 DM / salary assignments for at least 1 year,15.0,existing credits paid back duly till now,retraining,2770.0,A63,... < 1 year,4.0,male : divorced/separated,guarantor,3.0,if not A121 : building society savings agreement/ life insurance,57.0,none,for free,4.0,skilled employee / official,1.0,none,yes,0.834
... < 0 DM,35.0,critical account/ other credits existing (not at this bank),car (new),7973.0,A65,4 <= ... < 7 years,4.0,male : single,guarantor,4.0,real estate,72.0,none,for free,4.0,skilled employee / official,1.0,"yes, registered under the customers name",no,0.787
0 <= ... < 200 DM,60.0,delay in paying off in the past,education,15945.0,A65,... < 1 year,4.0,male : divorced/separated,guarantor,4.0,if not A121 : building society savings agreement/ life insurance,75.0,none,rent,3.0,unemployed/ unskilled - non-resident,1.0,"yes, registered under the customers name",yes,0.881
... < 0 DM,4.0,no credits taken/ all credits paid back duly,car (used),276.0,A62,unemployed,1.0,male : married/widowed,guarantor,1.0,unknown / no property,19.0,bank,own,1.0,management/ self-employed/ highly qualified employee/ officer,2.0,"yes, registered under the customers name",yes,0.028
... >= 200 DM / salary assignments for at least 1 year,6.0,critical account/ other credits existing (not at this bank),radio/television,638.0,A61,.. >= 7 years,4.0,male : single,none,1.0,"if not A121/A122 : car or other, not in attribute 6",19.0,none,own,1.0,unemployed/ unskilled - non-resident,1.0,none,no,0.273
no checking account,26.0,no credits taken/ all credits paid back duly,radio/television,8171.0,A62,unemployed,1.0,male : single,co-applicant,2.0,if not A121 : building society savings agreement/ life insurance,19.0,bank,rent,1.0,skilled employee / official,2.0,none,yes,0.073
no checking account,41.0,existing credits paid back duly till now,car (used),10644.0,A61,4 <= ... < 7 years,4.0,male : married/widowed,none,3.0,"if not A121/A122 : car or other, not in attribute 6",45.0,none,own,1.0,skilled employee / official,1.0,none,yes,0.284
... >= 200 DM / salary assignments for at least 1 year,60.0,existing credits paid back duly till now,radio/television,15945.0,A61,4 <= ... < 7 years,4.0,male : single,none,4.0,unknown / no property,75.0,stores,own,4.0,management/ self-employed/ highly qualified employee/ officer,2.0,none,yes,0.036
0 <= ... < 200 DM,29.0,all credits at this bank paid back duly,car (new),276.0,A65,.. >= 7 years,1.0,male : divorced/separated,none,1.0,if not A121 : building society savings agreement/ life insurance,20.0,none,for free,1.0,skilled employee / official,1.0,none,no,0.798
no checking account,4.0,delay in paying off in the past,retraining,276.0,A64,... < 1 year,2.0,male : divorced/separated,none,4.0,if not A121 : building society savings agreement/ life insurance,19.0,none,own,4.0,unemployed/ unskilled - non-resident,1.0,"yes, registered under the customers name",yes,0.826
0 <= ... < 200 DM,4.0,existing credits paid back duly till now,car (new),276.0,A65,1 <= ... < 4 years,4.0,female : divorced/separated/married,none,4.0,"if not A121/A122 : car or other, not in attribute 6",46.0,none,rent,2.0,skilled employee / official,1.0,none,yes,0.803
0 <= ... < 200 DM,32.0,critical account/ other credits existing (not at this bank),furniture/equipment,6172.0,A64,1 <= ... < 4 years,4.0,female : divorced/separated/married,none,4.0,if not A121 : building society savings agreement/ life insurance,71.0,none,own,4.0,unskilled - resident,1.0,none,yes,0.675
0 <= ... < 200 DM,60.0,all credits at this bank paid back duly,car (new),15312.0,A63,... < 1 year,4.0,male : divorced/separated,none,4.0,"if not A121/A122 : car or other, not in attribute 6",75.0,none,for free,4.0,skilled employee / official,1.0,"yes, registered under the customers name",yes,0.822
0 <= ... < 200 DM,4.0,no credits taken/ all credits paid back duly,car (used),276.0,A62,unemployed,2.0,male : single,co-applicant,2.0,unknown / no property,19.0,bank,own,1.0,management/ self-employed/ highly qualified employee/ officer,1.0,none,yes,0.023
no checking account,14.0,delay in paying off in the past,radio/television,276.0,A61,4 <= ... < 7 years,3.0,male : married/widowed,none,3.0,real estate,37.0,stores,own,1.0,skilled employee / official,2.0,none,no,0.077
... < 0 DM,41.0,delay in paying off in the past,radio/television,5784.0,A61,... < 1 year,4.0,male : married/widowed,none,4.0,real estate,65.0,stores,own,1.0,skilled employee / official,1.0,none,yes,0.233
... < 0 DM,60.0,all credits at this bank paid back duly,radio/television,15945.0,A61,.. >= 7 years,1.0,male : married/widowed,none,1.0,"if not A121/A122 : car or other, not in attribute 6",75.0,stores,own,4.0,unemployed/ unskilled - non-resident,2.0,none,yes,0.091
no checking account,60.0,no credits taken/ all credits paid back duly,business,11258.0,A62,unemployed,4.0,female : divorced/separated/married,guarantor,4.0,unknown / no property,75.0,bank,rent,3.0,unskilled - resident,2.0,"yes, registered under the customers name",no,0.108
... >= 200 DM / salary assignments for at least 1 year,4.0,all credits at this bank paid back duly,retraining,276.0,A63,... < 1 year,1.0,male : divorced/separated,guarantor,1.0,if not A121 : building society savings agreement/ life insurance,19.0,none,for free,4.0,skilled employee / official,1.0,none,no,0.77
0 <= ... < 200 DM,4.0,delay in paying off in the past,education,276.0,A61,1 <= ... < 4 years,4.0,male : single,none,3.0,real estate,26.0,none,rent,2.0,skilled employee / official,1.0,none,no,0.704
0 <= ... < 200 DM,16.0,existing credits paid back duly till now,car (new),276.0,A65,... < 1 year,4.0,male : divorced/separated,guarantor,4.0,if not A121 : building society savings agreement/ life insurance,75.0,none,own,4.0,unskilled - resident,1.0,"yes, registered under the customers name",yes,0.858
... < 0 DM,36.0,delay in paying off in the past,retraining,7364.0,A61,4 <= ... < 7 years,4.0,male : single,guarantor,4.0,"if not A121/A122 : car or other, not in attribute 6",50.0,none,for free,4.0,unemployed/ unskilled - non-resident,1.0,none,no,0.82
0 <= ... < 200 DM,60.0,existing credits paid back duly till now,education,15945.0,A65,... < 1 year,4.0,male : divorced/separated,guarantor,4.0,if not A121 : building society savings agreement/ life insurance,75.0,none,rent,4.0,skilled employee / official,1.0,none,no,0.862
no checking account,14.0,all credits at this bank paid back duly,car (new),2895.0,A65,.. >= 7 years,2.0,male : single,none,2.0,"if not A121/A122 : car or other, not in attribute 6",38.0,none,for free,3.0,skilled employee / official,1.0,"yes, registered under the customers name",no,0.761
0 <= ... < 200 DM,32.0,existing credits paid back duly till now,car (new),6845.0,A63,... < 1 year,2.0,male : divorced/separated,guarantor,3.0,if not A121 : building society savings agreement/ life insurance,48.0,none,rent,4.0,unemployed/ unskilled - non-resident,1.0,"yes, registered under the customers name",yes,0.862
no checking account,47.0,delay in paying off in the past,furniture/equipment,12750.0,A61,.. >= 7 years,3.0,male : divorced/separated,none,3.0,"if not A121/A122 : car or other, not in attribute 6",75.0,none,for free,4.0,skilled employee / official,1.0,"yes, registered under the customers name",yes,0.728
... >= 200 DM / salary assignments for at least 1 year,4.0,no credits taken/ all credits paid back duly,radio/television,276.0,A62,1 <= ... < 4 years,1.0,male : married/widowed,co-applicant,1.0,unknown / no property,19.0,stores,own,1.0,unskilled - resident,2.0,none,no,0.044
no checking account,6.0,existing credits paid back duly till now,radio/television,745.0,A61,unemployed,2.0,female : divorced/separated/married,none,1.0,real estate,19.0,none,own,1.0,management/ self-employed/ highly qualified employee/ officer,1.0,"yes, registered under the customers name",yes,0.117
... >= 200 DM / salary assignments for at least 1 year,22.0,all credits at this bank paid back duly,repairs,4853.0,A61,.. >= 7 years,3.0,male : married/widowed,guarantor,2.0,real estate,33.0,none,own,1.0,unskilled - resident,1.0,none,yes,0.191
... >= 200 DM / salary assignments for at least 1 year,60.0,existing credits paid back duly till now,radio/television,14894.0,A62,1 <= ... < 4 years,4.0,female : divorced/separated/married,none,3.0,unknown / no property,46.0,none,rent,1.0,unskilled - resident,2.0,none,no,0.139
... < 0 DM,36.0,critical account/ other credits existing (not at this bank),radio/television,8687.0,A61,1 <= ... < 4 years,4.0,female : divorced/separated/married,none,4.0,real estate,75.0,bank,own,4.0,management/ self-employed/ highly qualified employee/ officer,2.0,"yes, registered under the customers name",yes,0.066
0 <= ... < 200 DM,56.0,no credits taken/ all credits paid back duly,radio/television,10662.0,A63,1 <= ... < 4 years,4.0,female : divorced/separated/married,none,3.0,real estate,45.0,stores,own,4.0,unskilled - resident,1.0,none,yes,0.191
... < 0 DM,23.0,delay in paying off in the past,domestic appliances,1205.0,A61,.. >= 7 years,4.0,male : single,none,2.0,real estate,19.0,bank,rent,1.0,unemployed/ unskilled - non-resident,2.0,none,yes,0.125
... < 0 DM,45.0,existing credits paid back duly till now,car (used),7542.0,A61,... < 1 year,4.0,female : divorced/separated/married,none,3.0,"if not A121/A122 : car or other, not in attribute 6",40.0,none,own,1.0,skilled employee / official,2.0,"yes, registered under the customers name",no,0.338
no checking account,4.0,existing credits paid back duly till now,others,276.0,A62,unemployed,1.0,male : single,co-applicant,1.0,real estate,19.0,bank,own,1.0,unskilled - resident,2.0,"yes, registered under the customers name",yes,0.047
... < 0 DM,10.0,no credits taken/ all credits paid back duly,radio/television,276.0,A64,1 <= ... < 4 years,3.0,female : divorced/separated/married,none,2.0,real estate,19.0,stores,rent,1.0,management/ self-employed/ highly qualified employee/ officer,1.0,none,no,0.162
... >= 200 DM / salary assignments for at least 1 year,30.0,critical account/ other credits existing (not at this bank),education,5620.0,A61,unemployed,4.0,female : divorced/separated/married,none,4.0,unknown / no property,19.0,bank,rent,1.0,unskilled - resident,2.0,none,yes,0.119
... < 0 DM,51.0,existing credits paid back duly till now,furniture/equipment,11302.0,A61,... < 1 year,4.0,male : single,co-applicant,4.0,real estate,40.0,none,own,1.0,unskilled - resident,2.0,"yes, registered under the customers name",yes,0.272
... < 0 DM,60.0,no credits taken/ all credits paid back duly,domestic appliances,15945.0,A62,.. >= 7 years,4.0,female : divorced/separated/married,none,4.0,unknown / no property,75.0,bank,rent,1.0,management/ self-employed/ highly qualified employee/ officer,2.0,none,no,0.047
no checking account,4.0,existing credits paid back duly till now,car (used),276.0,A62,unemployed,1.0,male : single,none,1.0,unknown / no property,19.0,bank,own,1.0,management/ self-employed/ highly qualified employee/ officer,1.0,"yes, registered under the customers name",yes,0.036
... < 0 DM,18.0,all credits at this bank paid back duly,business,5984.0,A61,.. >= 7 years,3.0,female : divorced/separated/married,guarantor,2.0,"if not A121/A122 : car or other, not in attribute 6",19.0,none,own,1.0,management/ self-employed/ highly qualified employee/ officer,1.0,none,no,0.261
no checking account,36.0,critical account/ other credits existing (not at this bank),furniture/equipment,10975.0,A61,unemployed,4.0,male : married/widowed,co-applicant,1.0,unknown / no property,26.0,none,own,2.0,unskilled - resident,2.0,"yes, registered under the customers name",yes,0.098
no checking account,59.0,existing credits paid back duly till now,furniture/equipment,15945.0,A62,1 <= ... < 4 years,3.0,female : divorced/separated/married,none,3.0,"if not A121/A122 : car or other, not in attribute 6",41.0,none,rent,2.0,management/ self-employed/ highly qualified employee/ officer,2.0,"yes, registered under the customers name",yes,0.256
0 <= ... < 200 DM,60.0,all credits at this bank paid back duly,education,15945.0,A61,unemployed,4.0,female : divorced/separated/married,guarantor,4.0,"if not A121/A122 : car or other, not in attribute 6",75.0,stores,own,4.0,unemployed/ unskilled - non-resident,1.0,none,no,0.28
0 <= ... < 200 DM,4.0,delay in paying off in the past,radio/television,276.0,A62,unemployed,1.0,male : married/widowed,co-applicant,1.0,real estate,19.0,stores,own,1.0,unemployed/ unskilled - non-resident,2.0,"yes, registered under the customers name",yes,0.045
... >= 200 DM / salary assignments for at least 1 year,10.0,critical account/ other credits existing (not at this bank),domestic appliances,2457.0,A61,.. >= 7 years,3.0,female : divorced/separated/married,none,2.0,unknown / no property,20.0,none,own,1.0,management/ self-employed/ highly qualified employee/ officer,1.0,none,no,0.192
0 <= ... < 200 DM,22.0,no credits taken/ all credits paid back duly,business,6202.0,A61,1 <= ... < 4 years,4.0,male : single,co-applicant,3.0,unknown / no property,40.0,bank,own,1.0,management/ self-employed/ highly qualified employee/ officer,2.0,"yes, registered under the customers name",yes,0.022
0 <= ... < 200 DM,44.0,delay in paying off in the past,furniture/equipment,11808.0,A62,unemployed,4.0,male : divorced/separated,none,4.0,real estate,58.0,none,own,1.0,management/ self-employed/ highly qualified employee/ officer,1.0,"yes, registered under the customers name",yes,0.254
no checking account,60.0,delay in paying off in the past,furniture/equipment,15945.0,A61,.. >= 7 years,4.0,male : divorced/separated,none,4.0,unknown / no property,75.0,stores,own,4.0,management/ self-employed/ highly qualified employee/ officer,2.0,none,no,0.112
no checking account,4.0,no credits taken/ all credits paid back duly,car (used),276.0,A61,unemployed,1.0,female : divorced/separated/married,co-applicant,2.0,unknown / no property,19.0,stores,own,1.0,management/ self-employed/ highly qualified employee/ officer,2.0,"yes, registered under the customers name",yes,0.026
... < 0 DM,10.0,critical account/ other credits existing (not at this bank),others,683.0,A64,4 <= ... < 7 years,1.0,male : single,guarantor,1.0,"if not A121/A122 : car or other, not in attribute 6",19.0,bank,own,1.0,unemployed/ unskilled - non-resident,1.0,none,no,0.183
no checking account,27.0,critical account/ other credits existing (not at this bank),repairs,5235.0,A62,unemployed,2.0,male : single,none,2.0,if not A121 : building society savings agreement/ life insurance,34.0,bank,own,2.0,skilled employee / official,1.0,none,yes,0.146
no checking account,47.0,no credits taken/ all credits paid back duly,car (used),11084.0,A61,4 <= ... < 7 years,3.0,male : married/widowed,none,3.0,if not A121 : building society savings agreement/ life insurance,52.0,stores,own,2.0,skilled employee / official,2.0,"yes, registered under the customers name",yes,0.123
... >= 200 DM / salary assignments for at least 1 year,60.0,critical account/ other credits existing (not at this bank),car (new),15945.0,A61,4 <= ... < 7 years,4.0,male : single,co-applicant,4.0,real estate,75.0,bank,own,4.0,unskilled - resident,2.0,none,no,0.063
... < 0 DM,24.0,no credits taken/ all credits paid back duly,business,6190.0,A61,.. >= 7 years,1.0,male : single,none,2.0,"if not A121/A122 : car or other, not in attribute 6",19.0,none,own,1.0,skilled employee / official,2.0,"yes, registered under the customers name",no,0.214
0 <= ... < 200 DM,18.0,all credits at this bank paid back duly,car (new),2949.0,A63,... < 1 year,4.0,male : divorced/separated,none,4.0,if not A121 : building society savings agreement/ life insurance,59.0,none,rent,4.0,skilled employee / official,1.0,none,yes,0.871
... < 0 DM,39.0,delay in paying off in the past,furniture/equipment,8106.0,A65,.. >= 7 years,4.0,male : single,none,4.0,"if not A121/A122 : car or other, not in attribute 6",75.0,none,for free,3.0,unemployed/ unskilled - non-resident,1.0,"yes, registered under the customers name",yes,0.82
... >= 200 DM / salary assignments for at least 1 year,4.0,no credits taken/ all credits paid back duly,radio/television,276.0,A62,unemployed,1.0,male : divorced/separated,guarantor,1.0,"if not A121/A122 : car or other, not in attribute 6",19.0,bank,own,1.0,management/ self-employed/ highly qualified employee/ officer,2.0,none,yes,0.067
... < 0 DM,7.0,critical account/ other credits existing (not at this bank),domestic appliances,276.0,A63,1 <= ... < 4 years,4.0,female : divorced/separated/married,none,1.0,real estate,19.0,bank,rent,1.0,unemployed/ unskilled - non-resident,2.0,"yes, registered under the customers name",no,0.246
... < 0 DM,30.0,existing credits paid back duly till now,car (used),6550.0,A62,1 <= ... < 4 years,3.0,female : divorced/separated/married,co-applicant,2.0,unknown / no property,19.0,bank,rent,1.0,management/ self-employed/ highly qualified employee/ officer,2.0,none,yes,0.043
... >= 200 DM / salary assignments for at least 1 year,48.0,existing credits paid back duly till now,domestic appliances,10783.0,A65,unemployed,4.0,male : single,none,3.0,"if not A121/A122 : car or other, not in attribute 6",47.0,stores,own,1.0,skilled employee / official,2.0,none,yes,0.134
... < 0 DM,60.0,critical account/ other credits existing (not at this bank),domestic appliances,15945.0,A62,1 <= ... < 4 years,4.0,female : divorced/separated/married,none,4.0,real estate,75.0,bank,rent,1.0,management/ self-employed/ highly qualified employee/ officer,2.0,"yes, registered under the customers name",no,0.068
... >= 200 DM / salary assignments for at least 1 year,5.0,delay in paying off in the past,furniture/equipment,276.0,A63,1 <= ... < 4 years,1.0,male : divorced/separated,none,1.0,if not A121 : building society savings agreement/ life insurance,19.0,none,own,4.0,unemployed/ unskilled - non-resident,1.0,none,yes,0.781
0 <= ... < 200 DM,4.0,existing credits paid back duly till now,education,276.0,A65,... < 1 year,3.0,female : divorced/separated/married,guarantor,2.0,"if not A121/A122 : car or other, not in attribute 6",25.0,none,rent,1.0,unskilled - resident,1.0,none,no,0.777
no checking account,17.0,delay in paying off in the past,car (new),2873.0,A64,... < 1 year,4.0,male : divorced/separated,none,3.0,if not A121 : building society savings agreement/ life insurance,45.0,none,for free,4.0,unskilled - resident,1.0,"yes, registered under the customers name",yes,0.844
0 <= ... < 200 DM,38.0,existing credits paid back duly till now,retraining,7962.0,A65,1 <= ... < 4 years,4.0,female : divorced/separated/married,none,4.0,real estate,62.0,none,for free,3.0,unemployed/ unskilled - non-resident,1.0,"yes, registered under the customers name",yes,0.787
0 <= ... < 200 DM,60.0,delay in paying off in the past,retraining,15945.0,A63,... < 1 year,4.0,male : divorced/separated,guarantor,4.0,if not A121 : building society savings agreement/ life insurance,75.0,none,rent,4.0,unskilled - resident,1.0,none,no,0.887
no checking account,4.0,no credits taken/ all credits paid back duly,radio/television,276.0,A62,unemployed,1.0,male : single,co-applicant,1.0,unknown / no property,19.0,bank,own,1.0,management/ self-employed/ highly qualified employee/ officer,2.0,"yes, registered under the customers name",yes,0.011
0 <= ... < 200 DM,11.0,existing credits paid back duly till now,others,7637.0,A61,1 <= ... < 4 years,1.0,male : single,co-applicant,2.0,"if not A121/A122 : car or other, not in attribute 6",19.0,bank,own,2.0,management/ self-employed/ highly qualified employee/ officer,1.0,none,no,0.067
0 <= ... < 200 DM,42.0,existing credits paid back duly till now,others,15945.0,A61,1 <= ... < 4 years,3.0,male : single,co-applicant,4.0,"if not A121/A122 : car or other, not in attribute 6",47.0,bank,own,3.0,management/ self-employed/ highly qualified employee/ officer,1.0,"yes, registered under the customers name",yes,0.067
... >= 200 DM / salary assignments for at least 1 year,24.0,no credits taken/ all credits paid back duly,others,11335.0,A62,unemployed,2.0,female : divorced/separated/married,none,3.0,unknown / no property,29.0,stores,rent,1.0,unemployed/ unskilled - non-resident,2.0,none,no,0.083
... >= 200 DM / salary assignments for at least 1 year,60.0,critical account/ other credits existing (not at this bank),car (used),15945.0,A62,1 <= ... < 4 years,4.0,male : single,co-applicant,3.0,unknown / no property,75.0,stores,own,3.0,management/ self-employed/ highly qualified employee/ officer,2.0,none,no,0.019
0 <= ... < 200 DM,4.0,all credits at this bank paid back duly,car (new),276.0,A65,... < 1 year,1.0,male : divorced/separated,none,1.0,if not A121 : building society savings agreement/ life insurance,19.0,none,for free,4.0,skilled employee / official,1.0,none,no,0.832
no checking account,4.0,delay in paying off in the past,car (new),276.0,A65,4 <= ... < 7 years,4.0,male : single,guarantor,4.0,unknown / no property,26.0,none,rent,2.0,unemployed/ unskilled - non-resident,1.0,"yes, registered under the customers name",yes,0.699
0 <= ... < 200 DM,14.0,existing credits paid back duly till now,retraining,2877.0,A63,... < 1 year,4.0,male : divorced/separated,none,4.0,if not A121 : building society savings agreement/ life insurance,57.0,none,for free,3.0,skilled employee / official,1.0,"yes, registered under the customers name",yes,0.846
no checking account,37.0,existing credits paid back duly till now,furniture/equipment,8955.0,A65,... < 1 year,4.0,male : single,none,4.0,if not A121 : building society savings agreement/ life insurance,75.0,none,rent,4.0,management/ self-employed/ highly qualified employee/ officer,1.0,none,no,0.805
0 <= ... < 200 DM,60.0,delay in paying off in the past,car (new),15945.0,A65,... < 1 year,4.0,male : divorced/separated,guarantor,4.0,if not A121 : building society savings agreement/ life insurance,62.0,none,for free,4.0,unskilled - resident,1.0,"yes, registered under the customers name",yes,0.863
... >= 200 DM / salary assignments for at least 1 year,24.0,no credits taken/ all credits paid back duly,others,11334.0,A62,unemployed,2.0,female : divorced/separated/married,none,3.0,unknown / no property,29.0,stores,rent,1.0,unemployed/ unskilled - non-resident,2.0,none,no,0.083
no checking account,4.0,no credits taken/ all credits paid back duly,radio/television,276.0,A64,unemployed,1.0,male : married/widowed,co-applicant,1.0,real estate,19.0,bank,own,1.0,management/ self-employed/ highly qualified employee/ officer,2.0,none,yes,0.013
... >= 200 DM / salary assignments for at least 1 year,22.0,existing credits paid back duly till now,repairs,1796.0,A61,.. >= 7 years,3.0,male : single,guarantor,1.0,"if not A121/A122 : car or other, not in attribute 6",19.0,stores,own,1.0,unskilled - resident,2.0,none,no,0.108
... < 0 DM,37.0,delay in paying off in the past,radio/television,5752.0,A62,4 <= ... < 7 years,4.0,male : single,none,2.0,real estate,27.0,bank,rent,1.0,skilled employee / official,1.0,"yes, registered under the customers name",yes,0.217
... < 0 DM,60.0,existing credits paid back duly till now,car (used),12767.0,A61,4 <= ... < 7 years,4.0,male : married/widowed,none,3.0,if not A121 : building society savings agreement/ life insurance,45.0,none,own,1.0,skilled employee / official,2.0,none,yes,0.246
... >= 200 DM / salary assignments for at least 1 year,60.0,no credits taken/ all credits paid back duly,furniture/equipment,15945.0,A62,unemployed,4.0,male : single,co-applicant,4.0,unknown / no property,75.0,stores,own,1.0,management/ self-employed/ highly qualified employee/ officer,2.0,"yes, registered under the customers name",no,0.022
... < 0 DM,4.0,critical account/ other credits existing (not at this bank),car (used),1668.0,A61,1 <= ... < 4 years,4.0,female : divorced/separated/married,none,1.0,"if not A121/A122 : car or other, not in attribute 6",19.0,bank,own,1.0,unemployed/ unskilled - non-resident,1.0,none,yes,0.148
0 <= ... < 200 DM,19.0,existing credits paid back duly till now,radio/television,7105.0,A61,unemployed,4.0,male : married/widowed,none,4.0,"if not A121/A122 : car or other, not in attribute 6",28.0,stores,own,1.0,skilled employee / official,2.0,"yes, registered under the customers name",yes,0.138
0 <= ... < 200 DM,4.0,no credits taken/ all credits paid back duly,radio/television,276.0,A62,unemployed,1.0,male : single,co-applicant,1.0,unknown / no property,19.0,bank,own,1.0,management/ self-employed/ highly qualified employee/ officer,2.0,none,no,0.015
no checking account,11.0,critical account/ other credits existing (not at this bank),others,502.0,A61,.. >= 7 years,3.0,male : single,guarantor,1.0,real estate,19.0,stores,own,1.0,unemployed/ unskilled - non-resident,1.0,"yes, registered under the customers name",yes,0.138
0 <= ... < 200 DM,30.0,existing credits paid back duly till now,car (new),5447.0,A61,... < 1 year,4.0,male : single,none,2.0,real estate,27.0,stores,own,1.0,unskilled - resident,2.0,none,yes,0.226
0 <= ... < 200 DM,54.0,no credits taken/ all credits paid back duly,car (used),15945.0,A64,unemployed,4.0,male : married/widowed,co-applicant,3.0,unknown / no property,47.0,bank,own,1.0,management/ self-employed/ highly qualified employee/ officer,2.0,none,no,0.012
... >= 200 DM / salary assignments for at least 1 year,60.0,existing credits paid back duly till now,car (new),9396.0,A61,... < 1 year,4.0,male : single,none,4.0,real estate,75.0,stores,own,4.0,management/ self-employed/ highly qualified employee/ officer,2.0,none,yes,0.154
no checking account,4.0,no credits taken/ all credits paid back duly,car (used),1862.0,A62,1 <= ... < 4 years,1.0,male : married/widowed,co-applicant,1.0,unknown / no property,19.0,bank,own,1.0,unemployed/ unskilled - non-resident,1.0,none,yes,0.042
... < 0 DM,13.0,existing credits paid back duly till now,radio/television,276.0,A61,unemployed,3.0,male : single,none,1.0,"if not A121/A122 : car or other, not in attribute 6",19.0,stores,own,1.0,management/ self-employed/ highly qualified employee/ officer,2.0,"yes, registered under the customers name",no,0.089
... < 0 DM,41.0,existing credits paid back duly till now,radio/television,6663.0,A61,unemployed,4.0,male : single,none,3.0,"if not A121/A122 : car or other, not in attribute 6",47.0,stores,own,1.0,management/ self-employed/ highly qualified employee/ officer,2.0,none,yes,0.052
... < 0 DM,60.0,all credits at this bank paid back duly,radio/television,15945.0,A63,... < 1 year,4.0,male : divorced/separated,none,4.0,if not A121 : building society savings agreement/ life insurance,75.0,stores,own,4.0,skilled employee / official,2.0,none,yes,0.434
no checking account,60.0,existing credits paid back duly till now,car (used),12372.0,A61,unemployed,3.0,female : divorced/separated/married,co-applicant,4.0,unknown / no property,62.0,bank,rent,1.0,unemployed/ unskilled - non-resident,2.0,"yes, registered under the customers name",no,0.054
0 <= ... < 200 DM,4.0,delay in paying off in the past,retraining,276.0,A65,... < 1 year,1.0,male : divorced/separated,none,1.0,if not A121 : building society savings agreement/ life insurance,19.0,none,for free,1.0,skilled employee / official,1.0,none,no,0.825
0 <= ... < 200 DM,4.0,all credits at this bank paid back duly,education,276.0,A61,1 <= ... < 4 years,2.0,female : divorced/separated/married,guarantor,3.0,"if not A121/A122 : car or other, not in attribute 6",24.0,none,rent,4.0,unemployed/ unskilled - non-resident,1.0,"yes, registered under the customers name",yes,0.774
... < 0 DM,22.0,no credits taken/ all credits paid back duly,business,3723.0,A65,.. >= 7 years,3.0,male : single,none,3.0,if not A121 : building society savings agreement/ life insurance,40.0,none,rent,2.0,skilled employee / official,1.0,none,yes,0.749
0 <= ... < 200 DM,41.0,critical account/ other credits existing (not at this bank),business,8715.0,A61,4 <= ... < 7 years,4.0,male : single,none,4.0,if not A121 : building society savings agreement/ life insurance,58.0,none,for free,4.0,unemployed/ unskilled - non-resident,1.0,none,no,0.734
... >= 200 DM / salary assignments for at least 1 year,60.0,all credits at this bank paid back duly,furniture/equipment,15945.0,A65,... < 1 year,4.0,male : divorced/separated,guarantor,4.0,if not A121 : building society savings agreement/ life insurance,75.0,none,rent,4.0,skilled employee / official,1.0,"yes, registered under the customers name",yes,0.841
no checking account,4.0,delay in paying off in the past,radio/television,276.0,A62,unemployed,1.0,male : married/widowed,co-applicant,1.0,unknown / no property,19.0,stores,own,1.0,unskilled - resident,2.0,none,yes,0.038
... >= 200 DM / salary assignments for at least 1 year,4.0,existing credits paid back duly till now,business,276.0,A61,1 <= ... < 4 years,2.0,female : divorced/separated/married,none,3.0,real estate,19.0,bank,own,1.0,management/ self-employed/ highly qualified employee/ officer,1.0,"yes, registered under the customers name",no,0.103
0 <= ... < 200 DM,23.0,no credits taken/ all credits paid back duly,car (used),6110.0,A61,4 <= ... < 7 years,3.0,female : divorced/separated/married,guarantor,4.0,real estate,19.0,stores,own,1.0,skilled employee / official,2.0,none,yes,0.105
0 <= ... < 200 DM,60.0,existing credits paid back duly till now,furniture/equipment,15945.0,A62,1 <= ... < 4 years,4.0,male : single,none,4.0,unknown / no property,39.0,none,own,1.0,skilled employee / official,2.0,none,yes,0.211
... < 0 DM,38.0,critical account/ other credits existing (not at this bank),furniture/equipment,9919.0,A61,1 <= ... < 4 years,4.0,female : divorced/separated/married,none,4.0,real estate,75.0,stores,own,1.0,management/ self-employed/ highly qualified employee/ officer,2.0,"yes, registered under the customers name",no,0.117
... >= 200 DM / salary assignments for at least 1 year,4.0,no credits taken/ all credits paid back duly,car (used),276.0,A62,unemployed,3.0,female : divorced/separated/married,none,1.0,"if not A121/A122 : car or other, not in attribute 6",19.0,bank,own,1.0,management/ self-employed/ highly qualified employee/ officer,2.0,none,yes,0.041
... < 0 DM,23.0,critical account/ other credits existing (not at this bank),radio/television,276.0,A64,1 <= ... < 4 years,1.0,male : single,co-applicant,2.0,real estate,19.0,stores,rent,1.0,unemployed/ unskilled - non-resident,2.0,"yes, registered under the customers name",no,0.134
... < 0 DM,39.0,existing credits paid back duly till now,radio/television,4505.0,A61,1 <= ... < 4 years,4.0,female : divorced/separated/married,none,3.0,unknown / no property,30.0,bank,rent,1.0,skilled employee / official,2.0,none,yes,0.147
... >= 200 DM / salary assignments for at least 1 year,60.0,existing credits paid back duly till now,car (used),10243.0,A61,unemployed,4.0,male : divorced/separated,guarantor,4.0,"if not A121/A122 : car or other, not in attribute 6",47.0,none,own,1.0,skilled employee / official,2.0,none,yes,0.275
... < 0 DM,60.0,critical account/ other credits existing (not at this bank),radio/television,15945.0,A62,1 <= ... < 4 years,4.0,male : divorced/separated,none,4.0,unknown / no property,75.0,bank,rent,1.0,management/ self-employed/ highly qualified employee/ officer,2.0,"yes, registered under the customers name",no,0.066
no checking account,4.0,existing credits paid back duly till now,radio/television,276.0,A63,unemployed,1.0,male : single,none,1.0,real estate,19.0,stores,own,1.0,unemployed/ unskilled - non-resident,2.0,"yes, registered under the customers name",yes,0.082
... >= 200 DM / salary assignments for at least 1 year,12.0,delay in paying off in the past,business,1165.0,A64,1 <= ... < 4 years,1.0,female : divorced/separated/married,guarantor,2.0,"if not A121/A122 : car or other, not in attribute 6",32.0,bank,own,1.0,management/ self-employed/ highly qualified employee/ officer,1.0,none,no,0.119
no checking account,25.0,no credits taken/ all credits paid back duly,repairs,4792.0,A62,.. >= 7 years,2.0,male : single,co-applicant,3.0,unknown / no property,54.0,none,own,2.0,management/ self-employed/ highly qualified employee/ officer,2.0,"yes, registered under the customers name",yes,0.039
no checking account,48.0,existing credits paid back duly till now,business,11422.0,A64,1 <= ... < 4 years,3.0,male : married/widowed,none,4.0,real estate,67.0,none,own,1.0,management/ self-employed/ highly qualified employee/ officer,2.0,"yes, registered under the customers name",yes,0.127
0 <= ... < 200 DM,60.0,existing credits paid back duly till now,business,15945.0,A61,1 <= ... < 4 years,4.0,male : single,guarantor,4.0,"if not A121/A122 : car or other, not in attribute 6",75.0,stores,own,4.0,unskilled - resident,2.0,none,no,0.113
... >= 200 DM / salary assignments for at least 1 year,26.0,critical account/ other credits existing (not at this bank),radio/television,5545.0,A62,unemployed,4.0,male : single,none,2.0,real estate,29.0,bank,rent,1.0,management/ self-employed/ highly qualified employee/ officer,1.0,"yes, registered under the customers name",yes,0.061
... < 0 DM,42.0,existing credits paid back duly till now,car (used),9779.0,A61,4 <= ... < 7 years,4.0,male : married/widowed,co-applicant,3.0,unknown / no property,46.0,none,own,1.0,skilled employee / official,2.0,none,yes,0.115
no checking account,11.0,critical account/ other credits existing (not at this bank),others,501.0,A61,.. >= 7 years,3.0,male : single,guarantor,1.0,real estate,19.0,stores,own,1.0,unemployed/ unskilled - non-resident,1.0,"yes, registered under the customers name",yes,0.138
... >= 200 DM / salary assignments for at least 1 year,31.0,critical account/ other credits existing (not at this bank),domestic appliances,2173.0,A61,1 <= ... < 4 years,2.0,male : single,guarantor,2.0,unknown / no property,25.0,bank,for free,1.0,unskilled - resident,2.0,"yes, registered under the customers name",yes,0.177
0 <= ... < 200 DM,48.0,no credits taken/ all credits paid back duly,repairs,7118.0,A64,1 <= ... < 4 years,3.0,male : single,none,4.0,unknown / no property,45.0,none,rent,1.0,management/ self-employed/ highly qualified employee/ officer,2.0,none,yes,0.142
no checking account,4.0,critical account/ other credits existing (not at this bank),radio/television,276.0,A63,1 <= ... < 4 years,1.0,male : single,none,1.0,real estate,19.0,bank,own,1.0,skilled employee / official,2.0,none,yes,0.09
... < 0 DM,32.0,all credits at this bank paid back duly,others,5588.0,A64,.. >= 7 years,1.0,male : single,guarantor,1.0,unknown / no property,21.0,bank,for free,1.0,unemployed/ unskilled - non-resident,1.0,"yes, registered under the customers name",no,0.182
no checking account,48.0,no credits taken/ all credits paid back duly,business,10126.0,A62,1 <= ... < 4 years,2.0,female : divorced/separated/married,co-applicant,2.0,unknown / no property,40.0,stores,rent,1.0,management/ self-employed/ highly qualified employee/ officer,1.0,none,yes,0.052
no checking account,60.0,critical account/ other credits existing (not at this bank),car (new),15746.0,A63,unemployed,3.0,male : married/widowed,none,3.0,real estate,56.0,bank,for free,1.0,skilled employee / official,2.0,none,yes,0.193
... >= 200 DM / salary assignments for at least 1 year,60.0,existing credits paid back duly till now,others,15945.0,A61,1 <= ... < 4 years,4.0,male : single,none,4.0,unknown / no property,75.0,bank,own,4.0,unemployed/ unskilled - non-resident,1.0,"yes, registered under the customers name",no,0.092
no checking account,17.0,delay in paying off in the past,car (new),2872.0,A64,... < 1 year,4.0,male : divorced/separated,none,3.0,if not A121 : building society savings agreement/ life insurance,45.0,none,for free,4.0,unskilled - resident,1.0,"yes, registered under the customers name",yes,0.844
... < 0 DM,34.0,existing credits paid back duly till now,radio/television,5611.0,A61,unemployed,4.0,male : married/widowed,none,3.0,"if not A121/A122 : car or other, not in attribute 6",54.0,none,own,1.0,management/ self-employed/ highly qualified employee/ officer,2.0,none,no,0.101
... >= 200 DM / salary assignments for at least 1 year,26.0,critical account/ other credits existing (not at this bank),radio/television,5542.0,A62,unemployed,4.0,male : single,none,2.0,real estate,29.0,bank,rent,1.0,management/ self-employed/ highly qualified employee/ officer,1.0,"yes, registered under the customers name",yes,0.061
no checking account,10.0,no credits taken/ all credits paid back duly,others,3232.0,A62,unemployed,1.0,male : single,co-applicant,2.0,real estate,27.0,bank,own,1.0,management/ self-employed/ highly qualified employee/ officer,1.0,"yes, registered under the customers name",yes,0.022
... < 0 DM,4.0,existing credits paid back duly till now,car (used),9518.0,A61,.. >= 7 years,1.0,male : single,none,3.0,unknown / no property,49.0,bank,own,1.0,management/ self-employed/ highly qualified employee/ officer,2.0,"yes, registered under the customers name",yes,0.03
... < 0 DM,27.0,existing credits paid back duly till now,car (new),15945.0,A61,.. >= 7 years,1.0,male : single,none,4.0,unknown / no property,75.0,bank,own,1.0,management/ self-employed/ highly qualified employee/ officer,1.0,"yes, registered under the customers name",yes,0.081
... >= 200 DM / salary assignments for at least 1 year,60.0,no credits taken/ all credits paid back duly,business,15945.0,A62,unemployed,4.0,male : married/widowed,co-applicant,1.0,real estate,19.0,stores,rent,4.0,unskilled - resident,2.0,none,no,0.048
no checking account,56.0,critical account/ other credits existing (not at this bank),car (new),15945.0,A63,4 <= ... < 7 years,3.0,male : married/widowed,co-applicant,4.0,"if not A121/A122 : car or other, not in attribute 6",75.0,stores,for free,3.0,management/ self-employed/ highly qualified employee/ officer,2.0,none,no,0.221
no checking account,4.0,delay in paying off in the past,car (new),276.0,A63,... < 1 year,1.0,male : divorced/separated,guarantor,1.0,if not A121 : building society savings agreement/ life insurance,19.0,none,rent,4.0,unskilled - resident,1.0,"yes, registered under the customers name",yes,0.859
0 <= ... < 200 DM,16.0,existing credits paid back duly till now,education,276.0,A61,.. >= 7 years,4.0,male : single,none,1.0,"if not A121/A122 : car or other, not in attribute 6",27.0,none,for free,3.0,skilled employee / official,1.0,"yes, registered under the customers name",yes,0.781
0 <= ... < 200 DM,36.0,all credits at this bank paid back duly,furniture/equipment,3674.0,A65,... < 1 year,4.0,male : divorced/separated,guarantor,2.0,if not A121 : building society savings agreement/ life insurance,43.0,none,for free,4.0,unemployed/ unskilled - non-resident,1.0,none,no,0.873
0 <= ... < 200 DM,54.0,existing credits paid back duly till now,retraining,8587.0,A61,... < 1 year,4.0,female : divorced/separated/married,none,3.0,if not A121 : building society savings agreement/ life insurance,75.0,none,rent,3.0,unskilled - resident,1.0,"yes, registered under the customers name",yes,0.82
no checking account,60.0,all credits at this bank paid back duly,car (new),15945.0,A65,... < 1 year,4.0,male : divorced/separated,none,4.0,if not A121 : building society savings agreement/ life insurance,45.0,none,for free,4.0,skilled employee / official,1.0,"yes, registered under the customers name",yes,0.826
... >= 200 DM / salary assignments for at least 1 year,4.0,no credits taken/ all credits paid back duly,car (used),276.0,A62,unemployed,1.0,female : divorced/separated/married,co-applicant,1.0,unknown / no property,19.0,bank,own,1.0,management/ self-employed/ highly qualified employee/ officer,2.0,none,yes,0.019
... < 0 DM,36.0,existing credits paid back duly till now,business,1267.0,A61,.. >= 7 years,2.0,female : divorced/separated/married,none,2.0,real estate,19.0,bank,rent,1.0,unemployed/ unskilled - non-resident,2.0,"yes, registered under the customers name",yes,0.153
... < 0 DM,52.0,critical account/ other credits existing (not at this bank),radio/television,5777.0,A61,1 <= ... < 4 years,3.0,male : single,guarantor,4.0,"if not A121/A122 : car or other, not in attribute 6",19.0,stores,own,1.0,management/ self-employed/ highly qualified employee/ officer,2.0,none,no,0.077
... >= 200 DM / salary assignments for at least 1 year,60.0,existing credits paid back duly till now,business,12433.0,A61,unemployed,4.0,male : married/widowed,co-applicant,4.0,unknown / no property,43.0,none,rent,1.0,skilled employee / official,2.0,none,yes,0.176
... < 0 DM,60.0,delay in paying off in the past,radio/television,15945.0,A62,.. >= 7 years,4.0,female : divorced/separated/married,none,4.0,real estate,75.0,bank,own,1.0,management/ self-employed/ highly qualified employee/ officer,2.0,"yes, registered under the customers name",yes,0.021
... >= 200 DM / salary assignments for at least 1 year,4.0,existing credits paid back duly till now,car (used),276.0,A62,4 <= ... < 7 years,1.0,male : single,co-applicant,1.0,unknown / no property,19.0,stores,own,1.0,management/ self-employed/ highly qualified employee/ officer,2.0,none,yes,0.034
no checking account,20.0,delay in paying off in the past,repairs,1367.0,A61,1 <= ... < 4 years,2.0,female : divorced/separated/married,none,2.0,real estate,19.0,none,rent,1.0,unemployed/ unskilled - non-resident,2.0,"yes, registered under the customers name",no,0.23
... < 0 DM,36.0,no credits taken/ all credits paid back duly,domestic appliances,5707.0,A62,unemployed,3.0,male : married/widowed,co-applicant,3.0,real estate,19.0,bank,rent,1.0,management/ self-employed/ highly qualified employee/ officer,1.0,none,yes,0.058
no checking account,55.0,existing credits paid back duly till now,car (used),10887.0,A61,1 <= ... < 4 years,4.0,male : single,none,4.0,unknown / no property,38.0,stores,own,1.0,skilled employee / official,2.0,none,yes,0.069
no checking account,60.0,no credits taken/ all credits paid back duly,radio/television,15945.0,A62,.. >= 7 years,4.0,female : divorced/separated/married,none,4.0,real estate,75.0,bank,own,1.0,management/ self-employed/ highly qualified employee/ officer,2.0,"yes, registered under the customers name",no,0.019
... >= 200 DM / salary assignments for at least 1 year,4.0,no credits taken/ all credits paid back duly,car (used),276.0,A62,1 <= ... < 4 years,1.0,male : married/widowed,co-applicant,1.0,unknown / no property,19.0,bank,own,1.0,management/ self-employed/ highly qualified employee/ officer,2.0,none,yes,0.018
no checking account,20.0,delay in paying off in the past,business,1542.0,A62,.. >= 7 years,3.0,female : divorced/separated/married,none,3.0,"if not A121/A122 : car or other, not in attribute 6",19.0,bank,rent,1.0,unskilled - resident,2.0,"yes, registered under the customers name",no,0.166
0 <= ... < 200 DM,37.0,no credits taken/ all credits paid back duly,radio/television,6612.0,A62,unemployed,4.0,female : divorced/separated/married,none,4.0,real estate,19.0,none,own,1.0,management/ self-employed/ highly qualified employee/ officer,1.0,none,yes,0.075
0 <= ... < 200 DM,58.0,critical account/ other credits existing (not at this bank),business,12425.0,A64,1 <= ... < 4 years,4.0,male : married/widowed,co-applicant,4.0,"if not A121/A122 : car or other, not in attribute 6",44.0,none,rent,2.0,unskilled - resident,2.0,none,yes,0.229
no checking account,60.0,no credits taken/ all credits paid back duly,business,15945.0,A62,.. >= 7 years,4.0,female : divorced/separated/married,none,4.0,unknown / no property,75.0,stores,own,4.0,management/ self-employed/ highly qualified employee/ officer,2.0,"yes, registered under the customers name",no,0.035
0 <= ... < 200 DM,4.0,all credits at this bank paid back duly,retraining,276.0,A65,... < 1 year,1.0,male : divorced/separated,none,1.0,unknown / no property,19.0,none,rent,4.0,unskilled - resident,1.0,"yes, registered under the customers name",no,0.82
... >= 200 DM / salary assignments for at least 1 year,4.0,existing credits paid back duly till now,car (new),276.0,A63,4 <= ... < 7 years,1.0,male : divorced/separated,guarantor,4.0,if not A121 : building society savings agreement/ life insurance,19.0,stores,own,4.0,unemployed/ unskilled - non-resident,1.0,none,yes,0.758
no checking account,10.0,delay in paying off in the past,car (new),276.0,A64,4 <= ... < 7 years,2.0,male : divorced/separated,none,2.0,"if not A121/A122 : car or other, not in attribute 6",49.0,bank,for free,3.0,unskilled - resident,1.0,"yes, registered under the customers name",yes,0.746
0 <= ... < 200 DM,34.0,critical account/ other credits existing (not at this bank),retraining,276.0,A63,1 <= ... < 4 years,3.0,female : divorced/separated/married,none,4.0,real estate,73.0,none,rent,4.0,unskilled - resident,1.0,none,yes,0.84
no checking account,60.0,critical account/ other credits existing (not at this bank),car (new),15528.0,A63,... < 1 year,4.0,male : divorced/separated,none,4.0,if not A121 : building society savings agreement/ life insurance,75.0,none,for free,4.0,unskilled - resident,1.0,none,yes,0.8
no checking account,4.0,existing credits paid back duly till now,others,276.0,A62,unemployed,1.0,male : single,co-applicant,1.0,"if not A121/A122 : car or other, not in attribute 6",19.0,bank,own,1.0,unskilled - resident,2.0,"yes, registered under the customers name",yes,0.064
... < 0 DM,10.0,no credits taken/ all credits paid back duly,radio/television,276.0,A64,1 <= ... < 4 years,3.0,female : divorced/separated/married,none,2.0,real estate,19.0,bank,rent,1.0,management/ self-employed/ highly qualified employee/ officer,1.0,none,no,0.109
... >= 200 DM / salary assignments for at least 1 year,30.0,critical account/ other credits existing (not at this bank),education,5626.0,A61,unemployed,4.0,female : divorced/separated/married,none,4.0,real estate,19.0,bank,rent,1.0,unskilled - resident,2.0,none,yes,0.124
... < 0 DM,51.0,existing credits paid back duly till now,furniture/equipment,11310.0,A61,... < 1 year,4.0,male : single,co-applicant,4.0,real estate,40.0,none,own,1.0,unskilled - resident,2.0,"yes, registered under the customers name",yes,0.272
0 <= ... < 200 DM,23.0,no credits taken/ all credits paid back duly,car (used),6092.0,A61,4 <= ... < 7 years,3.0,female : divorced/separated/married,guarantor,4.0,real estate,19.0,stores,own,1.0,skilled employee / official,2.0,none,yes,0.105
... < 0 DM,38.0,critical account/ other credits existing (not at this bank),furniture/equipment,9916.0,A61,1 <= ... < 4 years,4.0,female : divorced/separated/married,none,4.0,real estate,75.0,stores,own,1.0,management/ self-employed/ highly qualified employee/ officer,2.0,"yes, registered under the customers name",no,0.117
... < 0 DM,4.0,existing credits paid back duly till now,business,276.0,A61,... < 1 year,1.0,male : married/widowed,none,1.0,if not A121 : building society savings agreement/ life insurance,19.0,none,for free,4.0,skilled employee / official,1.0,none,yes,0.779
0 <= ... < 200 DM,4.0,all credits at this bank paid back duly,furniture/equipment,276.0,A63,1 <= ... < 4 years,2.0,male : divorced/separated,guarantor,4.0,unknown / no property,40.0,none,rent,1.0,management/ self-employed/ highly qualified employee/ officer,1.0,"yes, registered under the customers name",yes,0.712
... >= 200 DM / salary assignments for at least 1 year,24.0,delay in paying off in the past,car (new),2547.0,A65,.. >= 7 years,3.0,male : divorced/separated,none,4.0,unknown / no property,56.0,none,for free,2.0,skilled employee / official,1.0,none,no,0.796
... >= 200 DM / salary assignments for at least 1 year,48.0,existing credits paid back duly till now,furniture/equipment,9450.0,A61,... < 1 year,4.0,male : divorced/separated,none,4.0,unknown / no property,75.0,none,for free,4.0,unemployed/ unskilled - non-resident,1.0,none,yes,0.773
0 <= ... < 200 DM,60.0,all credits at this bank paid back duly,furniture/equipment,15945.0,A65,4 <= ... < 7 years,4.0,male : divorced/separated,guarantor,4.0,if not A121 : building society savings agreement/ life insurance,60.0,none,rent,3.0,skilled employee / official,1.0,"yes, registered under the customers name",yes,0.823
0 <= ... < 200 DM,4.0,existing credits paid back duly till now,car (used),276.0,A62,1 <= ... < 4 years,1.0,male : married/widowed,guarantor,1.0,"if not A121/A122 : car or other, not in attribute 6",19.0,none,own,1.0,skilled employee / official,1.0,none,yes,0.334
... < 0 DM,60.0,delay in paying off in the past,radio/television,1601.0,A62,4 <= ... < 7 years,1.0,female : divorced/separated/married,none,1.0,real estate,19.0,stores,for free,1.0,management/ self-employed/ highly qualified employee/ officer,2.0,none,no,0.084
0 <= ... < 200 DM,60.0,existing credits paid back duly till now,radio/television,8046.0,A62,1 <= ... < 4 years,2.0,male : married/widowed,none,2.0,"if not A121/A122 : car or other, not in attribute 6",33.0,none,own,1.0,skilled employee / official,1.0,none,yes,0.253
0 <= ... < 200 DM,60.0,critical account/ other credits existing (not at this bank),radio/television,15945.0,A64,unemployed,4.0,male : married/widowed,none,4.0,real estate,75.0,none,own,4.0,skilled employee / official,2.0,none,yes,0.12
no checking account,60.0,existing credits paid back duly till now,business,14526.0,A63,1 <= ... < 4 years,4.0,male : single,co-applicant,4.0,unknown / no property,53.0,bank,rent,2.0,unskilled - resident,2.0,"yes, registered under the customers name",no,0.097
... < 0 DM,54.0,existing credits paid back duly till now,radio/television,9172.0,A65,unemployed,4.0,male : married/widowed,none,4.0,real estate,45.0,stores,own,1.0,skilled employee / official,2.0,none,yes,0.083
no checking account,60.0,critical account/ other credits existing (not at this bank),domestic appliances,13182.0,A62,.. >= 7 years,1.0,male : single,none,1.0,unknown / no property,19.0,none,own,1.0,unskilled - resident,1.0,none,yes,0.136
... < 0 DM,36.0,no credits taken/ all credits paid back duly,car (new),5004.0,A61,unemployed,4.0,female : divorced/separated/married,co-applicant,4.0,"if not A121/A122 : car or other, not in attribute 6",75.0,none,own,2.0,unskilled - resident,2.0,none,yes,0.248
0 <= ... < 200 DM,4.0,existing credits paid back duly till now,car (new),276.0,A63,... < 1 year,1.0,male : divorced/separated,none,1.0,if not A121 : building society savings agreement/ life insurance,19.0,none,rent,1.0,skilled employee / official,1.0,none,yes,0.782
no checking account,4.0,existing credits paid back duly till now,retraining,276.0,A65,.. >= 7 years,4.0,female : divorced/separated/married,guarantor,1.0,real estate,23.0,none,for free,4.0,skilled employee / official,1.0,"yes, registered under the customers name",yes,0.739
... >= 200 DM / salary assignments for at least 1 year,33.0,all credits at this bank paid back duly,car (new),276.0,A64,1 <= ... < 4 years,1.0,male : divorced/separated,none,3.0,if not A121 : building society savings agreement/ life insurance,48.0,none,rent,4.0,unskilled - resident,1.0,"yes, registered under the customers name",no,0.805
no checking account,60.0,existing credits paid back duly till now,furniture/equipment,5862.0,A61,1 <= ... < 4 years,4.0,male : divorced/separated,none,3.0,if not A121 : building society savings agreement/ life insurance,75.0,none,for free,3.0,skilled employee / official,1.0,none,yes,0.818
no checking account,37.0,existing credits paid back duly till now,car (new),15909.0,A64,... < 1 year,4.0,male : divorced/separated,none,4.0,if not A121 : building society savings agreement/ life insurance,53.0,none,for free,4.0,skilled employee / official,1.0,"yes, registered under the customers name",yes,0.817
0 <= ... < 200 DM,4.0,no credits taken/ all credits paid back duly,radio/television,276.0,A62,unemployed,1.0,male : single,none,1.0,unknown / no property,19.0,bank,own,1.0,management/ self-employed/ highly qualified employee/ officer,2.0,"yes, registered under the customers name",yes,0.021
... < 0 DM,33.0,existing credits paid back duly till now,repairs,2128.0,A61,1 <= ... < 4 years,1.0,female : divorced/separated/married,guarantor,1.0,real estate,19.0,none,own,1.0,unemployed/ unskilled - non-resident,1.0,none,yes,0.308
no checking account,54.0,critical account/ other credits existing (not at this bank),radio/television,7824.0,A62,unemployed,2.0,male : single,none,2.0,real estate,19.0,none,own,1.0,skilled employee / official,1.0,none,no,0.103
0 <= ... < 200 DM,60.0,existing credits paid back duly till now,car (used),13373.0,A61,1 <= ... < 4 years,3.0,female : divorced/separated/married,none,3.0,unknown / no property,40.0,none,rent,1.0,skilled employee / official,2.0,none,yes,0.207
0 <= ... < 200 DM,60.0,existing credits paid back duly till now,radio/television,15945.0,A61,1 <= ... < 4 years,4.0,female : divorced/separated/married,guarantor,4.0,real estate,75.0,stores,own,4.0,unskilled - resident,1.0,"yes, registered under the customers name",yes,0.236
0 <= ... < 200 DM,4.0,existing credits paid back duly till now,furniture/equipment,276.0,A63,.. >= 7 years,1.0,male : divorced/separated,co-applicant,1.0,if not A121 : building society savings agreement/ life insurance,20.0,none,rent,4.0,unemployed/ unskilled - non-resident,1.0,"yes, registered under the customers name",no,0.811
... < 0 DM,4.0,delay in paying off in the past,car (new),276.0,A65,... < 1 year,1.0,female : divorced/separated/married,none,4.0,"if not A121/A122 : car or other, not in attribute 6",19.0,none,for free,2.0,skilled employee / official,1.0,none,yes,0.805
no checking account,16.0,existing credits paid back duly till now,retraining,5204.0,A64,4 <= ... < 7 years,2.0,male : divorced/separated,guarantor,4.0,"if not A121/A122 : car or other, not in attribute 6",40.0,none,rent,4.0,skilled employee / official,1.0,"yes, registered under the customers name",yes,0.757
no checking account,37.0,existing credits paid back duly till now,car (used),11634.0,A65,... < 1 year,3.0,female : divorced/separated/married,none,4.0,if not A121 : building society savings agreement/ life insurance,55.0,none,rent,2.0,unskilled - resident,1.0,none,yes,0.684
0 <= ... < 200 DM,60.0,delay in paying off in the past,education,15945.0,A65,... < 1 year,4.0,male : divorced/separated,none,4.0,"if not A121/A122 : car or other, not in attribute 6",75.0,none,for free,3.0,skilled employee / official,1.0,none,no,0.851
no checking account,20.0,delay in paying off in the past,repairs,1368.0,A61,1 <= ... < 4 years,2.0,female : divorced/separated/married,none,2.0,real estate,19.0,none,rent,1.0,unemployed/ unskilled - non-resident,2.0,"yes, registered under the customers name",no,0.23
... < 0 DM,36.0,no credits taken/ all credits paid back duly,domestic appliances,5709.0,A62,unemployed,3.0,male : married/widowed,co-applicant,3.0,real estate,19.0,bank,rent,1.0,management/ self-employed/ highly qualified employee/ officer,1.0,none,yes,0.058
... < 0 DM,7.0,existing credits paid back duly till now,furniture/equipment,276.0,A65,... < 1 year,1.0,male : divorced/separated,none,1.0,if not A121 : building society savings agreement/ life insurance,19.0,none,for free,3.0,skilled employee / official,1.0,"yes, registered under the customers name",yes,0.8
no checking account,4.0,all credits at this bank paid back duly,furniture/equipment,276.0,A64,1 <= ... < 4 years,2.0,male : single,none,4.0,if not A121 : building society savings agreement/ life insurance,41.0,none,rent,1.0,skilled employee / official,1.0,none,yes,0.708
0 <= ... < 200 DM,24.0,existing credits paid back duly till now,education,2835.0,A61,... < 1 year,4.0,male : divorced/separated,guarantor,4.0,if not A121 : building society savings agreement/ life insurance,61.0,none,for free,4.0,unskilled - resident,1.0,none,no,0.864
no checking account,43.0,existing credits paid back duly till now,furniture/equipment,7485.0,A63,.. >= 7 years,4.0,male : single,none,4.0,if not A121 : building society savings agreement/ life insurance,75.0,none,rent,3.0,skilled employee / official,1.0,"yes, registered under the customers name",yes,0.777
... < 0 DM,60.0,delay in paying off in the past,furniture/equipment,15945.0,A65,... < 1 year,4.0,male : divorced/separated,none,4.0,if not A121 : building society savings agreement/ life insurance,75.0,none,for free,4.0,skilled employee / official,1.0,none,no,0.851
0 <= ... < 200 DM,4.0,delay in paying off in the past,retraining,276.0,A65,... < 1 year,1.0,male : divorced/separated,none,1.0,if not A121 : building society savings agreement/ life insurance,19.0,none,for free,4.0,skilled employee / official,1.0,"yes, registered under the customers name",yes,0.856
... < 0 DM,4.0,all credits at this bank paid back duly,education,276.0,A65,... < 1 year,4.0,male : single,guarantor,2.0,real estate,28.0,none,rent,2.0,unemployed/ unskilled - non-resident,1.0,none,no,0.838
0 <= ... < 200 DM,14.0,delay in paying off in the past,car (new),1975.0,A63,1 <= ... < 4 years,4.0,male : single,none,3.0,"if not A121/A122 : car or other, not in attribute 6",56.0,none,own,2.0,unskilled - resident,1.0,none,yes,0.696
... < 0 DM,33.0,existing credits paid back duly till now,furniture/equipment,8003.0,A65,... < 1 year,4.0,male : single,none,4.0,real estate,75.0,none,for free,3.0,skilled employee / official,1.0,"yes, registered under the customers name",yes,0.843
0 <= ... < 200 DM,60.0,existing credits paid back duly till now,car (new),15945.0,A65,... < 1 year,4.0,male : divorced/separated,guarantor,3.0,if not A121 : building society savings agreement/ life insurance,50.0,none,rent,4.0,unemployed/ unskilled - non-resident,1.0,none,no,0.825
... >= 200 DM / salary assignments for at least 1 year,4.0,existing credits paid back duly till now,car (used),276.0,A62,unemployed,1.0,female : divorced/separated/married,co-applicant,1.0,unknown / no property,19.0,bank,own,1.0,management/ self-employed/ highly qualified employee/ officer,2.0,"yes, registered under the customers name",yes,0.027
... < 0 DM,5.0,critical account/ other credits existing (not at this bank),car (used),4379.0,A61,.. >= 7 years,1.0,male : single,none,3.0,real estate,28.0,bank,for free,1.0,skilled employee / official,2.0,none,no,0.175
no checking account,21.0,no credits taken/ all credits paid back duly,radio/television,9152.0,A62,1 <= ... < 4 years,1.0,male : single,none,4.0,unknown / no property,48.0,none,own,1.0,management/ self-employed/ highly qualified employee/ officer,2.0,"yes, registered under the customers name",yes,0.039
... < 0 DM,44.0,existing credits paid back duly till now,car (used),15017.0,A65,unemployed,1.0,female : divorced/separated/married,co-applicant,4.0,if not A121 : building society savings agreement/ life insurance,69.0,stores,for free,1.0,skilled employee / official,2.0,"yes, registered under the customers name",yes,0.261
... >= 200 DM / salary assignments for at least 1 year,60.0,no credits taken/ all credits paid back duly,car (used),15945.0,A64,.. >= 7 years,4.0,male : single,none,4.0,real estate,75.0,bank,own,1.0,management/ self-employed/ highly qualified employee/ officer,2.0,none,no,0.017
0 <= ... < 200 DM,4.0,critical account/ other credits existing (not at this bank),retraining,276.0,A63,... < 1 year,1.0,male : divorced/separated,none,1.0,if not A121 : building society savings agreement/ life insurance,19.0,none,rent,4.0,unemployed/ unskilled - non-resident,1.0,none,no,0.848
... < 0 DM,12.0,existing credits paid back duly till now,car (new),1154.0,A61,4 <= ... < 7 years,4.0,male : single,guarantor,4.0,"if not A121/A122 : car or other, not in attribute 6",23.0,none,for free,4.0,skilled employee / official,1.0,"yes, registered under the customers name",yes,0.787
no checking account,26.0,delay in paying off in the past,car (used),4477.0,A65,... < 1 year,1.0,male : divorced/separated,none,4.0,"if not A121/A122 : car or other, not in attribute 6",75.0,stores,rent,2.0,skilled employee / official,1.0,none,yes,0.717
... < 0 DM,46.0,critical account/ other credits existing (not at this bank),education,10468.0,A65,4 <= ... < 7 years,1.0,male : married/widowed,none,4.0,if not A121 : building society savings agreement/ life insurance,41.0,none,rent,4.0,unemployed/ unskilled - non-resident,1.0,none,no,0.77
... < 0 DM,60.0,delay in paying off in the past,education,15945.0,A65,... < 1 year,4.0,male : divorced/separated,guarantor,4.0,"if not A121/A122 : car or other, not in attribute 6",70.0,none,for free,4.0,skilled employee / official,1.0,none,yes,0.876
no checking account,36.0,critical account/ other credits existing (not at this bank),furniture/equipment,10974.0,A61,unemployed,4.0,male : married/widowed,co-applicant,1.0,unknown / no property,26.0,none,own,2.0,unskilled - resident,2.0,"yes, registered under the customers name",yes,0.098
... < 0 DM,4.0,delay in paying off in the past,retraining,276.0,A65,... < 1 year,1.0,male : divorced/separated,guarantor,1.0,if not A121 : building society savings agreement/ life insurance,19.0,none,rent,3.0,unemployed/ unskilled - non-resident,1.0,"yes, registered under the customers name",yes,0.859
0 <= ... < 200 DM,4.0,all credits at this bank paid back duly,car (new),276.0,A63,... < 1 year,2.0,female : divorced/separated/married,none,4.0,if not A121 : building society savings agreement/ life insurance,19.0,none,for free,1.0,unskilled - resident,1.0,none,no,0.777
... >= 200 DM / salary assignments for at least 1 year,18.0,existing credits paid back duly till now,retraining,2595.0,A61,4 <= ... < 7 years,3.0,male : divorced/separated,guarantor,4.0,"if not A121/A122 : car or other, not in attribute 6",42.0,none,rent,4.0,unskilled - resident,1.0,none,yes,0.83
0 <= ... < 200 DM,37.0,existing credits paid back duly till now,radio/television,8428.0,A61,... < 1 year,4.0,female : divorced/separated/married,guarantor,4.0,if not A121 : building society savings agreement/ life insurance,58.0,none,for free,2.0,skilled employee / official,1.0,none,yes,0.744
0 <= ... < 200 DM,60.0,all credits at this bank paid back duly,car (new),15945.0,A65,... < 1 year,4.0,male : divorced/separated,none,4.0,if not A121 : building society savings agreement/ life insurance,75.0,none,rent,4.0,unskilled - resident,1.0,"yes, registered under the customers name",no,0.863
... >= 200 DM / salary assignments for at least 1 year,4.0,no credits taken/ all credits paid back duly,radio/television,276.0,A62,unemployed,1.0,male : single,co-applicant,1.0,unknown / no property,19.0,bank,own,1.0,management/ self-employed/ highly qualified employee/ officer,2.0,none,yes,0.013
no checking account,32.0,critical account/ other credits existing (not at this bank),radio/television,276.0,A62,.. >= 7 years,3.0,male : single,guarantor,3.0,real estate,19.0,stores,rent,1.0,unskilled - resident,2.0,"yes, registered under the customers name",no,0.144
... < 0 DM,50.0,existing credits paid back duly till now,car (used),4874.0,A61,1 <= ... < 4 years,4.0,male : married/widowed,guarantor,4.0,unknown / no property,19.0,bank,own,1.0,skilled employee / official,2.0,none,yes,0.08
0 <= ... < 200 DM,60.0,existing credits paid back duly till now,radio/television,11959.0,A62,unemployed,4.0,male : single,none,4.0,real estate,43.0,none,own,1.0,management/ self-employed/ highly qualified employee/ officer,1.0,none,yes,0.068
... >= 200 DM / salary assignments for at least 1 year,60.0,critical account/ other credits existing (not at this bank),car (used),15945.0,A62,1 <= ... < 4 years,4.0,male : single,guarantor,4.0,if not A121 : building society savings agreement/ life insurance,75.0,bank,rent,1.0,unskilled - resident,2.0,"yes, registered under the customers name",no,0.114
0 <= ... < 200 DM,4.0,delay in paying off in the past,retraining,276.0,A63,... < 1 year,1.0,male : divorced/separated,none,1.0,"if not A121/A122 : car or other, not in attribute 6",19.0,none,own,3.0,unskilled - resident,1.0,"yes, registered under the customers name",no,0.831
... < 0 DM,4.0,existing credits paid back duly till now,furniture/equipment,276.0,A63,4 <= ... < 7 years,4.0,male : divorced/separated,guarantor,4.0,if not A121 : building society savings agreement/ life insurance,19.0,none,for free,4.0,unemployed/ unskilled - non-resident,1.0,none,yes,0.882
0 <= ... < 200 DM,4.0,existing credits paid back duly till now,education,276.0,A65,... < 1 year,4.0,male : divorced/separated,guarantor,1.0,real estate,44.0,stores,rent,2.0,unskilled - resident,1.0,none,yes,0.785
0 <= ... < 200 DM,34.0,existing credits paid back duly till now,retraining,5450.0,A63,... < 1 year,1.0,male : divorced/separated,guarantor,2.0,real estate,55.0,none,for free,4.0,unemployed/ unskilled - non-resident,1.0,none,yes,0.899
0 <= ... < 200 DM,60.0,delay in paying off in the past,retraining,15544.0,A63,... < 1 year,4.0,male : divorced/separated,guarantor,4.0,if not A121 : building society savings agreement/ life insurance,75.0,none,for free,4.0,unskilled - resident,1.0,"yes, registered under the customers name",yes,0.892
... < 0 DM,33.0,existing credits paid back duly till now,repairs,2134.0,A61,1 <= ... < 4 years,1.0,female : divorced/separated/married,guarantor,1.0,real estate,19.0,none,own,1.0,unemployed/ unskilled - non-resident,1.0,none,yes,0.308
no checking account,54.0,critical account/ other credits existing (not at this bank),radio/television,7827.0,A62,unemployed,2.0,male : single,none,2.0,real estate,19.0,none,own,1.0,skilled employee / official,1.0,none,no,0.103
0 <= ... < 200 DM,60.0,existing credits paid back duly till now,car (used),13374.0,A61,1 <= ... < 4 years,3.0,female : divorced/separated/married,none,3.0,unknown / no property,40.0,none,rent,1.0,skilled employee / official,2.0,none,yes,0.207
... >= 200 DM / salary assignments for at least 1 year,4.0,no credits taken/ all credits paid back duly,car (used),276.0,A62,.. >= 7 years,1.0,male : single,co-applicant,1.0,real estate,19.0,bank,own,1.0,management/ self-employed/ highly qualified employee/ officer,2.0,"yes, registered under the customers name",no,0.017
no checking account,4.0,critical account/ other credits existing (not at this bank),radio/television,3637.0,A61,.. >= 7 years,2.0,male : single,co-applicant,3.0,unknown / no property,25.0,none,rent,1.0,unemployed/ unskilled - non-resident,1.0,none,yes,0.283
... < 0 DM,16.0,critical account/ other credits existing (not at this bank),car (new),8974.0,A62,unemployed,3.0,male : single,none,4.0,unknown / no property,43.0,bank,own,1.0,skilled employee / official,2.0,"yes, registered under the customers name",yes,0.085
... < 0 DM,60.0,no credits taken/ all credits paid back duly,car (used),15945.0,A61,unemployed,3.0,female : divorced/separated/married,guarantor,1.0,"if not A121/A122 : car or other, not in attribute 6",50.0,bank,rent,1.0,management/ self-employed/ highly qualified employee/ officer,2.0,"yes, registered under the customers name",no,0.051
no checking account,42.0,critical account/ other credits existing (not at this bank),car (used),14901.0,A61,.. >= 7 years,4.0,male : single,co-applicant,4.0,real estate,75.0,bank,own,3.0,management/ self-employed/ highly qualified employee/ officer,2.0,"yes, registered under the customers name",yes,0.019
no checking account,4.0,no credits taken/ all credits paid back duly,car (used),276.0,A62,unemployed,1.0,male : married/widowed,co-applicant,1.0,unknown / no property,19.0,bank,own,1.0,unemployed/ unskilled - non-resident,2.0,"yes, registered under the customers name",yes,0.024
0 <= ... < 200 DM,4.0,delay in paying off in the past,domestic appliances,276.0,A61,unemployed,3.0,male : single,none,3.0,if not A121 : building society savings agreement/ life insurance,27.0,bank,own,1.0,management/ self-employed/ highly qualified employee/ officer,2.0,none,no,0.092
... >= 200 DM / salary assignments for at least 1 year,13.0,critical account/ other credits existing (not at this bank),car (new),3668.0,A61,1 <= ... < 4 years,4.0,male : single,co-applicant,4.0,unknown / no property,47.0,none,own,1.0,management/ self-employed/ highly qualified employee/ officer,1.0,"yes, registered under the customers name",yes,0.172
0 <= ... < 200 DM,36.0,delay in paying off in the past,car (used),10348.0,A62,unemployed,4.0,female : divorced/separated/married,none,4.0,real estate,67.0,stores,own,1.0,management/ self-employed/ highly qualified employee/ officer,2.0,"yes, registered under the customers name",yes,0.034
... >= 200 DM / salary assignments for at least 1 year,60.0,delay in paying off in the past,car (new),15945.0,A61,unemployed,4.0,male : single,guarantor,4.0,"if not A121/A122 : car or other, not in attribute 6",75.0,stores,own,1.0,management/ self-employed/ highly qualified employee/ officer,2.0,none,no,0.059
... >= 200 DM / salary assignments for at least 1 year,13.0,existing credits paid back duly till now,repairs,456.0,A64,.. >= 7 years,4.0,male : single,none,4.0,unknown / no property,26.0,bank,for free,1.0,unskilled - resident,2.0,none,no,0.179
no checking account,60.0,critical account/ other credits existing (not at this bank),domestic appliances,13739.0,A62,unemployed,1.0,male : single,none,1.0,real estate,19.0,none,rent,1.0,management/ self-employed/ highly qualified employee/ officer,2.0,none,yes,0.067
... < 0 DM,34.0,all credits at this bank paid back duly,car (used),6342.0,A61,4 <= ... < 7 years,4.0,male : married/widowed,co-applicant,4.0,unknown / no property,53.0,bank,for free,2.0,unskilled - resident,2.0,none,yes,0.132
... < 0 DM,11.0,critical account/ other credits existing (not at this bank),others,709.0,A64,4 <= ... < 7 years,1.0,male : single,guarantor,1.0,"if not A121/A122 : car or other, not in attribute 6",19.0,bank,own,1.0,unemployed/ unskilled - non-resident,1.0,none,no,0.182
no checking account,27.0,critical account/ other credits existing (not at this bank),repairs,5260.0,A62,unemployed,2.0,male : single,none,2.0,if not A121 : building society savings agreement/ life insurance,34.0,bank,own,2.0,skilled employee / official,1.0,none,yes,0.146
no checking account,47.0,no credits taken/ all credits paid back duly,car (used),11089.0,A61,4 <= ... < 7 years,3.0,male : married/widowed,none,3.0,if not A121 : building society savings agreement/ life insurance,52.0,stores,own,2.0,skilled employee / official,2.0,"yes, registered under the customers name",yes,0.123
no checking account,10.0,no credits taken/ all credits paid back duly,others,3231.0,A62,unemployed,1.0,male : single,co-applicant,2.0,real estate,27.0,bank,own,1.0,management/ self-employed/ highly qualified employee/ officer,1.0,"yes, registered under the customers name",yes,0.022
... < 0 DM,4.0,existing credits paid back duly till now,car (used),9519.0,A61,.. >= 7 years,1.0,male : single,none,3.0,unknown / no property,49.0,bank,own,1.0,management/ self-employed/ highly qualified employee/ officer,2.0,"yes, registered under the customers name",yes,0.03
... >= 200 DM / salary assignments for at least 1 year,10.0,delay in paying off in the past,radio/television,276.0,A62,.. >= 7 years,1.0,male : single,co-applicant,1.0,unknown / no property,19.0,bank,own,1.0,management/ self-employed/ highly qualified employee/ officer,1.0,"yes, registered under the customers name",no,0.023
0 <= ... < 200 DM,29.0,no credits taken/ all credits paid back duly,others,10018.0,A61,1 <= ... < 4 years,4.0,female : divorced/separated/married,none,1.0,if not A121 : building society savings agreement/ life insurance,19.0,bank,own,1.0,management/ self-employed/ highly qualified employee/ officer,2.0,none,yes,0.074
0 <= ... < 200 DM,60.0,no credits taken/ all credits paid back duly,others,15945.0,A61,1 <= ... < 4 years,1.0,female : divorced/separated/married,none,3.0,if not A121 : building society savings agreement/ life insurance,43.0,bank,own,1.0,management/ self-employed/ highly qualified employee/ officer,1.0,"yes, registered under the customers name",no,0.086
... >= 200 DM / salary assignments for at least 1 year,60.0,critical account/ other credits existing (not at this bank),business,15945.0,A62,.. >= 7 years,4.0,male : married/widowed,co-applicant,4.0,unknown / no property,75.0,stores,rent,4.0,unemployed/ unskilled - non-resident,2.0,"yes, registered under the customers name",no,0.054
... < 0 DM,60.0,no credits taken/ all credits paid back duly,others,15945.0,A63,4 <= ... < 7 years,3.0,male : divorced/separated,guarantor,4.0,"if not A121/A122 : car or other, not in attribute 6",70.0,bank,for free,2.0,management/ self-employed/ highly qualified employee/ officer,2.0,none,yes,0.252
... < 0 DM,60.0,delay in paying off in the past,radio/television,1600.0,A62,4 <= ... < 7 years,1.0,female : divorced/separated/married,none,1.0,real estate,19.0,stores,for free,1.0,management/ self-employed/ highly qualified employee/ officer,2.0,none,no,0.084
0 <= ... < 200 DM,4.0,critical account/ other credits existing (not at this bank),retraining,276.0,A63,1 <= ... < 4 years,1.0,male : single,guarantor,1.0,if not A121 : building society savings agreement/ life insurance,19.0,stores,rent,4.0,unskilled - resident,1.0,"yes, registered under the customers name",yes,0.765
no checking account,4.0,existing credits paid back duly till now,retraining,276.0,A63,... < 1 year,4.0,male : divorced/separated,none,2.0,"if not A121/A122 : car or other, not in attribute 6",24.0,none,for free,3.0,unemployed/ unskilled - non-resident,1.0,none,no,0.843
0 <= ... < 200 DM,21.0,existing credits paid back duly till now,car (new),5487.0,A61,4 <= ... < 7 years,4.0,male : single,co-applicant,3.0,if not A121 : building society savings agreement/ life insurance,42.0,none,for free,4.0,skilled employee / official,1.0,"yes, registered under the customers name",yes,0.811
... < 0 DM,37.0,critical account/ other credits existing (not at this bank),others,9806.0,A63,... < 1 year,4.0,male : divorced/separated,guarantor,4.0,"if not A121/A122 : car or other, not in attribute 6",63.0,none,rent,4.0,unskilled - resident,1.0,"yes, registered under the customers name",no,0.801
0 <= ... < 200 DM,60.0,all credits at this bank paid back duly,retraining,15945.0,A65,... < 1 year,4.0,male : divorced/separated,guarantor,4.0,if not A121 : building society savings agreement/ life insurance,75.0,none,for free,3.0,skilled employee / official,1.0,"yes, registered under the customers name",yes,0.842
0 <= ... < 200 DM,34.0,existing credits paid back duly till now,retraining,5442.0,A63,... < 1 year,1.0,male : divorced/separated,guarantor,2.0,real estate,55.0,none,for free,4.0,unemployed/ unskilled - non-resident,1.0,none,yes,0.899
0 <= ... < 200 DM,4.0,delay in paying off in the past,education,276.0,A65,... < 1 year,1.0,male : divorced/separated,none,1.0,if not A121 : building society savings agreement/ life insurance,19.0,none,rent,4.0,skilled employee / official,1.0,"yes, registered under the customers name",yes,0.849
0 <= ... < 200 DM,4.0,existing credits paid back duly till now,furniture/equipment,276.0,A61,... < 1 year,2.0,male : divorced/separated,co-applicant,4.0,"if not A121/A122 : car or other, not in attribute 6",75.0,none,for free,4.0,unskilled - resident,1.0,none,no,0.825
no checking account,18.0,existing credits paid back duly till now,car (new),276.0,A64,4 <= ... < 7 years,4.0,male : married/widowed,none,4.0,if not A121 : building society savings agreement/ life insurance,19.0,none,for free,1.0,skilled employee / official,1.0,"yes, registered under the customers name",yes,0.784
... < 0 DM,38.0,all credits at this bank paid back duly,education,5889.0,A65,1 <= ... < 4 years,4.0,female : divorced/separated/married,none,4.0,if not A121 : building society savings agreement/ life insurance,48.0,none,rent,4.0,unskilled - resident,1.0,none,yes,0.808
0 <= ... < 200 DM,60.0,existing credits paid back duly till now,education,15945.0,A65,4 <= ... < 7 years,4.0,male : divorced/separated,none,4.0,if not A121 : building society savings agreement/ life insurance,75.0,none,for free,4.0,skilled employee / official,1.0,"yes, registered under the customers name",yes,0.824
0 <= ... < 200 DM,4.0,critical account/ other credits existing (not at this bank),retraining,276.0,A63,... < 1 year,1.0,male : divorced/separated,none,1.0,if not A121 : building society savings agreement/ life insurance,20.0,none,rent,4.0,unemployed/ unskilled - non-resident,1.0,none,no,0.848
... < 0 DM,12.0,existing credits paid back duly till now,car (new),1133.0,A61,4 <= ... < 7 years,4.0,male : single,guarantor,4.0,"if not A121/A122 : car or other, not in attribute 6",23.0,none,for free,4.0,skilled employee / official,1.0,"yes, registered under the customers name",yes,0.787
no checking account,26.0,delay in paying off in the past,car (used),4422.0,A65,... < 1 year,1.0,male : divorced/separated,none,4.0,"if not A121/A122 : car or other, not in attribute 6",75.0,stores,rent,2.0,skilled employee / official,1.0,none,yes,0.718
... < 0 DM,46.0,critical account/ other credits existing (not at this bank),education,10487.0,A65,4 <= ... < 7 years,1.0,male : married/widowed,none,4.0,if not A121 : building society savings agreement/ life insurance,41.0,none,rent,4.0,unemployed/ unskilled - non-resident,1.0,none,no,0.77
no checking account,4.0,critical account/ other credits existing (not at this bank),radio/television,3636.0,A61,.. >= 7 years,2.0,male : single,co-applicant,3.0,unknown / no property,25.0,none,rent,1.0,unemployed/ unskilled - non-resident,1.0,none,yes,0.283
... < 0 DM,16.0,critical account/ other credits existing (not at this bank),car (new),8975.0,A62,unemployed,3.0,male : single,none,4.0,unknown / no property,43.0,bank,own,1.0,skilled employee / official,2.0,"yes, registered under the customers name",yes,0.085
no checking account,42.0,critical account/ other credits existing (not at this bank),car (used),14903.0,A61,.. >= 7 years,4.0,male : single,co-applicant,4.0,real estate,75.0,bank,own,3.0,management/ self-employed/ highly qualified employee/ officer,2.0,"yes, registered under the customers name",yes,0.019
0 <= ... < 200 DM,4.0,delay in paying off in the past,car (new),276.0,A63,... < 1 year,1.0,male : divorced/separated,guarantor,1.0,if not A121 : building society savings agreement/ life insurance,19.0,none,for free,2.0,skilled employee / official,1.0,none,yes,0.823
... >= 200 DM / salary assignments for at least 1 year,4.0,all credits at this bank paid back duly,education,276.0,A65,4 <= ... < 7 years,4.0,male : single,none,4.0,"if not A121/A122 : car or other, not in attribute 6",36.0,none,rent,1.0,unskilled - resident,1.0,none,no,0.744
... < 0 DM,4.0,existing credits paid back duly till now,retraining,276.0,A65,4 <= ... < 7 years,4.0,male : divorced/separated,guarantor,4.0,if not A121 : building society savings agreement/ life insurance,75.0,none,for free,4.0,unskilled - resident,1.0,"yes, registered under the customers name",yes,0.879
... >= 200 DM / salary assignments for at least 1 year,37.0,all credits at this bank paid back duly,radio/television,6569.0,A63,... < 1 year,4.0,male : single,none,4.0,"if not A121/A122 : car or other, not in attribute 6",70.0,none,for free,4.0,skilled employee / official,1.0,none,yes,0.768
... < 0 DM,60.0,delay in paying off in the past,retraining,15945.0,A65,4 <= ... < 7 years,4.0,male : divorced/separated,guarantor,4.0,if not A121 : building society savings agreement/ life insurance,75.0,none,rent,4.0,unskilled - resident,1.0,"yes, registered under the customers name",no,0.818
0 <= ... < 200 DM,49.0,existing credits paid back duly till now,radio/television,3764.0,A62,unemployed,4.0,male : single,none,4.0,real estate,25.0,bank,own,1.0,management/ self-employed/ highly qualified employee/ officer,2.0,"yes, registered under the customers name",yes,0.027
no checking account,5.0,critical account/ other credits existing (not at this bank),business,1964.0,A61,4 <= ... < 7 years,2.0,female : divorced/separated/married,co-applicant,1.0,real estate,19.0,stores,own,1.0,skilled employee / official,2.0,"yes, registered under the customers name",no,0.097
... < 0 DM,22.0,all credits at this bank paid back duly,radio/television,6453.0,A64,.. >= 7 years,3.0,female : divorced/separated/married,none,2.0,real estate,30.0,none,own,1.0,unskilled - resident,1.0,none,yes,0.264
... < 0 DM,60.0,no credits taken/ all credits paid back duly,car (new),15945.0,A61,1 <= ... < 4 years,4.0,male : single,co-applicant,3.0,unknown / no property,46.0,none,own,3.0,skilled employee / official,1.0,none,yes,0.257
no checking account,32.0,critical account/ other credits existing (not at this bank),car (new),10403.0,A61,1 <= ... < 4 years,4.0,female : divorced/separated/married,co-applicant,4.0,real estate,75.0,bank,own,4.0,unemployed/ unskilled - non-resident,2.0,"yes, registered under the customers name",no,0.104
... >= 200 DM / salary assignments for at least 1 year,18.0,existing credits paid back duly till now,retraining,2598.0,A61,4 <= ... < 7 years,3.0,male : divorced/separated,guarantor,4.0,"if not A121/A122 : car or other, not in attribute 6",42.0,none,rent,4.0,unskilled - resident,1.0,none,yes,0.83
0 <= ... < 200 DM,37.0,existing credits paid back duly till now,radio/television,8430.0,A61,... < 1 year,4.0,female : divorced/separated/married,guarantor,4.0,if not A121 : building society savings agreement/ life insurance,58.0,none,for free,2.0,skilled employee / official,1.0,none,yes,0.744
no checking account,4.0,delay in paying off in the past,car (new),276.0,A65,... < 1 year,1.0,male : divorced/separated,none,1.0,if not A121 : building society savings agreement/ life insurance,19.0,none,for free,4.0,unemployed/ unskilled - non-resident,1.0,"yes, registered under the customers name",yes,0.838
... < 0 DM,4.0,all credits at this bank paid back duly,education,276.0,A61,... < 1 year,4.0,male : single,guarantor,1.0,real estate,26.0,none,rent,2.0,skilled employee / official,1.0,none,no,0.758
0 <= ... < 200 DM,22.0,delay in paying off in the past,car (new),276.0,A63,1 <= ... < 4 years,4.0,male : divorced/separated,none,3.0,"if not A121/A122 : car or other, not in attribute 6",56.0,none,own,3.0,unskilled - resident,1.0,none,yes,0.814
... >= 200 DM / salary assignments for at least 1 year,38.0,existing credits paid back duly till now,furniture/equipment,8088.0,A61,... < 1 year,4.0,male : single,none,4.0,real estate,75.0,none,for free,3.0,unemployed/ unskilled - non-resident,1.0,"yes, registered under the customers name",yes,0.755
0 <= ... < 200 DM,60.0,delay in paying off in the past,car (new),15945.0,A65,... < 1 year,4.0,male : divorced/separated,guarantor,2.0,if not A121 : building society savings agreement/ life insurance,42.0,none,rent,4.0,skilled employee / official,1.0,none,no,0.815
0 <= ... < 200 DM,21.0,delay in paying off in the past,car (new),276.0,A63,1 <= ... < 4 years,4.0,male : divorced/separated,none,3.0,"if not A121/A122 : car or other, not in attribute 6",56.0,none,own,3.0,unskilled - resident,1.0,none,yes,0.814
... >= 200 DM / salary assignments for at least 1 year,38.0,existing credits paid back duly till now,furniture/equipment,8091.0,A61,... < 1 year,4.0,male : single,none,4.0,real estate,75.0,none,for free,3.0,unemployed/ unskilled - non-resident,1.0,"yes, registered under the customers name",yes,0.755
0 <= ... < 200 DM,60.0,delay in paying off in the past,car (new),15945.0,A65,... < 1 year,4.0,male : divorced/separated,guarantor,2.0,if not A121 : building society savings agreement/ life insurance,41.0,none,rent,4.0,skilled employee / official,1.0,none,no,0.814
no checking account,4.0,no credits taken/ all credits paid back duly,radio/television,276.0,A62,unemployed,1.0,female : divorced/separated/married,co-applicant,1.0,unknown / no property,19.0,bank,own,1.0,management/ self-employed/ highly qualified employee/ officer,2.0,"yes, registered under the customers name",yes,0.018
0 <= ... < 200 DM,4.0,existing credits paid back duly till now,others,9509.0,A65,unemployed,1.0,male : single,none,1.0,"if not A121/A122 : car or other, not in attribute 6",19.0,bank,own,1.0,unemployed/ unskilled - non-resident,2.0,none,no,0.083
... >= 200 DM / salary assignments for at least 1 year,8.0,critical account/ other credits existing (not at this bank),car (used),15945.0,A61,1 <= ... < 4 years,4.0,male : single,none,2.0,if not A121 : building society savings agreement/ life insurance,19.0,none,own,1.0,unemployed/ unskilled - non-resident,1.0,"yes, registered under the customers name",yes,0.197
0 <= ... < 200 DM,39.0,existing credits paid back duly till now,radio/television,15945.0,A65,.. >= 7 years,1.0,female : divorced/separated/married,none,3.0,real estate,48.0,stores,own,1.0,unemployed/ unskilled - non-resident,2.0,"yes, registered under the customers name",yes,0.077
... >= 200 DM / salary assignments for at least 1 year,60.0,existing credits paid back duly till now,car (new),15945.0,A62,unemployed,4.0,male : single,guarantor,4.0,unknown / no property,75.0,bank,own,1.0,management/ self-employed/ highly qualified employee/ officer,2.0,none,no,0.028
... < 0 DM,4.0,all credits at this bank paid back duly,repairs,276.0,A62,unemployed,1.0,male : married/widowed,co-applicant,1.0,unknown / no property,19.0,bank,own,1.0,management/ self-employed/ highly qualified employee/ officer,2.0,none,yes,0.02
... >= 200 DM / salary assignments for at least 1 year,4.0,no credits taken/ all credits paid back duly,business,276.0,A64,.. >= 7 years,3.0,male : single,none,2.0,real estate,19.0,stores,own,1.0,unskilled - resident,1.0,"yes, registered under the customers name",no,0.11
... < 0 DM,21.0,no credits taken/ all credits paid back duly,repairs,4110.0,A61,4 <= ... < 7 years,4.0,female : divorced/separated/married,none,3.0,real estate,29.0,none,own,2.0,skilled employee / official,1.0,none,yes,0.291
... < 0 DM,44.0,critical account/ other credits existing (not at this bank),radio/television,9880.0,A62,unemployed,4.0,male : married/widowed,co-applicant,4.0,unknown / no property,50.0,none,own,2.0,skilled employee / official,2.0,none,yes,0.068
0 <= ... < 200 DM,60.0,no credits taken/ all credits paid back duly,repairs,15945.0,A61,4 <= ... < 7 years,4.0,male : single,none,4.0,real estate,75.0,bank,own,4.0,unskilled - resident,1.0,"yes, registered under the customers name",no,0.092
0 <= ... < 200 DM,4.0,existing credits paid back duly till now,retraining,276.0,A65,... < 1 year,1.0,male : divorced/separated,none,1.0,if not A121 : building society savings agreement/ life insurance,19.0,none,for free,4.0,skilled employee / official,1.0,"yes, registered under the customers name",no,0.815
... < 0 DM,4.0,all credits at this bank paid back duly,car (new),276.0,A63,4 <= ... < 7 years,2.0,male : single,guarantor,3.0,real estate,34.0,none,rent,2.0,skilled employee / official,1.0,none,yes,0.742
0 <= ... < 200 DM,4.0,existing credits paid back duly till now,education,2524.0,A65,... < 1 year,3.0,male : divorced/separated,none,4.0,"if not A121/A122 : car or other, not in attribute 6",65.0,none,for free,4.0,skilled employee / official,1.0,none,yes,0.88
... < 0 DM,28.0,existing credits paid back duly till now,retraining,7348.0,A63,1 <= ... < 4 years,4.0,male : single,none,4.0,real estate,75.0,none,rent,4.0,unemployed/ unskilled - non-resident,1.0,"yes, registered under the customers name",no,0.759
0 <= ... < 200 DM,60.0,all credits at this bank paid back duly,car (new),15945.0,A63,... < 1 year,4.0,male : divorced/separated,guarantor,4.0,if not A121 : building society savings agreement/ life insurance,75.0,none,for free,4.0,skilled employee / official,1.0,none,yes,0.82
... < 0 DM,41.0,delay in paying off in the past,radio/television,5783.0,A61,... < 1 year,4.0,male : married/widowed,none,4.0,real estate,65.0,stores,own,1.0,skilled employee / official,1.0,none,yes,0.233
no checking account,5.0,delay in paying off in the past,car (new),276.0,A64,... < 1 year,1.0,male : divorced/separated,none,1.0,if not A121 : building society savings agreement/ life insurance,22.0,none,own,1.0,skilled employee / official,1.0,"yes, registered under the customers name",yes,0.742
... < 0 DM,4.0,existing credits paid back duly till now,education,276.0,A65,1 <= ... < 4 years,3.0,female : divorced/separated/married,guarantor,3.0,"if not A121/A122 : car or other, not in attribute 6",19.0,none,rent,4.0,unemployed/ unskilled - non-resident,1.0,none,no,0.786
no checking account,26.0,existing credits paid back duly till now,retraining,4242.0,A63,4 <= ... < 7 years,3.0,male : divorced/separated,none,4.0,"if not A121/A122 : car or other, not in attribute 6",31.0,bank,for free,4.0,unskilled - resident,1.0,none,yes,0.819
... < 0 DM,40.0,all credits at this bank paid back duly,furniture/equipment,8907.0,A64,... < 1 year,4.0,female : divorced/separated/married,none,4.0,if not A121 : building society savings agreement/ life insurance,53.0,none,for free,3.0,skilled employee / official,1.0,none,yes,0.796
no checking account,60.0,existing credits paid back duly till now,car (new),15945.0,A65,... < 1 year,4.0,male : divorced/separated,none,4.0,if not A121 : building society savings agreement/ life insurance,75.0,none,rent,4.0,skilled employee / official,1.0,"yes, registered under the customers name",no,0.838
... >= 200 DM / salary assignments for at least 1 year,13.0,existing credits paid back duly till now,repairs,457.0,A64,.. >= 7 years,4.0,male : single,none,4.0,unknown / no property,26.0,bank,for free,1.0,unskilled - resident,2.0,none,no,0.179
no checking account,60.0,critical account/ other credits existing (not at this bank),domestic appliances,13727.0,A62,unemployed,1.0,male : single,none,1.0,real estate,19.0,none,rent,1.0,management/ self-employed/ highly qualified employee/ officer,2.0,none,yes,0.067
... >= 200 DM / salary assignments for at least 1 year,16.0,critical account/ other credits existing (not at this bank),others,649.0,A61,.. >= 7 years,4.0,female : divorced/separated/married,none,2.0,"if not A121/A122 : car or other, not in attribute 6",30.0,stores,own,1.0,unemployed/ unskilled - non-resident,1.0,"yes, registered under the customers name",yes,0.223
... >= 200 DM / salary assignments for at least 1 year,60.0,no credits taken/ all credits paid back duly,repairs,13747.0,A62,1 <= ... < 4 years,1.0,female : divorced/separated/married,co-applicant,1.0,unknown / no property,19.0,none,own,1.0,management/ self-employed/ highly qualified employee/ officer,1.0,"yes, registered under the customers name",yes,0.038
... < 0 DM,34.0,existing credits paid back duly till now,radio/television,5645.0,A61,unemployed,4.0,male : married/widowed,none,3.0,"if not A121/A122 : car or other, not in attribute 6",54.0,none,own,1.0,management/ self-employed/ highly qualified employee/ officer,2.0,none,no,0.101
... < 0 DM,4.0,existing credits paid back duly till now,car (used),276.0,A64,1 <= ... < 4 years,1.0,female : divorced/separated/married,guarantor,1.0,if not A121 : building society savings agreement/ life insurance,19.0,bank,own,1.0,skilled employee / official,1.0,"yes, registered under the customers name",yes,0.245
... < 0 DM,4.0,no credits taken/ all credits paid back duly,radio/television,3900.0,A62,unemployed,3.0,male : single,none,1.0,unknown / no property,19.0,stores,for free,1.0,management/ self-employed/ highly qualified employee/ officer,2.0,none,no,0.072
... >= 200 DM / salary assignments for at least 1 year,24.0,delay in paying off in the past,domestic appliances,7335.0,A61,1 <= ... < 4 years,3.0,male : married/widowed,guarantor,1.0,real estate,31.0,stores,own,1.0,unemployed/ unskilled - non-resident,1.0,"yes, registered under the customers name",yes,0.115
... < 0 DM,41.0,no credits taken/ all credits paid back duly,car (used),12375.0,A61,unemployed,4.0,male : single,none,2.0,unknown / no property,45.0,bank,own,1.0,management/ self-employed/ highly qualified employee/ officer,2.0,"yes, registered under the customers name",no,0.02
... < 0 DM,60.0,critical account/ other credits existing (not at this bank),car (used),15945.0,A62,1 <= ... < 4 years,4.0,female : divorced/separated/married,co-applicant,4.0,real estate,75.0,bank,own,1.0,management/ self-employed/ highly qualified employee/ officer,2.0,none,yes,0.018
0 <= ... < 200 DM,4.0,delay in paying off in the past,retraining,276.0,A63,... < 1 year,1.0,male : divorced/separated,none,2.0,if not A121 : building society savings agreement/ life insurance,19.0,none,rent,4.0,unskilled - resident,1.0,"yes, registered under the customers name",no,0.888
no checking account,4.0,existing credits paid back duly till now,car (new),276.0,A65,... < 1 year,4.0,female : divorced/separated/married,none,1.0,"if not A121/A122 : car or other, not in attribute 6",27.0,none,for free,2.0,skilled employee / official,1.0,none,yes,0.766
0 <= ... < 200 DM,29.0,delay in paying off in the past,education,276.0,A63,... < 1 year,4.0,male : divorced/separated,guarantor,4.0,if not A121 : building society savings agreement/ life insurance,57.0,none,rent,4.0,unskilled - resident,1.0,none,yes,0.936
no checking account,42.0,existing credits paid back duly till now,furniture/equipment,7493.0,A61,... < 1 year,4.0,female : divorced/separated/married,none,2.0,if not A121 : building society savings agreement/ life insurance,64.0,none,for free,4.0,unemployed/ unskilled - non-resident,1.0,"yes, registered under the customers name",no,0.764
no checking account,60.0,all credits at this bank paid back duly,furniture/equipment,15945.0,A65,... < 1 year,4.0,male : divorced/separated,none,4.0,if not A121 : building society savings agreement/ life insurance,75.0,none,for free,4.0,skilled employee / official,1.0,"yes, registered under the customers name",yes,0.835
... < 0 DM,34.0,existing credits paid back duly till now,radio/television,5644.0,A61,unemployed,4.0,male : married/widowed,none,3.0,"if not A121/A122 : car or other, not in attribute 6",54.0,none,own,1.0,management/ self-employed/ highly qualified employee/ officer,2.0,none,no,0.101
0 <= ... < 200 DM,4.0,existing credits paid back duly till now,retraining,276.0,A65,... < 1 year,1.0,male : divorced/separated,none,1.0,if not A121 : building society savings agreement/ life insurance,19.0,none,for free,4.0,skilled employee / official,1.0,none,yes,0.831
... >= 200 DM / salary assignments for at least 1 year,4.0,all credits at this bank paid back duly,furniture/equipment,276.0,A61,... < 1 year,2.0,male : single,guarantor,4.0,if not A121 : building society savings agreement/ life insurance,40.0,none,rent,2.0,unemployed/ unskilled - non-resident,1.0,"yes, registered under the customers name",no,0.777
... < 0 DM,10.0,existing credits paid back duly till now,others,276.0,A65,4 <= ... < 7 years,4.0,male : divorced/separated,none,4.0,"if not A121/A122 : car or other, not in attribute 6",71.0,none,rent,4.0,skilled employee / official,1.0,none,yes,0.844
0 <= ... < 200 DM,33.0,delay in paying off in the past,retraining,7327.0,A61,4 <= ... < 7 years,4.0,male : single,none,4.0,real estate,75.0,none,for free,3.0,unemployed/ unskilled - non-resident,1.0,none,yes,0.793
... < 0 DM,60.0,existing credits paid back duly till now,furniture/equipment,15945.0,A65,... < 1 year,4.0,male : divorced/separated,guarantor,4.0,if not A121 : building society savings agreement/ life insurance,75.0,none,rent,4.0,skilled employee / official,1.0,"yes, registered under the customers name",no,0.827
0 <= ... < 200 DM,4.0,no credits taken/ all credits paid back duly,car (used),276.0,A62,unemployed,1.0,male : single,co-applicant,1.0,unknown / no property,19.0,bank,own,1.0,management/ self-employed/ highly qualified employee/ officer,2.0,none,yes,0.015
no checking account,32.0,critical account/ other credits existing (not at this bank),education,2225.0,A61,.. >= 7 years,2.0,male : single,none,2.0,unknown / no property,22.0,bank,own,1.0,unskilled - resident,2.0,"yes, registered under the customers name",no,0.071
... >= 200 DM / salary assignments for at least 1 year,48.0,delay in paying off in the past,radio/television,6225.0,A62,.. >= 7 years,3.0,male : married/widowed,none,4.0,unknown / no property,43.0,none,for free,1.0,skilled employee / official,1.0,none,yes,0.334
0 <= ... < 200 DM,60.0,delay in paying off in the past,education,13574.0,A61,1 <= ... < 4 years,4.0,female : divorced/separated/married,co-applicant,3.0,real estate,63.0,none,for free,1.0,skilled employee / official,2.0,none,yes,0.324
no checking account,60.0,existing credits paid back duly till now,business,15945.0,A64,.. >= 7 years,4.0,male : single,none,4.0,unknown / no property,75.0,stores,own,1.0,management/ self-employed/ highly qualified employee/ officer,2.0,"yes, registered under the customers name",no,0.039
... >= 200 DM / salary assignments for at least 1 year,24.0,no credits taken/ all credits paid back duly,others,11333.0,A62,unemployed,2.0,female : divorced/separated/married,none,3.0,unknown / no property,29.0,stores,rent,1.0,unemployed/ unskilled - non-resident,2.0,none,no,0.083
... < 0 DM,36.0,delay in paying off in the past,retraining,7372.0,A61,4 <= ... < 7 years,4.0,male : single,guarantor,4.0,"if not A121/A122 : car or other, not in attribute 6",50.0,none,for free,4.0,unemployed/ unskilled - non-resident,1.0,none,no,0.82
0 <= ... < 200 DM,4.0,existing credits paid back duly till now,car (new),276.0,A63,... < 1 year,1.0,male : divorced/separated,none,1.0,if not A121 : building society savings agreement/ life insurance,19.0,none,rent,4.0,skilled employee / official,1.0,none,no,0.802
no checking account,4.0,all credits at this bank paid back duly,furniture/equipment,276.0,A64,... < 1 year,4.0,female : divorced/separated/married,none,3.0,if not A121 : building society savings agreement/ life insurance,25.0,none,for free,2.0,skilled employee / official,1.0,"yes, registered under the customers name",yes,0.77
no checking account,16.0,delay in paying off in the past,retraining,1712.0,A65,1 <= ... < 4 years,4.0,male : divorced/separated,co-applicant,4.0,"if not A121/A122 : car or other, not in attribute 6",46.0,stores,rent,4.0,skilled employee / official,1.0,none,yes,0.793
... < 0 DM,36.0,delay in paying off in the past,car (new),6499.0,A61,1 <= ... < 4 years,4.0,male : married/widowed,none,4.0,if not A121 : building society savings agreement/ life insurance,67.0,none,for free,4.0,unemployed/ unskilled - non-resident,1.0,none,no,0.8
0 <= ... < 200 DM,60.0,delay in paying off in the past,car (new),15945.0,A63,... < 1 year,4.0,male : divorced/separated,guarantor,4.0,if not A121 : building society savings agreement/ life insurance,75.0,none,rent,3.0,skilled employee / official,1.0,"yes, registered under the customers name",yes,0.817
... < 0 DM,32.0,all credits at this bank paid back duly,others,5577.0,A64,.. >= 7 years,1.0,male : single,guarantor,1.0,unknown / no property,21.0,bank,for free,1.0,unemployed/ unskilled - non-resident,1.0,"yes, registered under the customers name",no,0.182
no checking account,48.0,no credits taken/ all credits paid back duly,business,10124.0,A62,1 <= ... < 4 years,2.0,female : divorced/separated/married,co-applicant,2.0,unknown / no property,40.0,stores,rent,1.0,management/ self-employed/ highly qualified employee/ officer,1.0,none,yes,0.052
... < 0 DM,4.0,no credits taken/ all credits paid back duly,radio/television,276.0,A62,unemployed,1.0,male : divorced/separated,none,1.0,if not A121 : building society savings agreement/ life insurance,19.0,bank,own,1.0,skilled employee / official,2.0,"yes, registered under the customers name",yes,0.179
no checking account,6.0,no credits taken/ all credits paid back duly,others,4310.0,A64,1 <= ... < 4 years,3.0,male : single,co-applicant,1.0,real estate,19.0,bank,rent,1.0,unskilled - resident,2.0,none,no,0.071
... < 0 DM,18.0,delay in paying off in the past,radio/television,9021.0,A61,1 <= ... < 4 years,4.0,female : divorced/separated/married,none,2.0,unknown / no property,28.0,bank,rent,1.0,management/ self-employed/ highly qualified employee/ officer,1.0,"yes, registered under the customers name",yes,0.105
... >= 200 DM / salary assignments for at least 1 year,38.0,no credits taken/ all credits paid back duly,car (used),14191.0,A61,1 <= ... < 4 years,4.0,male : single,guarantor,3.0,if not A121 : building society savings agreement/ life insurance,45.0,none,own,2.0,skilled employee / official,2.0,"yes, registered under the customers name",yes,0.182
... < 0 DM,60.0,no credits taken/ all credits paid back duly,radio/television,15945.0,A62,1 <= ... < 4 years,4.0,male : single,none,4.0,real estate,75.0,stores,rent,1.0,management/ self-employed/ highly qualified employee/ officer,2.0,none,no,0.035
... >= 200 DM / salary assignments for at least 1 year,4.0,no credits taken/ all credits paid back duly,business,5852.0,A64,unemployed,1.0,male : single,co-applicant,1.0,unknown / no property,19.0,stores,rent,1.0,management/ self-employed/ highly qualified employee/ officer,1.0,none,yes,0.059
no checking account,4.0,all credits at this bank paid back duly,radio/television,276.0,A61,1 <= ... < 4 years,3.0,female : divorced/separated/married,none,3.0,real estate,19.0,bank,own,1.0,unskilled - resident,2.0,"yes, registered under the customers name",no,0.104
... < 0 DM,43.0,all credits at this bank paid back duly,radio/television,276.0,A61,1 <= ... < 4 years,4.0,female : divorced/separated/married,none,4.0,real estate,55.0,bank,own,1.0,unskilled - resident,1.0,none,yes,0.151
0 <= ... < 200 DM,60.0,delay in paying off in the past,radio/television,15945.0,A63,... < 1 year,4.0,male : divorced/separated,none,4.0,if not A121 : building society savings agreement/ life insurance,75.0,bank,own,4.0,skilled employee / official,2.0,none,yes,0.405
... < 0 DM,18.0,critical account/ other credits existing (not at this bank),car (used),15945.0,A62,1 <= ... < 4 years,4.0,female : divorced/separated/married,guarantor,4.0,real estate,27.0,bank,own,3.0,unskilled - resident,2.0,none,no,0.088
0 <= ... < 200 DM,4.0,critical account/ other credits existing (not at this bank),retraining,276.0,A65,... < 1 year,1.0,male : divorced/separated,co-applicant,1.0,if not A121 : building society savings agreement/ life insurance,19.0,none,for free,3.0,unemployed/ unskilled - non-resident,1.0,"yes, registered under the customers name",no,0.788
... < 0 DM,4.0,existing credits paid back duly till now,car (new),276.0,A63,4 <= ... < 7 years,2.0,male : single,guarantor,4.0,"if not A121/A122 : car or other, not in attribute 6",19.0,none,rent,2.0,unskilled - resident,1.0,none,yes,0.781
... < 0 DM,22.0,delay in paying off in the past,education,2739.0,A65,1 <= ... < 4 years,3.0,male : married/widowed,none,4.0,unknown / no property,39.0,stores,rent,4.0,unskilled - resident,1.0,"yes, registered under the customers name",yes,0.586
0 <= ... < 200 DM,39.0,existing credits paid back duly till now,radio/television,7664.0,A65,... < 1 year,4.0,male : divorced/separated,none,4.0,if not A121 : building society savings agreement/ life insurance,75.0,none,for free,4.0,unskilled - resident,1.0,none,no,0.858
... < 0 DM,60.0,existing credits paid back duly till now,retraining,15945.0,A65,4 <= ... < 7 years,3.0,male : divorced/separated,guarantor,4.0,"if not A121/A122 : car or other, not in attribute 6",43.0,none,rent,4.0,unemployed/ unskilled - non-resident,1.0,none,yes,0.823
... >= 200 DM / salary assignments for at least 1 year,60.0,no credits taken/ all credits paid back duly,repairs,13748.0,A62,1 <= ... < 4 years,1.0,female : divorced/separated/married,co-applicant,1.0,unknown / no property,19.0,none,own,1.0,management/ self-employed/ highly qualified employee/ officer,1.0,"yes, registered under the customers name",yes,0.038
no checking account,20.0,delay in paying off in the past,repairs,1369.0,A61,1 <= ... < 4 years,2.0,female : divorced/separated/married,none,2.0,real estate,19.0,none,rent,1.0,unemployed/ unskilled - non-resident,2.0,"yes, registered under the customers name",no,0.23
... < 0 DM,36.0,no credits taken/ all credits paid back duly,domestic appliances,5710.0,A62,unemployed,3.0,male : married/widowed,co-applicant,3.0,real estate,19.0,bank,rent,1.0,management/ self-employed/ highly qualified employee/ officer,1.0,none,yes,0.058
... < 0 DM,33.0,existing credits paid back duly till now,repairs,2131.0,A61,1 <= ... < 4 years,1.0,female : divorced/separated/married,guarantor,1.0,real estate,19.0,none,own,1.0,unemployed/ unskilled - non-resident,1.0,none,yes,0.308
no checking account,54.0,critical account/ other credits existing (not at this bank),radio/television,7825.0,A62,unemployed,2.0,male : single,none,2.0,real estate,19.0,none,own,1.0,skilled employee / official,1.0,none,no,0.103
0 <= ... < 200 DM,4.0,delay in paying off in the past,retraining,276.0,A63,4 <= ... < 7 years,1.0,male : divorced/separated,none,2.0,"if not A121/A122 : car or other, not in attribute 6",19.0,none,for free,4.0,unskilled - resident,1.0,none,no,0.904
... >= 200 DM / salary assignments for at least 1 year,4.0,existing credits paid back duly till now,car (new),276.0,A65,... < 1 year,2.0,male : divorced/separated,guarantor,1.0,if not A121 : building society savings agreement/ life insurance,29.0,none,rent,3.0,skilled employee / official,1.0,"yes, registered under the customers name",yes,0.809
no checking account,20.0,delay in paying off in the past,furniture/equipment,276.0,A61,... < 1 year,4.0,female : divorced/separated/married,none,3.0,if not A121 : building society savings agreement/ life insurance,65.0,none,for free,4.0,unemployed/ unskilled - non-resident,1.0,none,yes,0.836
no checking account,36.0,delay in paying off in the past,education,9504.0,A63,... < 1 year,4.0,male : divorced/separated,co-applicant,4.0,if not A121 : building society savings agreement/ life insurance,75.0,none,rent,4.0,skilled employee / official,1.0,none,yes,0.865
... >= 200 DM / salary assignments for at least 1 year,60.0,all credits at this bank paid back duly,furniture/equipment,15945.0,A64,... < 1 year,2.0,male : divorced/separated,none,3.0,if not A121 : building society savings agreement/ life insurance,34.0,none,for free,4.0,skilled employee / official,1.0,"yes, registered under the customers name",yes,0.774
no checking account,4.0,existing credits paid back duly till now,furniture/equipment,6414.0,A65,... < 1 year,1.0,male : divorced/separated,none,1.0,if not A121 : building society savings agreement/ life insurance,19.0,none,own,4.0,unemployed/ unskilled - non-resident,1.0,none,yes,0.796
0 <= ... < 200 DM,4.0,delay in paying off in the past,car (new),276.0,A65,1 <= ... < 4 years,2.0,female : divorced/separated/married,none,4.0,"if not A121/A122 : car or other, not in attribute 6",25.0,none,for free,1.0,unskilled - resident,1.0,none,no,0.781
no checking account,4.0,all credits at this bank paid back duly,retraining,276.0,A64,1 <= ... < 4 years,4.0,male : divorced/separated,guarantor,4.0,if not A121 : building society savings agreement/ life insurance,61.0,stores,rent,4.0,unskilled - resident,1.0,"yes, registered under the customers name",yes,0.737
... < 0 DM,41.0,critical account/ other credits existing (not at this bank),car (new),276.0,A65,1 <= ... < 4 years,4.0,female : divorced/separated/married,none,4.0,"if not A121/A122 : car or other, not in attribute 6",75.0,none,for free,4.0,unemployed/ unskilled - non-resident,1.0,none,yes,0.805
no checking account,60.0,delay in paying off in the past,furniture/equipment,15945.0,A65,... < 1 year,4.0,male : divorced/separated,none,4.0,if not A121 : building society savings agreement/ life insurance,75.0,none,rent,4.0,unskilled - resident,1.0,none,yes,0.846
... < 0 DM,4.0,delay in paying off in the past,car (used),9520.0,A61,.. >= 7 years,1.0,male : single,none,3.0,unknown / no property,49.0,bank,own,1.0,management/ self-employed/ highly qualified employee/ officer,2.0,"yes, registered under the customers name",yes,0.021
... >= 200 DM / salary assignments for at least 1 year,6.0,critical account/ other credits existing (not at this bank),radio/television,640.0,A61,.. >= 7 years,4.0,male : single,none,1.0,"if not A121/A122 : car or other, not in attribute 6",19.0,none,own,1.0,unemployed/ unskilled - non-resident,1.0,none,no,0.273
no checking account,26.0,no credits taken/ all credits paid back duly,radio/television,8172.0,A62,unemployed,1.0,male : single,co-applicant,2.0,if not A121 : building society savings agreement/ life insurance,19.0,bank,rent,1.0,skilled employee / official,2.0,none,yes,0.073
no checking account,41.0,existing credits paid back duly till now,car (used),10643.0,A61,4 <= ... < 7 years,4.0,male : married/widowed,none,3.0,"if not A121/A122 : car or other, not in attribute 6",45.0,none,own,1.0,skilled employee / official,1.0,none,yes,0.284
0 <= ... < 200 DM,16.0,all credits at this bank paid back duly,car (new),276.0,A65,... < 1 year,1.0,male : divorced/separated,none,1.0,if not A121 : building society savings agreement/ life insurance,19.0,none,for free,4.0,skilled employee / official,1.0,"yes, registered under the customers name",yes,0.834
... < 0 DM,4.0,existing credits paid back duly till now,furniture/equipment,276.0,A61,1 <= ... < 4 years,4.0,male : divorced/separated,none,4.0,"if not A121/A122 : car or other, not in attribute 6",22.0,none,rent,3.0,skilled employee / official,1.0,none,no,0.773
0 <= ... < 200 DM,4.0,all credits at this bank paid back duly,retraining,276.0,A63,.. >= 7 years,4.0,female : divorced/separated/married,guarantor,4.0,if not A121 : building society savings agreement/ life insurance,55.0,none,rent,4.0,unemployed/ unskilled - non-resident,2.0,"yes, registered under the customers name",yes,0.761
0 <= ... < 200 DM,33.0,existing credits paid back duly till now,car (new),7538.0,A61,.. >= 7 years,4.0,male : single,none,4.0,"if not A121/A122 : car or other, not in attribute 6",66.0,none,for free,3.0,skilled employee / official,1.0,none,yes,0.781
0 <= ... < 200 DM,60.0,delay in paying off in the past,car (new),15945.0,A63,... < 1 year,4.0,male : divorced/separated,none,4.0,if not A121 : building society savings agreement/ life insurance,75.0,none,rent,4.0,skilled employee / official,1.0,"yes, registered under the customers name",yes,0.848
... >= 200 DM / salary assignments for at least 1 year,31.0,critical account/ other credits existing (not at this bank),domestic appliances,2174.0,A61,1 <= ... < 4 years,2.0,male : single,guarantor,2.0,unknown / no property,25.0,bank,for free,1.0,unskilled - resident,2.0,"yes, registered under the customers name",yes,0.177
... < 0 DM,60.0,no credits taken/ all credits paid back duly,car (used),13086.0,A61,unemployed,4.0,male : married/widowed,none,4.0,real estate,65.0,none,for free,4.0,skilled employee / official,2.0,none,no,0.271
... >= 200 DM / salary assignments for at least 1 year,18.0,existing credits paid back duly till now,retraining,2599.0,A61,4 <= ... < 7 years,3.0,male : divorced/separated,guarantor,4.0,"if not A121/A122 : car or other, not in attribute 6",42.0,none,rent,4.0,unskilled - resident,1.0,none,yes,0.829
... < 0 DM,39.0,existing credits paid back duly till now,radio/television,4511.0,A61,1 <= ... < 4 years,4.0,female : divorced/separated/married,none,3.0,unknown / no property,30.0,bank,rent,1.0,skilled employee / official,2.0,none,yes,0.147
... >= 200 DM / salary assignments for at least 1 year,60.0,existing credits paid back duly till now,car (used),10248.0,A61,unemployed,4.0,male : divorced/separated,guarantor,4.0,"if not A121/A122 : car or other, not in attribute 6",47.0,none,own,1.0,skilled employee / official,2.0,none,yes,0.275
no checking account,26.0,no credits taken/ all credits paid back duly,radio/television,8174.0,A62,unemployed,1.0,male : single,co-applicant,2.0,if not A121 : building society savings agreement/ life insurance,19.0,bank,rent,1.0,skilled employee / official,2.0,none,yes,0.073
no checking account,41.0,existing credits paid back duly till now,car (used),10646.0,A61,4 <= ... < 7 years,4.0,male : married/widowed,none,3.0,"if not A121/A122 : car or other, not in attribute 6",45.0,none,own,1.0,skilled employee / official,1.0,none,yes,0.284
no checking account,37.0,all credits at this bank paid back duly,car (used),5884.0,A63,.. >= 7 years,4.0,male : single,none,2.0,if not A121 : building society savings agreement/ life insurance,19.0,none,own,1.0,management/ self-employed/ highly qualified employee/ officer,1.0,none,yes,0.273
0 <= ... < 200 DM,56.0,no credits taken/ all credits paid back duly,radio/television,10642.0,A63,1 <= ... < 4 years,4.0,female : divorced/separated/married,none,3.0,real estate,45.0,stores,own,4.0,unskilled - resident,1.0,none,yes,0.191
... >= 200 DM / salary assignments for at least 1 year,4.0,delay in paying off in the past,retraining,276.0,A65,.. >= 7 years,1.0,male : divorced/separated,none,1.0,if not A121 : building society savings agreement/ life insurance,19.0,none,for free,4.0,unemployed/ unskilled - non-resident,1.0,"yes, registered under the customers name",yes,0.83
0 <= ... < 200 DM,4.0,all credits at this bank paid back duly,car (new),276.0,A63,... < 1 year,4.0,male : single,guarantor,1.0,if not A121 : building society savings agreement/ life insurance,39.0,none,rent,1.0,skilled employee / official,1.0,none,no,0.791
no checking account,24.0,existing credits paid back duly till now,retraining,2256.0,A65,1 <= ... < 4 years,4.0,male : single,none,1.0,if not A121 : building society savings agreement/ life insurance,62.0,none,for free,2.0,skilled employee / official,1.0,none,yes,0.826
no checking account,47.0,existing credits paid back duly till now,car (new),8127.0,A65,... < 1 year,4.0,male : single,none,3.0,"if not A121/A122 : car or other, not in attribute 6",75.0,none,own,4.0,unemployed/ unskilled - non-resident,1.0,none,yes,0.709
0 <= ... < 200 DM,60.0,all credits at this bank paid back duly,education,15945.0,A65,... < 1 year,4.0,male : divorced/separated,guarantor,4.0,if not A121 : building society savings agreement/ life insurance,75.0,none,rent,4.0,skilled employee / official,1.0,"yes, registered under the customers name",no,0.864
... < 0 DM,4.0,existing credits paid back duly till now,furniture/equipment,276.0,A64,... < 1 year,1.0,male : divorced/separated,none,1.0,if not A121 : building society savings agreement/ life insurance,19.0,none,own,4.0,skilled employee / official,1.0,none,yes,0.804
0 <= ... < 200 DM,4.0,all credits at this bank paid back duly,furniture/equipment,276.0,A65,1 <= ... < 4 years,1.0,male : married/widowed,none,4.0,if not A121 : building society savings agreement/ life insurance,36.0,none,rent,1.0,management/ self-employed/ highly qualified employee/ officer,1.0,"yes, registered under the customers name",no,0.798
... < 0 DM,18.0,existing credits paid back duly till now,education,276.0,A65,.. >= 7 years,3.0,male : divorced/separated,guarantor,4.0,unknown / no property,63.0,none,for free,1.0,unskilled - resident,1.0,"yes, registered under the customers name",yes,0.798
... < 0 DM,37.0,existing credits paid back duly till now,furniture/equipment,8098.0,A61,.. >= 7 years,4.0,male : divorced/separated,none,4.0,if not A121 : building society savings agreement/ life insurance,75.0,none,own,3.0,unskilled - resident,1.0,none,yes,0.688
0 <= ... < 200 DM,60.0,delay in paying off in the past,retraining,15945.0,A65,4 <= ... < 7 years,4.0,male : divorced/separated,none,4.0,if not A121 : building society savings agreement/ life insurance,75.0,none,for free,4.0,unskilled - resident,1.0,"yes, registered under the customers name",no,0.858
... >= 200 DM / salary assignments for at least 1 year,4.0,all credits at this bank paid back duly,retraining,276.0,A65,... < 1 year,1.0,male : single,none,1.0,if not A121 : building society savings agreement/ life insurance,19.0,none,rent,3.0,unemployed/ unskilled - non-resident,1.0,none,yes,0.847
... < 0 DM,4.0,existing credits paid back duly till now,education,276.0,A61,1 <= ... < 4 years,4.0,male : married/widowed,guarantor,4.0,if not A121 : building society savings agreement/ life insurance,32.0,none,for free,1.0,skilled employee / official,1.0,none,yes,0.759
0 <= ... < 200 DM,15.0,delay in paying off in the past,car (new),276.0,A63,... < 1 year,4.0,male : divorced/separated,none,4.0,"if not A121/A122 : car or other, not in attribute 6",63.0,stores,rent,4.0,skilled employee / official,1.0,"yes, registered under the customers name",no,0.814
no checking account,36.0,delay in paying off in the past,retraining,6657.0,A61,1 <= ... < 4 years,4.0,male : married/widowed,none,4.0,if not A121 : building society savings agreement/ life insurance,75.0,none,rent,3.0,unemployed/ unskilled - non-resident,1.0,"yes, registered under the customers name",yes,0.815
no checking account,60.0,delay in paying off in the past,education,15945.0,A65,... < 1 year,4.0,male : divorced/separated,guarantor,4.0,if not A121 : building society savings agreement/ life insurance,75.0,none,for free,4.0,skilled employee / official,1.0,none,yes,0.877
... >= 200 DM / salary assignments for at least 1 year,24.0,no credits taken/ all credits paid back duly,others,11341.0,A62,unemployed,2.0,female : divorced/separated/married,none,3.0,unknown / no property,29.0,stores,rent,1.0,unemployed/ unskilled - non-resident,2.0,none,no,0.083
... >= 200 DM / salary assignments for at least 1 year,4.0,existing credits paid back duly till now,furniture/equipment,276.0,A65,... < 1 year,1.0,male : divorced/separated,none,1.0,if not A121 : building society savings agreement/ life insurance,21.0,none,rent,2.0,skilled employee / official,1.0,none,yes,0.803
no checking account,4.0,existing credits paid back duly till now,retraining,276.0,A64,.. >= 7 years,4.0,male : single,guarantor,2.0,"if not A121/A122 : car or other, not in attribute 6",43.0,none,for free,3.0,skilled employee / official,1.0,none,yes,0.754
0 <= ... < 200 DM,21.0,all credits at this bank paid back duly,car (new),276.0,A63,... < 1 year,4.0,male : divorced/separated,co-applicant,4.0,if not A121 : building society savings agreement/ life insurance,69.0,none,own,4.0,skilled employee / official,1.0,none,no,0.82
no checking account,40.0,existing credits paid back duly till now,furniture/equipment,6933.0,A61,.. >= 7 years,4.0,male : single,none,3.0,real estate,75.0,none,for free,4.0,unemployed/ unskilled - non-resident,1.0,"yes, registered under the customers name",no,0.684
no checking account,60.0,delay in paying off in the past,retraining,15945.0,A65,... < 1 year,4.0,male : divorced/separated,none,4.0,if not A121 : building society savings agreement/ life insurance,75.0,none,for free,4.0,skilled employee / official,1.0,none,yes,0.864
no checking account,18.0,critical account/ other credits existing (not at this bank),others,15945.0,A61,1 <= ... < 4 years,1.0,female : divorced/separated/married,guarantor,1.0,"if not A121/A122 : car or other, not in attribute 6",19.0,bank,own,1.0,unemployed/ unskilled - non-resident,2.0,none,yes,0.094
... < 0 DM,60.0,delay in paying off in the past,business,9530.0,A61,1 <= ... < 4 years,4.0,male : single,none,4.0,"if not A121/A122 : car or other, not in attribute 6",75.0,stores,own,4.0,unemployed/ unskilled - non-resident,1.0,none,yes,0.313
0 <= ... < 200 DM,4.0,all credits at this bank paid back duly,car (new),276.0,A61,... < 1 year,1.0,male : divorced/separated,none,1.0,if not A121 : building society savings agreement/ life insurance,19.0,none,rent,4.0,skilled employee / official,1.0,none,no,0.809
... >= 200 DM / salary assignments for at least 1 year,6.0,existing credits paid back duly till now,retraining,276.0,A64,4 <= ... < 7 years,3.0,male : divorced/separated,none,2.0,if not A121 : building society savings agreement/ life insurance,29.0,none,for free,1.0,unskilled - resident,1.0,"yes, registered under the customers name",yes,0.765
no checking account,15.0,all credits at this bank paid back duly,car (new),2378.0,A65,... < 1 year,4.0,male : divorced/separated,guarantor,3.0,"if not A121/A122 : car or other, not in attribute 6",52.0,none,rent,4.0,skilled employee / official,1.0,none,no,0.856
0 <= ... < 200 DM,33.0,existing credits paid back duly till now,retraining,6953.0,A61,1 <= ... < 4 years,4.0,male : single,none,4.0,if not A121 : building society savings agreement/ life insurance,67.0,none,for free,4.0,unemployed/ unskilled - non-resident,1.0,none,no,0.847
no checking account,60.0,existing credits paid back duly till now,car (new),15945.0,A64,... < 1 year,4.0,male : divorced/separated,none,4.0,if not A121 : building society savings agreement/ life insurance,75.0,none,for free,2.0,unskilled - resident,1.0,"yes, registered under the customers name",no,0.807
... >= 200 DM / salary assignments for at least 1 year,24.0,no credits taken/ all credits paid back duly,others,11329.0,A62,unemployed,2.0,female : divorced/separated/married,none,3.0,unknown / no property,29.0,stores,rent,1.0,unemployed/ unskilled - non-resident,2.0,none,no,0.083
no checking account,37.0,all credits at this bank paid back duly,car (used),5874.0,A63,.. >= 7 years,4.0,male : single,none,2.0,if not A121 : building society savings agreement/ life insurance,19.0,none,own,1.0,management/ self-employed/ highly qualified employee/ officer,1.0,none,yes,0.274
... >= 200 DM / salary assignments for at least 1 year,4.0,no credits taken/ all credits paid back duly,others,276.0,A62,.. >= 7 years,2.0,male : married/widowed,co-applicant,1.0,real estate,19.0,bank,own,1.0,management/ self-employed/ highly qualified employee/ officer,2.0,"yes, registered under the customers name",no,0.026
no checking account,15.0,critical account/ other credits existing (not at this bank),business,815.0,A61,1 <= ... < 4 years,4.0,male : single,none,1.0,"if not A121/A122 : car or other, not in attribute 6",19.0,none,own,1.0,skilled employee / official,2.0,none,yes,0.241
0 <= ... < 200 DM,32.0,existing credits paid back duly till now,car (used),5918.0,A62,1 <= ... < 4 years,1.0,female : divorced/separated/married,co-applicant,2.0,unknown / no property,36.0,none,own,1.0,skilled employee / official,2.0,"yes, registered under the customers name",yes,0.106
0 <= ... < 200 DM,54.0,existing credits paid back duly till now,business,12408.0,A61,unemployed,4.0,male : married/widowed,none,3.0,"if not A121/A122 : car or other, not in attribute 6",53.0,none,own,1.0,skilled employee / official,2.0,"yes, registered under the customers name",yes,0.21
... < 0 DM,60.0,all credits at this bank paid back duly,business,15945.0,A61,1 <= ... < 4 years,4.0,male : single,guarantor,4.0,"if not A121/A122 : car or other, not in attribute 6",75.0,stores,own,4.0,unemployed/ unskilled - non-resident,2.0,none,yes,0.136
no checking account,4.0,critical account/ other credits existing (not at this bank),radio/television,3630.0,A61,.. >= 7 years,2.0,male : single,co-applicant,3.0,unknown / no property,25.0,none,rent,1.0,unemployed/ unskilled - non-resident,1.0,none,yes,0.283
... < 0 DM,16.0,critical account/ other credits existing (not at this bank),car (new),8979.0,A62,unemployed,3.0,male : single,none,4.0,unknown / no property,43.0,bank,own,1.0,skilled employee / official,2.0,"yes, registered under the customers name",yes,0.085
no checking account,42.0,critical account/ other credits existing (not at this bank),car (used),14910.0,A61,.. >= 7 years,4.0,male : single,co-applicant,4.0,real estate,75.0,bank,own,3.0,management/ self-employed/ highly qualified employee/ officer,2.0,"yes, registered under the customers name",yes,0.019
0 <= ... < 200 DM,4.0,existing credits paid back duly till now,retraining,276.0,A65,1 <= ... < 4 years,1.0,male : divorced/separated,none,1.0,if not A121 : building society savings agreement/ life insurance,19.0,none,rent,4.0,skilled employee / official,1.0,none,no,0.839
... < 0 DM,4.0,delay in paying off in the past,education,276.0,A63,.. >= 7 years,4.0,male : single,guarantor,4.0,real estate,19.0,none,for free,1.0,unskilled - resident,1.0,"yes, registered under the customers name",yes,0.732
no checking account,13.0,existing credits paid back duly till now,car (new),2544.0,A65,4 <= ... < 7 years,4.0,male : single,none,4.0,if not A121 : building society savings agreement/ life insurance,51.0,none,for free,3.0,skilled employee / official,1.0,"yes, registered under the customers name",yes,0.844
no checking account,35.0,existing credits paid back duly till now,retraining,8289.0,A65,1 <= ... < 4 years,4.0,male : single,none,4.0,unknown / no property,72.0,none,for free,4.0,unemployed/ unskilled - non-resident,1.0,none,no,0.789
0 <= ... < 200 DM,60.0,all credits at this bank paid back duly,radio/television,15945.0,A61,... < 1 year,4.0,male : divorced/separated,guarantor,4.0,if not A121 : building society savings agreement/ life insurance,75.0,none,rent,4.0,skilled employee / official,1.0,"yes, registered under the customers name",yes,0.794
0 <= ... < 200 DM,4.0,delay in paying off in the past,car (new),276.0,A63,... < 1 year,1.0,male : divorced/separated,guarantor,1.0,if not A121 : building society savings agreement/ life insurance,19.0,none,rent,4.0,unskilled - resident,1.0,"yes, registered under the customers name",yes,0.882
no checking account,19.0,existing credits paid back duly till now,car (new),276.0,A61,.. >= 7 years,4.0,male : single,none,1.0,"if not A121/A122 : car or other, not in attribute 6",28.0,none,for free,2.0,skilled employee / official,1.0,"yes, registered under the customers name",yes,0.746
0 <= ... < 200 DM,36.0,all credits at this bank paid back duly,furniture/equipment,3762.0,A65,... < 1 year,4.0,male : divorced/separated,guarantor,2.0,if not A121 : building society savings agreement/ life insurance,43.0,none,for free,4.0,unemployed/ unskilled - non-resident,1.0,none,no,0.873
... < 0 DM,60.0,all credits at this bank paid back duly,car (new),15945.0,A65,... < 1 year,4.0,male : divorced/separated,none,4.0,if not A121 : building society savings agreement/ life insurance,46.0,none,for free,4.0,skilled employee / official,1.0,"yes, registered under the customers name",yes,0.835
0 <= ... < 200 DM,14.0,existing credits paid back duly till now,retraining,2873.0,A63,... < 1 year,4.0,male : divorced/separated,none,4.0,if not A121 : building society savings agreement/ life insurance,57.0,none,for free,3.0,skilled employee / official,1.0,"yes, registered under the customers name",yes,0.846
no checking account,10.0,no credits taken/ all credits paid back duly,others,3234.0,A62,unemployed,1.0,male : single,co-applicant,2.0,real estate,27.0,bank,own,1.0,management/ self-employed/ highly qualified employee/ officer,1.0,"yes, registered under the customers name",yes,0.022
... < 0 DM,4.0,existing credits paid back duly till now,car (used),9516.0,A61,.. >= 7 years,1.0,male : single,none,3.0,unknown / no property,49.0,bank,own,1.0,management/ self-employed/ highly qualified employee/ officer,2.0,"yes, registered under the customers name",yes,0.03
... < 0 DM,36.0,no credits taken/ all credits paid back duly,domestic appliances,5712.0,A62,unemployed,3.0,male : married/widowed,co-applicant,3.0,real estate,19.0,bank,rent,1.0,management/ self-employed/ highly qualified employee/ officer,1.0,none,yes,0.058
... >= 200 DM / salary assignments for at least 1 year,45.0,no credits taken/ all credits paid back duly,repairs,12191.0,A64,unemployed,2.0,male : single,none,4.0,real estate,21.0,stores,rent,1.0,unemployed/ unskilled - non-resident,1.0,none,yes,0.094
... >= 200 DM / salary assignments for at least 1 year,22.0,existing credits paid back duly till now,repairs,1803.0,A61,.. >= 7 years,3.0,male : single,guarantor,1.0,"if not A121/A122 : car or other, not in attribute 6",19.0,stores,own,1.0,unskilled - resident,2.0,none,no,0.107
... < 0 DM,37.0,delay in paying off in the past,radio/television,5754.0,A62,4 <= ... < 7 years,4.0,male : single,none,2.0,real estate,27.0,bank,rent,1.0,skilled employee / official,1.0,"yes, registered under the customers name",yes,0.217
... < 0 DM,60.0,existing credits paid back duly till now,car (used),12763.0,A61,4 <= ... < 7 years,4.0,male : married/widowed,none,3.0,if not A121 : building society savings agreement/ life insurance,45.0,none,own,1.0,skilled employee / official,2.0,none,yes,0.246
0 <= ... < 200 DM,4.0,delay in paying off in the past,retraining,276.0,A63,... < 1 year,1.0,male : divorced/separated,none,1.0,if not A121 : building society savings agreement/ life insurance,19.0,none,for free,4.0,unskilled - resident,1.0,none,yes,0.9
... < 0 DM,4.0,existing credits paid back duly till now,education,276.0,A64,4 <= ... < 7 years,3.0,male : divorced/separated,guarantor,4.0,"if not A121/A122 : car or other, not in attribute 6",47.0,none,rent,2.0,unskilled - resident,1.0,"yes, registered under the customers name",no,0.816
... < 0 DM,27.0,delay in paying off in the past,others,1463.0,A61,.. >= 7 years,4.0,female : divorced/separated/married,guarantor,4.0,real estate,73.0,none,for free,4.0,unemployed/ unskilled - non-resident,1.0,"yes, registered under the customers name",yes,0.73
0 <= ... < 200 DM,60.0,existing credits paid back duly till now,car (new),7907.0,A63,4 <= ... < 7 years,1.0,male : divorced/separated,co-applicant,4.0,if not A121 : building society savings agreement/ life insurance,75.0,none,rent,3.0,unemployed/ unskilled - non-resident,1.0,"yes, registered under the customers name",yes,0.872
... < 0 DM,42.0,existing credits paid back duly till now,retraining,15945.0,A65,... < 1 year,4.0,male : divorced/separated,guarantor,4.0,if not A121 : building society savings agreement/ life insurance,75.0,none,for free,4.0,unskilled - resident,1.0,none,no,0.824
no checking account,20.0,existing credits paid back duly till now,car (used),4151.0,A63,.. >= 7 years,4.0,male : single,none,4.0,"if not A121/A122 : car or other, not in attribute 6",19.0,stores,own,1.0,management/ self-employed/ highly qualified employee/ officer,1.0,"yes, registered under the customers name",no,0.14
0 <= ... < 200 DM,19.0,existing credits paid back duly till now,radio/television,7106.0,A61,unemployed,4.0,male : married/widowed,none,4.0,"if not A121/A122 : car or other, not in attribute 6",28.0,stores,own,1.0,skilled employee / official,2.0,"yes, registered under the customers name",yes,0.138
... < 0 DM,4.0,delay in paying off in the past,education,276.0,A63,... < 1 year,1.0,male : divorced/separated,co-applicant,2.0,"if not A121/A122 : car or other, not in attribute 6",19.0,none,for free,1.0,unskilled - resident,1.0,"yes, registered under the customers name",yes,0.843
0 <= ... < 200 DM,4.0,all credits at this bank paid back duly,retraining,276.0,A65,4 <= ... < 7 years,4.0,male : single,none,4.0,if not A121 : building society savings agreement/ life insurance,31.0,none,rent,2.0,skilled employee / official,1.0,none,no,0.858
0 <= ... < 200 DM,38.0,existing credits paid back duly till now,retraining,7798.0,A65,.. >= 7 years,4.0,male : single,none,4.0,if not A121 : building society savings agreement/ life insurance,55.0,none,own,4.0,skilled employee / official,1.0,none,yes,0.734
no checking account,22.0,delay in paying off in the past,furniture/equipment,276.0,A65,... < 1 year,4.0,male : divorced/separated,guarantor,4.0,"if not A121/A122 : car or other, not in attribute 6",75.0,bank,for free,4.0,unemployed/ unskilled - non-resident,1.0,"yes, registered under the customers name",yes,0.821
0 <= ... < 200 DM,59.0,all credits at this bank paid back duly,retraining,15218.0,A65,... < 1 year,4.0,male : divorced/separated,guarantor,4.0,if not A121 : building society savings agreement/ life insurance,75.0,none,rent,4.0,skilled employee / official,1.0,none,no,0.85
... < 0 DM,42.0,existing credits paid back duly till now,car (used),9772.0,A61,4 <= ... < 7 years,4.0,male : married/widowed,co-applicant,3.0,unknown / no property,46.0,none,own,1.0,skilled employee / official,2.0,none,yes,0.115
... >= 200 DM / salary assignments for at least 1 year,4.0,no credits taken/ all credits paid back duly,car (used),1844.0,A62,1 <= ... < 4 years,1.0,male : married/widowed,co-applicant,1.0,unknown / no property,19.0,bank,own,1.0,unskilled - resident,1.0,none,yes,0.052
... < 0 DM,41.0,existing credits paid back duly till now,radio/television,6615.0,A61,unemployed,4.0,male : single,none,3.0,"if not A121/A122 : car or other, not in attribute 6",47.0,stores,own,1.0,management/ self-employed/ highly qualified employee/ officer,2.0,none,yes,0.052
no checking account,60.0,existing credits paid back duly till now,car (used),12363.0,A61,unemployed,3.0,female : divorced/separated/married,co-applicant,4.0,unknown / no property,62.0,bank,rent,1.0,unemployed/ unskilled - non-resident,2.0,"yes, registered under the customers name",no,0.054
0 <= ... < 200 DM,4.0,delay in paying off in the past,retraining,276.0,A61,... < 1 year,1.0,male : single,none,1.0,if not A121 : building society savings agreement/ life insurance,21.0,none,for free,4.0,unemployed/ unskilled - non-resident,1.0,none,no,0.869
no checking account,4.0,all credits at this bank paid back duly,car (new),276.0,A63,4 <= ... < 7 years,4.0,female : divorced/separated/married,guarantor,4.0,unknown / no property,41.0,none,for free,1.0,skilled employee / official,1.0,"yes, registered under the customers name",yes,0.706
... < 0 DM,24.0,existing credits paid back duly till now,retraining,1414.0,A65,.. >= 7 years,4.0,male : single,none,4.0,"if not A121/A122 : car or other, not in attribute 6",70.0,none,rent,4.0,skilled employee / official,1.0,"yes, registered under the customers name",yes,0.836
no checking account,47.0,delay in paying off in the past,car (new),7831.0,A61,.. >= 7 years,4.0,male : single,none,4.0,unknown / no property,75.0,none,for free,4.0,unemployed/ unskilled - non-resident,1.0,none,no,0.699
no checking account,60.0,delay in paying off in the past,furniture/equipment,15945.0,A65,... < 1 year,4.0,male : divorced/separated,guarantor,4.0,if not A121 : building society savings agreement/ life insurance,75.0,none,rent,3.0,skilled employee / official,1.0,"yes, registered under the customers name",yes,0.848
0 <= ... < 200 DM,32.0,critical account/ other credits existing (not at this bank),furniture/equipment,6166.0,A64,1 <= ... < 4 years,4.0,female : divorced/separated/married,none,4.0,if not A121 : building society savings agreement/ life insurance,71.0,none,own,4.0,unskilled - resident,1.0,none,yes,0.675
0 <= ... < 200 DM,60.0,all credits at this bank paid back duly,car (new),15299.0,A63,... < 1 year,4.0,male : divorced/separated,none,4.0,"if not A121/A122 : car or other, not in attribute 6",75.0,none,for free,4.0,skilled employee / official,1.0,"yes, registered under the customers name",yes,0.822
0 <= ... < 200 DM,4.0,all credits at this bank paid back duly,furniture/equipment,276.0,A65,... < 1 year,1.0,male : divorced/separated,co-applicant,1.0,if not A121 : building society savings agreement/ life insurance,21.0,none,for free,1.0,unemployed/ unskilled - non-resident,1.0,"yes, registered under the customers name",yes,0.815
no checking account,4.0,delay in paying off in the past,education,276.0,A63,4 <= ... < 7 years,4.0,male : single,none,1.0,if not A121 : building society savings agreement/ life insurance,19.0,none,rent,4.0,skilled employee / official,1.0,none,no,0.81
... < 0 DM,21.0,existing credits paid back duly till now,retraining,276.0,A61,1 <= ... < 4 years,4.0,male : single,guarantor,2.0,if not A121 : building society savings agreement/ life insurance,41.0,none,rent,2.0,unskilled - resident,1.0,none,yes,0.723
... < 0 DM,40.0,existing credits paid back duly till now,furniture/equipment,7910.0,A61,1 <= ... < 4 years,4.0,male : single,guarantor,3.0,real estate,59.0,none,for free,4.0,unskilled - resident,1.0,"yes, registered under the customers name",yes,0.677
0 <= ... < 200 DM,60.0,delay in paying off in the past,education,15945.0,A65,... < 1 year,4.0,male : divorced/separated,none,4.0,if not A121 : building society savings agreement/ life insurance,75.0,none,rent,4.0,unemployed/ unskilled - non-resident,1.0,none,yes,0.912
no checking account,4.0,no credits taken/ all credits paid back duly,furniture/equipment,276.0,A64,unemployed,1.0,female : divorced/separated/married,guarantor,1.0,real estate,19.0,bank,own,1.0,unskilled - resident,2.0,none,yes,0.097
no checking account,4.0,delay in paying off in the past,repairs,15945.0,A61,4 <= ... < 7 years,1.0,female : divorced/separated/married,none,1.0,real estate,19.0,stores,rent,1.0,management/ self-employed/ highly qualified employee/ officer,2.0,"yes, registered under the customers name",no,0.053
... >= 200 DM / salary assignments for at least 1 year,22.0,critical account/ other credits existing (not at this bank),radio/television,1650.0,A61,1 <= ... < 4 years,3.0,female : divorced/separated/married,none,4.0,real estate,19.0,stores,rent,1.0,unemployed/ unskilled - non-resident,2.0,none,no,0.149
... < 0 DM,43.0,critical account/ other credits existing (not at this bank),furniture/equipment,7680.0,A62,1 <= ... < 4 years,4.0,male : single,co-applicant,4.0,real estate,39.0,none,own,2.0,skilled employee / official,2.0,none,yes,0.185
no checking account,60.0,critical account/ other credits existing (not at this bank),radio/television,15945.0,A61,unemployed,4.0,female : divorced/separated/married,none,4.0,unknown / no property,75.0,bank,rent,1.0,management/ self-employed/ highly qualified employee/ officer,2.0,"yes, registered under the customers name",yes,0.044
0 <= ... < 200 DM,4.0,critical account/ other credits existing (not at this bank),retraining,276.0,A63,... < 1 year,1.0,male : single,guarantor,1.0,if not A121 : building society savings agreement/ life insurance,19.0,none,rent,4.0,unskilled - resident,1.0,"yes, registered under the customers name",no,0.841
... < 0 DM,4.0,all credits at this bank paid back duly,business,276.0,A65,1 <= ... < 4 years,1.0,female : divorced/separated/married,none,4.0,unknown / no property,75.0,none,for free,3.0,skilled employee / official,1.0,"yes, registered under the customers name",yes,0.788
0 <= ... < 200 DM,23.0,existing credits paid back duly till now,furniture/equipment,4795.0,A63,... < 1 year,3.0,male : single,guarantor,4.0,"if not A121/A122 : car or other, not in attribute 6",75.0,stores,for free,4.0,unemployed/ unskilled - non-resident,1.0,"yes, registered under the customers name",yes,0.795
0 <= ... < 200 DM,43.0,critical account/ other credits existing (not at this bank),retraining,10462.0,A61,... < 1 year,4.0,male : single,none,4.0,if not A121 : building society savings agreement/ life insurance,75.0,none,rent,4.0,unemployed/ unskilled - non-resident,1.0,none,no,0.844
... < 0 DM,60.0,all credits at this bank paid back duly,furniture/equipment,15945.0,A65,... < 1 year,4.0,male : divorced/separated,guarantor,4.0,if not A121 : building society savings agreement/ life insurance,75.0,none,for free,4.0,unskilled - resident,1.0,"yes, registered under the customers name",yes,0.845
... >= 200 DM / salary assignments for at least 1 year,4.0,no credits taken/ all credits paid back duly,car (used),276.0,A62,unemployed,1.0,male : single,co-applicant,1.0,unknown / no property,19.0,bank,own,2.0,management/ self-employed/ highly qualified employee/ officer,2.0,"yes, registered under the customers name",yes,0.015
no checking account,22.0,critical account/ other credits existing (not at this bank),business,4543.0,A62,.. >= 7 years,1.0,male : single,none,3.0,"if not A121/A122 : car or other, not in attribute 6",31.0,none,own,3.0,management/ self-employed/ highly qualified employee/ officer,1.0,none,no,0.195
0 <= ... < 200 DM,60.0,delay in paying off in the past,radio/television,15945.0,A62,.. >= 7 years,1.0,male : single,none,1.0,"if not A121/A122 : car or other, not in attribute 6",19.0,none,own,1.0,management/ self-employed/ highly qualified employee/ officer,2.0,"yes, registered under the customers name",no,0.037
0 <= ... < 200 DM,40.0,delay in paying off in the past,car (new),9822.0,A61,unemployed,3.0,male : married/widowed,co-applicant,4.0,"if not A121/A122 : car or other, not in attribute 6",61.0,none,own,3.0,management/ self-employed/ highly qualified employee/ officer,2.0,"yes, registered under the customers name",yes,0.189
... >= 200 DM / salary assignments for at least 1 year,60.0,no credits taken/ all credits paid back duly,car (new),15945.0,A62,.. >= 7 years,4.0,male : single,none,4.0,real estate,75.0,bank,own,4.0,management/ self-employed/ highly qualified employee/ officer,2.0,none,yes,0.037
0 <= ... < 200 DM,5.0,existing credits paid back duly till now,car (new),276.0,A64,... < 1 year,1.0,male : divorced/separated,none,1.0,if not A121 : building society savings agreement/ life insurance,19.0,none,rent,4.0,skilled employee / official,1.0,"yes, registered under the customers name",no,0.795
... < 0 DM,4.0,existing credits paid back duly till now,retraining,276.0,A61,.. >= 7 years,4.0,female : divorced/separated/married,co-applicant,4.0,"if not A121/A122 : car or other, not in attribute 6",23.0,none,for free,2.0,unemployed/ unskilled - non-resident,1.0,none,yes,0.73
... < 0 DM,24.0,all credits at this bank paid back duly,car (new),3801.0,A65,unemployed,1.0,female : divorced/separated/married,none,4.0,if not A121 : building society savings agreement/ life insurance,46.0,none,rent,3.0,skilled employee / official,1.0,none,yes,0.769
no checking account,60.0,delay in paying off in the past,furniture/equipment,7793.0,A61,... < 1 year,1.0,male : divorced/separated,none,4.0,"if not A121/A122 : car or other, not in attribute 6",75.0,none,rent,4.0,skilled employee / official,1.0,"yes, registered under the customers name",yes,0.785
0 <= ... < 200 DM,41.0,existing credits paid back duly till now,car (new),15383.0,A61,... < 1 year,4.0,male : divorced/separated,none,4.0,if not A121 : building society savings agreement/ life insurance,61.0,none,for free,4.0,skilled employee / official,1.0,none,yes,0.827
... < 0 DM,4.0,existing credits paid back duly till now,radio/television,276.0,A62,unemployed,1.0,male : married/widowed,co-applicant,1.0,unknown / no property,19.0,stores,own,1.0,management/ self-employed/ highly qualified employee/ officer,2.0,"yes, registered under the customers name",yes,0.034
... >= 200 DM / salary assignments for at least 1 year,32.0,all credits at this bank paid back duly,radio/television,276.0,A63,1 <= ... < 4 years,3.0,male : single,none,3.0,unknown / no property,19.0,bank,own,1.0,skilled employee / official,2.0,none,yes,0.093
... < 0 DM,50.0,no credits taken/ all credits paid back duly,business,3616.0,A61,unemployed,4.0,male : single,none,4.0,real estate,19.0,none,rent,1.0,management/ self-employed/ highly qualified employee/ officer,1.0,"yes, registered under the customers name",no,0.278
... < 0 DM,60.0,existing credits paid back duly till now,car (used),9616.0,A61,1 <= ... < 4 years,4.0,male : married/widowed,co-applicant,4.0,unknown / no property,40.0,none,for free,1.0,skilled employee / official,2.0,"yes, registered under the customers name",yes,0.242
... >= 200 DM / salary assignments for at least 1 year,60.0,existing credits paid back duly till now,radio/television,15945.0,A62,.. >= 7 years,4.0,male : single,none,4.0,unknown / no property,75.0,stores,own,1.0,management/ self-employed/ highly qualified employee/ officer,2.0,none,yes,0.018
0 <= ... < 200 DM,4.0,critical account/ other credits existing (not at this bank),retraining,276.0,A63,... < 1 year,1.0,male : divorced/separated,guarantor,1.0,real estate,19.0,stores,for free,2.0,unskilled - resident,1.0,"yes, registered under the customers name",no,0.845
0 <= ... < 200 DM,4.0,all credits at this bank paid back duly,furniture/equipment,276.0,A61,1 <= ... < 4 years,3.0,female : divorced/separated/married,guarantor,3.0,if not A121 : building society savings agreement/ life insurance,37.0,none,rent,4.0,unemployed/ unskilled - non-resident,1.0,"yes, registered under the customers name",yes,0.812
... < 0 DM,19.0,existing credits paid back duly till now,car (new),276.0,A65,4 <= ... < 7 years,4.0,male : divorced/separated,none,4.0,"if not A121/A122 : car or other, not in attribute 6",75.0,bank,for free,4.0,unskilled - resident,1.0,none,yes,0.784
0 <= ... < 200 DM,44.0,critical account/ other credits existing (not at this bank),education,6704.0,A61,... < 1 year,4.0,female : divorced/separated/married,guarantor,4.0,real estate,56.0,none,rent,4.0,skilled employee / official,1.0,"yes, registered under the customers name",yes,0.757
0 <= ... < 200 DM,60.0,delay in paying off in the past,retraining,15945.0,A63,... < 1 year,4.0,male : divorced/separated,guarantor,4.0,if not A121 : building society savings agreement/ life insurance,75.0,none,rent,3.0,unskilled - resident,1.0,"yes, registered under the customers name",yes,0.875
... >= 200 DM / salary assignments for at least 1 year,30.0,critical account/ other credits existing (not at this bank),education,5622.0,A61,unemployed,4.0,female : divorced/separated/married,none,4.0,real estate,19.0,bank,rent,1.0,unskilled - resident,2.0,none,yes,0.124
... < 0 DM,51.0,existing credits paid back duly till now,furniture/equipment,11305.0,A61,... < 1 year,4.0,male : single,co-applicant,4.0,real estate,40.0,none,own,1.0,unskilled - resident,2.0,"yes, registered under the customers name",yes,0.272
no checking account,4.0,existing credits paid back duly till now,car (new),276.0,A64,... < 1 year,1.0,male : divorced/separated,none,1.0,if not A121 : building society savings agreement/ life insurance,19.0,none,own,4.0,skilled employee / official,1.0,none,yes,0.791
no checking account,10.0,all credits at this bank paid back duly,radio/television,276.0,A65,4 <= ... < 7 years,3.0,female : divorced/separated/married,guarantor,2.0,"if not A121/A122 : car or other, not in attribute 6",30.0,none,for free,2.0,skilled employee / official,1.0,"yes, registered under the customers name",no,0.693
0 <= ... < 200 DM,32.0,delay in paying off in the past,retraining,276.0,A63,... < 1 year,4.0,male : divorced/separated,none,4.0,if not A121 : building society savings agreement/ life insurance,52.0,stores,rent,4.0,unemployed/ unskilled - non-resident,1.0,"yes, registered under the customers name",yes,0.888
0 <= ... < 200 DM,54.0,critical account/ other credits existing (not at this bank),car (new),6519.0,A61,1 <= ... < 4 years,3.0,female : divorced/separated/married,guarantor,4.0,"if not A121/A122 : car or other, not in attribute 6",67.0,none,rent,3.0,unskilled - resident,1.0,"yes, registered under the customers name",yes,0.694
no checking account,60.0,existing credits paid back duly till now,retraining,15945.0,A65,... < 1 year,4.0,male : divorced/separated,none,4.0,if not A121 : building society savings agreement/ life insurance,75.0,none,for free,4.0,skilled employee / official,1.0,"yes, registered under the customers name",yes,0.837
... < 0 DM,4.0,existing credits paid back duly till now,education,276.0,A61,.. >= 7 years,1.0,male : divorced/separated,guarantor,1.0,if not A121 : building society savings agreement/ life insurance,19.0,none,rent,3.0,skilled employee / official,1.0,none,no,0.795
no checking account,4.0,all credits at this bank paid back duly,furniture/equipment,276.0,A65,4 <= ... < 7 years,4.0,male : single,none,1.0,"if not A121/A122 : car or other, not in attribute 6",46.0,none,for free,1.0,skilled employee / official,1.0,"yes, registered under the customers name",yes,0.725
0 <= ... < 200 DM,12.0,delay in paying off in the past,car (new),2066.0,A65,... < 1 year,4.0,male : divorced/separated,guarantor,3.0,"if not A121/A122 : car or other, not in attribute 6",75.0,stores,rent,4.0,skilled employee / official,1.0,none,yes,0.832
no checking account,35.0,critical account/ other credits existing (not at this bank),education,8238.0,A63,4 <= ... < 7 years,4.0,female : divorced/separated/married,none,4.0,if not A121 : building society savings agreement/ life insurance,75.0,none,for free,3.0,unemployed/ unskilled - non-resident,1.0,none,no,0.73
0 <= ... < 200 DM,60.0,delay in paying off in the past,retraining,15945.0,A65,4 <= ... < 7 years,4.0,male : divorced/separated,guarantor,4.0,"if not A121/A122 : car or other, not in attribute 6",75.0,none,rent,3.0,skilled employee / official,1.0,"yes, registered under the customers name",yes,0.786
0 <= ... < 200 DM,60.0,existing credits paid back duly till now,car (used),11052.0,A61,4 <= ... < 7 years,4.0,male : married/widowed,none,4.0,unknown / no property,44.0,none,own,2.0,skilled employee / official,2.0,none,yes,0.156
... >= 200 DM / salary assignments for at least 1 year,22.0,all credits at this bank paid back duly,repairs,4852.0,A61,.. >= 7 years,3.0,male : married/widowed,guarantor,2.0,real estate,33.0,none,own,1.0,unskilled - resident,1.0,none,yes,0.191
... >= 200 DM / salary assignments for at least 1 year,60.0,existing credits paid back duly till now,radio/television,14893.0,A62,1 <= ... < 4 years,4.0,female : divorced/separated/married,none,3.0,unknown / no property,46.0,none,rent,1.0,unskilled - resident,2.0,none,no,0.139
... < 0 DM,36.0,critical account/ other credits existing (not at this bank),radio/television,8686.0,A61,1 <= ... < 4 years,4.0,female : divorced/separated/married,none,4.0,real estate,75.0,bank,own,4.0,management/ self-employed/ highly qualified employee/ officer,2.0,"yes, registered under the customers name",yes,0.066
... < 0 DM,4.0,critical account/ other credits existing (not at this bank),car (used),1669.0,A61,1 <= ... < 4 years,4.0,female : divorced/separated/married,none,1.0,"if not A121/A122 : car or other, not in attribute 6",19.0,bank,own,1.0,unemployed/ unskilled - non-resident,1.0,none,yes,0.148
0 <= ... < 200 DM,19.0,existing credits paid back duly till now,radio/television,7102.0,A61,unemployed,4.0,male : married/widowed,none,4.0,"if not A121/A122 : car or other, not in attribute 6",28.0,stores,own,1.0,skilled employee / official,2.0,"yes, registered under the customers name",yes,0.138
... >= 200 DM / salary assignments for at least 1 year,46.0,existing credits paid back duly till now,repairs,11670.0,A62,... < 1 year,4.0,female : divorced/separated/married,none,4.0,"if not A121/A122 : car or other, not in attribute 6",75.0,none,own,4.0,skilled employee / official,2.0,none,yes,0.297
0 <= ... < 200 DM,4.0,delay in paying off in the past,retraining,276.0,A65,1 <= ... < 4 years,1.0,male : single,guarantor,1.0,"if not A121/A122 : car or other, not in attribute 6",19.0,none,for free,4.0,unemployed/ unskilled - non-resident,1.0,none,no,0.826
... < 0 DM,5.0,critical account/ other credits existing (not at this bank),retraining,276.0,A63,4 <= ... < 7 years,2.0,male : divorced/separated,co-applicant,2.0,real estate,35.0,stores,rent,3.0,skilled employee / official,1.0,"yes, registered under the customers name",yes,0.769
no checking account,15.0,all credits at this bank paid back duly,education,276.0,A63,... < 1 year,3.0,male : single,none,4.0,if not A121 : building society savings agreement/ life insurance,62.0,none,rent,3.0,unemployed/ unskilled - non-resident,1.0,none,yes,0.835
0 <= ... < 200 DM,38.0,critical account/ other credits existing (not at this bank),furniture/equipment,6733.0,A65,1 <= ... < 4 years,4.0,male : single,none,4.0,"if not A121/A122 : car or other, not in attribute 6",74.0,none,rent,4.0,skilled employee / official,1.0,"yes, registered under the customers name",no,0.786
no checking account,60.0,delay in paying off in the past,education,15945.0,A63,... < 1 year,4.0,male : divorced/separated,guarantor,4.0,if not A121 : building society savings agreement/ life insurance,75.0,none,for free,4.0,unemployed/ unskilled - non-resident,1.0,"yes, registered under the customers name",yes,0.884
... < 0 DM,14.0,critical account/ other credits existing (not at this bank),business,276.0,A63,.. >= 7 years,4.0,male : single,none,3.0,"if not A121/A122 : car or other, not in attribute 6",51.0,bank,own,1.0,management/ self-employed/ highly qualified employee/ officer,1.0,"yes, registered under the customers name",no,0.149
no checking account,60.0,critical account/ other credits existing (not at this bank),domestic appliances,13181.0,A62,.. >= 7 years,1.0,male : single,none,1.0,unknown / no property,19.0,none,own,1.0,unskilled - resident,1.0,none,yes,0.136
... < 0 DM,50.0,existing credits paid back duly till now,car (used),4873.0,A61,1 <= ... < 4 years,4.0,male : married/widowed,guarantor,4.0,unknown / no property,19.0,bank,own,1.0,skilled employee / official,2.0,none,yes,0.08
no checking account,4.0,no credits taken/ all credits paid back duly,furniture/equipment,276.0,A64,... < 1 year,1.0,male : divorced/separated,none,1.0,if not A121 : building society savings agreement/ life insurance,19.0,none,rent,2.0,skilled employee / official,1.0,none,no,0.748
0 <= ... < 200 DM,13.0,delay in paying off in the past,education,276.0,A63,4 <= ... < 7 years,2.0,male : single,none,2.0,if not A121 : building society savings agreement/ life insurance,27.0,none,for free,4.0,unemployed/ unskilled - non-resident,1.0,"yes, registered under the customers name",yes,0.87
0 <= ... < 200 DM,31.0,all credits at this bank paid back duly,retraining,2563.0,A61,1 <= ... < 4 years,2.0,female : divorced/separated/married,guarantor,3.0,"if not A121/A122 : car or other, not in attribute 6",43.0,none,rent,4.0,skilled employee / official,1.0,none,yes,0.77
0 <= ... < 200 DM,48.0,no credits taken/ all credits paid back duly,furniture/equipment,8139.0,A61,1 <= ... < 4 years,3.0,female : divorced/separated/married,none,3.0,if not A121 : building society savings agreement/ life insurance,61.0,none,for free,4.0,unemployed/ unskilled - non-resident,1.0,none,yes,0.756
0 <= ... < 200 DM,60.0,delay in paying off in the past,education,15945.0,A65,... < 1 year,4.0,male : divorced/separated,guarantor,4.0,if not A121 : building society savings agreement/ life insurance,75.0,none,rent,3.0,skilled employee / official,1.0,"yes, registered under the customers name",yes,0.865
no checking account,4.0,delay in paying off in the past,furniture/equipment,276.0,A65,... < 1 year,1.0,male : divorced/separated,none,1.0,if not A121 : building society savings agreement/ life insurance,19.0,none,rent,4.0,skilled employee / official,1.0,none,no,0.795
0 <= ... < 200 DM,4.0,existing credits paid back duly till now,education,276.0,A65,.. >= 7 years,3.0,male : single,none,4.0,"if not A121/A122 : car or other, not in attribute 6",34.0,none,for free,2.0,unskilled - resident,1.0,"yes, registered under the customers name",yes,0.789
... < 0 DM,21.0,all credits at this bank paid back duly,retraining,4246.0,A63,... < 1 year,4.0,male : divorced/separated,guarantor,4.0,"if not A121/A122 : car or other, not in attribute 6",52.0,none,rent,4.0,unemployed/ unskilled - non-resident,1.0,"yes, registered under the customers name",yes,0.861
no checking account,39.0,existing credits paid back duly till now,furniture/equipment,9872.0,A65,.. >= 7 years,4.0,male : divorced/separated,none,4.0,if not A121 : building society savings agreement/ life insurance,75.0,none,for free,4.0,unemployed/ unskilled - non-resident,1.0,none,no,0.854
0 <= ... < 200 DM,60.0,delay in paying off in the past,car (new),15945.0,A65,... < 1 year,4.0,male : divorced/separated,none,4.0,if not A121 : building society savings agreement/ life insurance,56.0,none,for free,4.0,skilled employee / official,1.0,"yes, registered under the customers name",yes,0.865
0 <= ... < 200 DM,4.0,delay in paying off in the past,car (new),276.0,A65,... < 1 year,1.0,male : divorced/separated,co-applicant,1.0,if not A121 : building society savings agreement/ life insurance,19.0,none,rent,4.0,skilled employee / official,1.0,"yes, registered under the customers name",yes,0.854
no checking account,4.0,existing credits paid back duly till now,furniture/equipment,276.0,A64,.. >= 7 years,4.0,female : divorced/separated/married,none,3.0,if not A121 : building society savings agreement/ life insurance,29.0,none,for free,2.0,management/ self-employed/ highly qualified employee/ officer,1.0,none,yes,0.713
... < 0 DM,25.0,delay in paying off in the past,retraining,276.0,A63,... < 1 year,4.0,male : divorced/separated,guarantor,4.0,if not A121 : building society savings agreement/ life insurance,62.0,none,rent,4.0,unemployed/ unskilled - non-resident,1.0,none,no,0.914
no checking account,44.0,delay in paying off in the past,car (new),7151.0,A65,4 <= ... < 7 years,4.0,male : single,none,4.0,if not A121 : building society savings agreement/ life insurance,75.0,none,rent,4.0,unskilled - resident,1.0,"yes, registered under the customers name",yes,0.841
... < 0 DM,60.0,existing credits paid back duly till now,furniture/equipment,15945.0,A63,... < 1 year,4.0,male : divorced/separated,none,4.0,if not A121 : building society savings agreement/ life insurance,50.0,none,for free,4.0,skilled employee / official,1.0,none,yes,0.79
... < 0 DM,32.0,all credits at this bank paid back duly,others,5599.0,A64,.. >= 7 years,1.0,male : single,guarantor,1.0,unknown / no property,21.0,bank,for free,1.0,unemployed/ unskilled - non-resident,1.0,"yes, registered under the customers name",no,0.182
no checking account,48.0,no credits taken/ all credits paid back duly,business,10128.0,A62,1 <= ... < 4 years,2.0,female : divorced/separated/married,co-applicant,2.0,unknown / no property,40.0,stores,rent,1.0,management/ self-employed/ highly qualified employee/ officer,1.0,none,yes,0.052
0 <= ... < 200 DM,4.0,delay in paying off in the past,retraining,276.0,A63,... < 1 year,1.0,male : single,none,1.0,if not A121 : building society savings agreement/ life insurance,19.0,none,rent,3.0,skilled employee / official,1.0,none,no,0.848
0 <= ... < 200 DM,14.0,existing credits paid back duly till now,education,4809.0,A64,4 <= ... < 7 years,2.0,male : married/widowed,guarantor,3.0,if not A121 : building society savings agreement/ life insurance,24.0,none,rent,4.0,skilled employee / official,1.0,"yes, registered under the customers name",yes,0.769
0 <= ... < 200 DM,28.0,all credits at this bank paid back duly,retraining,7122.0,A65,... < 1 year,4.0,male : divorced/separated,none,4.0,real estate,48.0,none,for free,2.0,skilled employee / official,1.0,none,no,0.829
... < 0 DM,47.0,delay in paying off in the past,education,13580.0,A63,4 <= ... < 7 years,3.0,male : single,none,4.0,if not A121 : building society savings agreement/ life insurance,59.0,none,rent,4.0,unemployed/ unskilled - non-resident,1.0,"yes, registered under the customers name",yes,0.824
0 <= ... < 200 DM,60.0,all credits at this bank paid back duly,furniture/equipment,15945.0,A65,... < 1 year,4.0,male : divorced/separated,guarantor,4.0,if not A121 : building society savings agreement/ life insurance,75.0,none,for free,4.0,skilled employee / official,1.0,"yes, registered under the customers name",yes,0.864
0 <= ... < 200 DM,10.0,existing credits paid back duly till now,car (new),276.0,A64,... < 1 year,1.0,male : divorced/separated,co-applicant,1.0,if not A121 : building society savings agreement/ life insurance,19.0,none,rent,1.0,skilled employee / official,1.0,"yes, registered under the customers name",yes,0.757
... < 0 DM,4.0,delay in paying off in the past,education,276.0,A65,4 <= ... < 7 years,1.0,male : single,none,2.0,real estate,34.0,none,for free,4.0,skilled employee / official,1.0,"yes, registered under the customers name",yes,0.768
... >= 200 DM / salary assignments for at least 1 year,21.0,critical account/ other credits existing (not at this bank),furniture/equipment,276.0,A61,1 <= ... < 4 years,3.0,male : single,none,4.0,"if not A121/A122 : car or other, not in attribute 6",61.0,none,for free,4.0,unemployed/ unskilled - non-resident,1.0,none,yes,0.743
0 <= ... < 200 DM,60.0,all credits at this bank paid back duly,car (new),6185.0,A64,... < 1 year,4.0,male : divorced/separated,none,4.0,"if not A121/A122 : car or other, not in attribute 6",75.0,none,rent,3.0,skilled employee / official,1.0,none,yes,0.839
... >= 200 DM / salary assignments for at least 1 year,31.0,existing credits paid back duly till now,education,15945.0,A65,... < 1 year,4.0,male : single,guarantor,4.0,if not A121 : building society savings agreement/ life insurance,68.0,none,rent,4.0,skilled employee / official,1.0,"yes, registered under the customers name",no,0.799
... < 0 DM,4.0,delay in paying off in the past,car (new),276.0,A65,... < 1 year,1.0,male : divorced/separated,guarantor,1.0,if not A121 : building society savings agreement/ life insurance,19.0,none,for free,4.0,skilled employee / official,1.0,"yes, registered under the customers name",yes,0.838
no checking account,20.0,existing credits paid back duly till now,education,1663.0,A65,4 <= ... < 7 years,4.0,male : single,none,3.0,"if not A121/A122 : car or other, not in attribute 6",28.0,none,rent,2.0,skilled employee / official,1.0,"yes, registered under the customers name",no,0.77
0 <= ... < 200 DM,42.0,delay in paying off in the past,retraining,7807.0,A61,4 <= ... < 7 years,4.0,male : divorced/separated,none,3.0,"if not A121/A122 : car or other, not in attribute 6",42.0,none,for free,3.0,unskilled - resident,1.0,"yes, registered under the customers name",yes,0.828
no checking account,60.0,all credits at this bank paid back duly,car (new),12442.0,A63,... < 1 year,1.0,male : single,none,4.0,"if not A121/A122 : car or other, not in attribute 6",75.0,none,rent,4.0,unemployed/ unskilled - non-resident,1.0,"yes, registered under the customers name",yes,0.789
0 <= ... < 200 DM,60.0,existing credits paid back duly till now,furniture/equipment,15945.0,A65,4 <= ... < 7 years,4.0,male : divorced/separated,guarantor,4.0,if not A121 : building society savings agreement/ life insurance,58.0,none,for free,4.0,skilled employee / official,1.0,none,no,0.822
no checking account,4.0,existing credits paid back duly till now,car (used),276.0,A62,.. >= 7 years,1.0,male : single,guarantor,1.0,unknown / no property,19.0,stores,own,1.0,skilled employee / official,1.0,none,yes,0.137
... < 0 DM,12.0,critical account/ other credits existing (not at this bank),business,276.0,A61,1 <= ... < 4 years,2.0,female : divorced/separated/married,none,1.0,"if not A121/A122 : car or other, not in attribute 6",19.0,bank,own,1.0,management/ self-employed/ highly qualified employee/ officer,2.0,"yes, registered under the customers name",no,0.094
... >= 200 DM / salary assignments for at least 1 year,30.0,delay in paying off in the past,repairs,6780.0,A62,unemployed,3.0,male : single,co-applicant,1.0,real estate,30.0,bank,own,1.0,unemployed/ unskilled - non-resident,2.0,"yes, registered under the customers name",yes,0.019
no checking account,45.0,existing credits paid back duly till now,radio/television,10673.0,A63,1 <= ... < 4 years,3.0,male : married/widowed,none,3.0,unknown / no property,46.0,none,own,1.0,management/ self-employed/ highly qualified employee/ officer,2.0,none,yes,0.1
... < 0 DM,60.0,existing credits paid back duly till now,car (used),15945.0,A62,1 <= ... < 4 years,4.0,female : divorced/separated/married,co-applicant,4.0,real estate,75.0,bank,own,1.0,management/ self-employed/ highly qualified employee/ officer,2.0,none,yes,0.017
0 <= ... < 200 DM,49.0,existing credits paid back duly till now,radio/television,3765.0,A62,unemployed,4.0,male : single,none,4.0,real estate,25.0,bank,own,1.0,management/ self-employed/ highly qualified employee/ officer,2.0,"yes, registered under the customers name",yes,0.027
0 <= ... < 200 DM,60.0,existing credits paid back duly till now,car (used),11054.0,A61,4 <= ... < 7 years,4.0,male : married/widowed,none,4.0,unknown / no property,44.0,none,own,2.0,skilled employee / official,2.0,none,yes,0.156
... < 0 DM,4.0,existing credits paid back duly till now,retraining,276.0,A65,... < 1 year,1.0,male : divorced/separated,guarantor,1.0,"if not A121/A122 : car or other, not in attribute 6",19.0,none,for free,3.0,unemployed/ unskilled - non-resident,1.0,"yes, registered under the customers name",yes,0.825
0 <= ... < 200 DM,4.0,all credits at this bank paid back duly,furniture/equipment,276.0,A63,4 <= ... < 7 years,3.0,male : single,none,1.0,if not A121 : building society savings agreement/ life insurance,41.0,none,rent,1.0,skilled employee / official,1.0,none,no,0.771
... < 0 DM,20.0,delay in paying off in the past,education,2667.0,A61,... < 1 year,4.0,female : divorced/separated/married,guarantor,2.0,if not A121 : building society savings agreement/ life insurance,62.0,stores,rent,3.0,skilled employee / official,1.0,none,yes,0.733
... < 0 DM,60.0,existing credits paid back duly till now,furniture/equipment,7856.0,A65,.. >= 7 years,4.0,female : divorced/separated/married,guarantor,4.0,if not A121 : building society savings agreement/ life insurance,75.0,none,for free,4.0,unemployed/ unskilled - non-resident,1.0,"yes, registered under the customers name",yes,0.812
0 <= ... < 200 DM,40.0,existing credits paid back duly till now,furniture/equipment,15945.0,A61,... < 1 year,4.0,male : divorced/separated,co-applicant,3.0,if not A121 : building society savings agreement/ life insurance,75.0,none,rent,3.0,skilled employee / official,1.0,none,no,0.792
... >= 200 DM / salary assignments for at least 1 year,10.0,critical account/ other credits existing (not at this bank),domestic appliances,2458.0,A61,.. >= 7 years,3.0,female : divorced/separated/married,none,2.0,unknown / no property,20.0,none,own,1.0,management/ self-employed/ highly qualified employee/ officer,1.0,none,no,0.192
0 <= ... < 200 DM,22.0,no credits taken/ all credits paid back duly,business,6203.0,A61,1 <= ... < 4 years,4.0,male : single,co-applicant,3.0,unknown / no property,40.0,bank,own,1.0,management/ self-employed/ highly qualified employee/ officer,2.0,"yes, registered under the customers name",yes,0.022
0 <= ... < 200 DM,44.0,delay in paying off in the past,furniture/equipment,11809.0,A62,unemployed,4.0,male : divorced/separated,none,4.0,real estate,58.0,none,own,1.0,management/ self-employed/ highly qualified employee/ officer,1.0,"yes, registered under the customers name",yes,0.254
0 <= ... < 200 DM,14.0,existing credits paid back duly till now,education,4817.0,A64,4 <= ... < 7 years,2.0,male : married/widowed,guarantor,3.0,if not A121 : building society savings agreement/ life insurance,24.0,none,rent,4.0,skilled employee / official,1.0,"yes, registered under the customers name",yes,0.769
0 <= ... < 200 DM,28.0,all credits at this bank paid back duly,retraining,7150.0,A65,... < 1 year,4.0,male : divorced/separated,none,4.0,real estate,48.0,none,for free,2.0,skilled employee / official,1.0,none,no,0.829
... < 0 DM,47.0,delay in paying off in the past,education,13573.0,A63,4 <= ... < 7 years,3.0,male : single,none,4.0,if not A121 : building society savings agreement/ life insurance,59.0,none,rent,4.0,unemployed/ unskilled - non-resident,1.0,"yes, registered under the customers name",yes,0.824
no checking account,20.0,delay in paying off in the past,business,1543.0,A62,.. >= 7 years,3.0,female : divorced/separated/married,none,3.0,"if not A121/A122 : car or other, not in attribute 6",19.0,bank,rent,1.0,unskilled - resident,2.0,"yes, registered under the customers name",no,0.166
0 <= ... < 200 DM,37.0,no credits taken/ all credits paid back duly,radio/television,6613.0,A62,unemployed,4.0,female : divorced/separated/married,none,4.0,real estate,19.0,none,own,1.0,management/ self-employed/ highly qualified employee/ officer,1.0,none,yes,0.075
... < 0 DM,5.0,existing credits paid back duly till now,furniture/equipment,276.0,A65,... < 1 year,1.0,male : divorced/separated,none,1.0,if not A121 : building society savings agreement/ life insurance,21.0,none,for free,4.0,unemployed/ unskilled - non-resident,1.0,none,yes,0.842
0 <= ... < 200 DM,4.0,all credits at this bank paid back duly,furniture/equipment,276.0,A63,4 <= ... < 7 years,4.0,male : single,none,4.0,unknown / no property,19.0,none,rent,1.0,skilled employee / official,1.0,none,no,0.715
... < 0 DM,24.0,existing credits paid back duly till now,education,4200.0,A61,1 <= ... < 4 years,4.0,male : divorced/separated,guarantor,4.0,if not A121 : building society savings agreement/ life insurance,38.0,none,rent,2.0,skilled employee / official,1.0,none,yes,0.782
... < 0 DM,48.0,existing credits paid back duly till now,furniture/equipment,10025.0,A61,1 <= ... < 4 years,4.0,male : single,none,4.0,if not A121 : building society savings agreement/ life insurance,62.0,none,for free,4.0,unemployed/ unskilled - non-resident,1.0,"yes, registered under the customers name",yes,0.805
0 <= ... < 200 DM,60.0,delay in paying off in the past,car (new),15945.0,A65,... < 1 year,4.0,male : divorced/separated,none,4.0,if not A121 : building society savings agreement/ life insurance,75.0,none,rent,4.0,skilled employee / official,1.0,none,no,0.872
... < 0 DM,4.0,delay in paying off in the past,retraining,276.0,A63,... < 1 year,1.0,male : single,none,1.0,if not A121 : building society savings agreement/ life insurance,19.0,none,rent,4.0,skilled employee / official,1.0,none,no,0.838
0 <= ... < 200 DM,4.0,all credits at this bank paid back duly,car (new),1490.0,A65,4 <= ... < 7 years,1.0,female : divorced/separated/married,guarantor,2.0,real estate,24.0,none,for free,2.0,unemployed/ unskilled - non-resident,1.0,none,yes,0.771
0 <= ... < 200 DM,13.0,delay in paying off in the past,furniture/equipment,7593.0,A65,... < 1 year,2.0,male : divorced/separated,none,3.0,if not A121 : building society savings agreement/ life insurance,40.0,none,rent,4.0,unemployed/ unskilled - non-resident,1.0,"yes, registered under the customers name",no,0.879
0 <= ... < 200 DM,30.0,existing credits paid back duly till now,car (new),11885.0,A63,unemployed,4.0,female : divorced/separated/married,none,4.0,real estate,75.0,none,rent,3.0,skilled employee / official,1.0,none,yes,0.669
0 <= ... < 200 DM,60.0,delay in paying off in the past,retraining,15945.0,A65,... < 1 year,2.0,male : divorced/separated,guarantor,4.0,if not A121 : building society savings agreement/ life insurance,47.0,none,for free,4.0,unemployed/ unskilled - non-resident,1.0,none,yes,0.886
... < 0 DM,44.0,existing credits paid back duly till now,car (used),15018.0,A65,unemployed,1.0,female : divorced/separated/married,co-applicant,4.0,if not A121 : building society savings agreement/ life insurance,69.0,stores,for free,1.0,skilled employee / official,2.0,"yes, registered under the customers name",yes,0.261
0 <= ... < 200 DM,4.0,delay in paying off in the past,domestic appliances,276.0,A61,unemployed,3.0,male : single,none,3.0,if not A121 : building society savings agreement/ life insurance,26.0,bank,own,1.0,management/ self-employed/ highly qualified employee/ officer,2.0,none,no,0.092
no checking account,27.0,critical account/ other credits existing (not at this bank),repairs,5259.0,A62,unemployed,2.0,male : single,none,2.0,if not A121 : building society savings agreement/ life insurance,34.0,bank,own,2.0,skilled employee / official,1.0,none,yes,0.146
no checking account,47.0,no credits taken/ all credits paid back duly,car (used),11088.0,A61,4 <= ... < 7 years,3.0,male : married/widowed,none,3.0,if not A121 : building society savings agreement/ life insurance,52.0,stores,own,2.0,skilled employee / official,2.0,"yes, registered under the customers name",yes,0.123
no checking account,40.0,existing credits paid back duly till now,furniture/equipment,6934.0,A61,.. >= 7 years,4.0,male : single,none,3.0,real estate,75.0,none,for free,4.0,unemployed/ unskilled - non-resident,1.0,"yes, registered under the customers name",no,0.684
no checking account,15.0,all credits at this bank paid back duly,car (new),2377.0,A65,... < 1 year,4.0,male : divorced/separated,guarantor,3.0,"if not A121/A122 : car or other, not in attribute 6",52.0,none,rent,4.0,skilled employee / official,1.0,none,no,0.856
... < 0 DM,11.0,critical account/ other credits existing (not at this bank),others,707.0,A64,4 <= ... < 7 years,1.0,male : single,guarantor,1.0,"if not A121/A122 : car or other, not in attribute 6",19.0,bank,own,1.0,unemployed/ unskilled - non-resident,1.0,none,no,0.182
... < 0 DM,4.0,all credits at this bank paid back duly,retraining,276.0,A65,... < 1 year,1.0,male : divorced/separated,guarantor,1.0,if not A121 : building society savings agreement/ life insurance,19.0,none,rent,4.0,skilled employee / official,1.0,"yes, registered under the customers name",no,0.815
0 <= ... < 200 DM,7.0,existing credits paid back duly till now,education,3564.0,A63,1 <= ... < 4 years,1.0,female : divorced/separated/married,none,4.0,"if not A121/A122 : car or other, not in attribute 6",22.0,none,for free,2.0,unemployed/ unskilled - non-resident,1.0,none,yes,0.764
0 <= ... < 200 DM,24.0,delay in paying off in the past,furniture/equipment,276.0,A63,... < 1 year,4.0,male : divorced/separated,guarantor,4.0,"if not A121/A122 : car or other, not in attribute 6",75.0,none,for free,3.0,unemployed/ unskilled - non-resident,1.0,"yes, registered under the customers name",yes,0.906
0 <= ... < 200 DM,44.0,existing credits paid back duly till now,car (new),8836.0,A65,... < 1 year,2.0,female : divorced/separated/married,none,4.0,unknown / no property,46.0,none,rent,4.0,skilled employee / official,1.0,none,no,0.775
0 <= ... < 200 DM,60.0,existing credits paid back duly till now,retraining,15945.0,A63,1 <= ... < 4 years,4.0,male : divorced/separated,none,4.0,if not A121 : building society savings agreement/ life insurance,74.0,none,rent,4.0,unemployed/ unskilled - non-resident,1.0,"yes, registered under the customers name",yes,0.838
no checking account,42.0,critical account/ other credits existing (not at this bank),car (used),14902.0,A61,.. >= 7 years,4.0,male : single,co-applicant,4.0,real estate,75.0,bank,own,3.0,management/ self-employed/ highly qualified employee/ officer,2.0,"yes, registered under the customers name",yes,0.019
0 <= ... < 200 DM,44.0,critical account/ other credits existing (not at this bank),education,6707.0,A61,... < 1 year,4.0,female : divorced/separated/married,guarantor,4.0,real estate,56.0,none,rent,4.0,skilled employee / official,1.0,"yes, registered under the customers name",yes,0.757
0 <= ... < 200 DM,36.0,all credits at this bank paid back duly,furniture/equipment,3763.0,A65,... < 1 year,4.0,male : divorced/separated,guarantor,2.0,if not A121 : building society savings agreement/ life insurance,43.0,none,for free,4.0,unemployed/ unskilled - non-resident,1.0,none,no,0.873
... < 0 DM,60.0,existing credits paid back duly till now,car (used),12766.0,A61,4 <= ... < 7 years,4.0,male : married/widowed,none,3.0,if not A121 : building society savings agreement/ life insurance,45.0,none,own,1.0,skilled employee / official,2.0,none,yes,0.246
0 <= ... < 200 DM,4.0,delay in paying off in the past,retraining,276.0,A63,4 <= ... < 7 years,1.0,male : divorced/separated,none,2.0,"if not A121/A122 : car or other, not in attribute 6",19.0,none,rent,4.0,unskilled - resident,1.0,none,no,0.904
... >= 200 DM / salary assignments for at least 1 year,4.0,all credits at this bank paid back duly,car (new),276.0,A65,... < 1 year,2.0,male : divorced/separated,guarantor,1.0,if not A121 : building society savings agreement/ life insurance,29.0,none,for free,3.0,skilled employee / official,1.0,"yes, registered under the customers name",yes,0.807
no checking account,20.0,delay in paying off in the past,furniture/equipment,276.0,A61,... < 1 year,4.0,female : divorced/separated/married,none,3.0,if not A121 : building society savings agreement/ life insurance,63.0,none,own,4.0,skilled employee / official,1.0,none,yes,0.751
no checking account,37.0,delay in paying off in the past,education,9533.0,A63,... < 1 year,4.0,male : divorced/separated,co-applicant,4.0,if not A121 : building society savings agreement/ life insurance,75.0,none,rent,4.0,skilled employee / official,1.0,none,yes,0.865
no checking account,60.0,existing credits paid back duly till now,furniture/equipment,15945.0,A64,... < 1 year,2.0,male : divorced/separated,none,3.0,if not A121 : building society savings agreement/ life insurance,35.0,none,for free,4.0,skilled employee / official,1.0,"yes, registered under the customers name",yes,0.807
... >= 200 DM / salary assignments for at least 1 year,24.0,no credits taken/ all credits paid back duly,others,11338.0,A62,unemployed,2.0,female : divorced/separated/married,none,3.0,unknown / no property,29.0,stores,rent,1.0,unemployed/ unskilled - non-resident,2.0,none,no,0.083
no checking account,37.0,all credits at this bank paid back duly,car (used),5875.0,A63,.. >= 7 years,4.0,male : single,none,2.0,if not A121 : building society savings agreement/ life insurance,19.0,none,own,1.0,management/ self-employed/ highly qualified employee/ officer,1.0,none,yes,0.274
... < 0 DM,4.0,no credits taken/ all credits paid back duly,radio/television,3905.0,A62,unemployed,3.0,male : single,none,1.0,unknown / no property,19.0,stores,for free,1.0,management/ self-employed/ highly qualified employee/ officer,2.0,none,no,0.072
... < 0 DM,41.0,no credits taken/ all credits paid back duly,car (used),12376.0,A61,unemployed,4.0,male : single,none,2.0,unknown / no property,45.0,bank,own,1.0,management/ self-employed/ highly qualified employee/ officer,2.0,"yes, registered under the customers name",no,0.02
0 <= ... < 200 DM,4.0,existing credits paid back duly till now,car (new),276.0,A64,... < 1 year,1.0,male : divorced/separated,none,1.0,if not A121 : building society savings agreement/ life insurance,19.0,none,rent,4.0,skilled employee / official,1.0,"yes, registered under the customers name",no,0.795
... < 0 DM,24.0,all credits at this bank paid back duly,car (new),3816.0,A65,unemployed,1.0,female : divorced/separated/married,none,4.0,if not A121 : building society savings agreement/ life insurance,46.0,none,rent,3.0,skilled employee / official,1.0,none,yes,0.768
no checking account,60.0,delay in paying off in the past,furniture/equipment,7699.0,A61,... < 1 year,1.0,male : divorced/separated,none,4.0,"if not A121/A122 : car or other, not in attribute 6",75.0,none,rent,4.0,skilled employee / official,1.0,"yes, registered under the customers name",yes,0.786
0 <= ... < 200 DM,41.0,existing credits paid back duly till now,car (new),15945.0,A61,... < 1 year,4.0,male : divorced/separated,none,4.0,if not A121 : building society savings agreement/ life insurance,61.0,none,for free,4.0,skilled employee / official,1.0,none,yes,0.825
0 <= ... < 200 DM,15.0,delay in paying off in the past,car (new),276.0,A63,... < 1 year,4.0,male : divorced/separated,none,4.0,"if not A121/A122 : car or other, not in attribute 6",64.0,stores,rent,4.0,skilled employee / official,1.0,"yes, registered under the customers name",no,0.814
... < 0 DM,4.0,no credits taken/ all credits paid back duly,radio/television,276.0,A62,unemployed,1.0,male : married/widowed,none,1.0,unknown / no property,19.0,stores,for free,1.0,management/ self-employed/ highly qualified employee/ officer,2.0,"yes, registered under the customers name",yes,0.069
... >= 200 DM / salary assignments for at least 1 year,13.0,delay in paying off in the past,domestic appliances,276.0,A61,1 <= ... < 4 years,1.0,female : divorced/separated/married,co-applicant,1.0,"if not A121/A122 : car or other, not in attribute 6",19.0,bank,own,1.0,unskilled - resident,2.0,none,no,0.085
0 <= ... < 200 DM,30.0,existing credits paid back duly till now,radio/television,4366.0,A61,4 <= ... < 7 years,1.0,female : divorced/separated/married,none,2.0,"if not A121/A122 : car or other, not in attribute 6",26.0,none,own,1.0,management/ self-employed/ highly qualified employee/ officer,1.0,none,yes,0.247
... < 0 DM,51.0,existing credits paid back duly till now,car (new),10627.0,A61,unemployed,3.0,male : single,none,3.0,"if not A121/A122 : car or other, not in attribute 6",44.0,bank,own,1.0,unskilled - resident,2.0,none,yes,0.112
... < 0 DM,60.0,no credits taken/ all credits paid back duly,car (used),15945.0,A62,... < 1 year,4.0,female : divorced/separated/married,co-applicant,4.0,unknown / no property,75.0,bank,own,1.0,management/ self-employed/ highly qualified employee/ officer,2.0,none,no,0.025
0 <= ... < 200 DM,4.0,no credits taken/ all credits paid back duly,car (used),276.0,A65,1 <= ... < 4 years,1.0,male : single,co-applicant,1.0,unknown / no property,19.0,bank,own,1.0,management/ self-employed/ highly qualified employee/ officer,2.0,"yes, registered under the customers name",yes,0.021
... >= 200 DM / salary assignments for at least 1 year,16.0,delay in paying off in the past,domestic appliances,7416.0,A64,1 <= ... < 4 years,1.0,male : single,none,2.0,unknown / no property,19.0,bank,for free,1.0,skilled employee / official,1.0,none,no,0.23
no checking account,36.0,critical account/ other credits existing (not at this bank),car (used),12389.0,A62,unemployed,1.0,male : single,co-applicant,3.0,unknown / no property,28.0,bank,own,1.0,management/ self-employed/ highly qualified employee/ officer,2.0,"yes, registered under the customers name",yes,0.012
0 <= ... < 200 DM,60.0,existing credits paid back duly till now,radio/television,15945.0,A65,1 <= ... < 4 years,1.0,female : divorced/separated/married,none,4.0,unknown / no property,47.0,bank,for free,1.0,skilled employee / official,2.0,"yes, registered under the customers name",yes,0.146
... >= 200 DM / salary assignments for at least 1 year,60.0,existing credits paid back duly till now,car (used),15945.0,A62,1 <= ... < 4 years,4.0,male : single,guarantor,4.0,real estate,75.0,stores,own,1.0,management/ self-employed/ highly qualified employee/ officer,2.0,none,no,0.023
... < 0 DM,30.0,existing credits paid back duly till now,car (used),6552.0,A62,1 <= ... < 4 years,3.0,female : divorced/separated/married,co-applicant,2.0,unknown / no property,19.0,bank,rent,1.0,management/ self-employed/ highly qualified employee/ officer,2.0,none,yes,0.043
... >= 200 DM / salary assignments for at least 1 year,48.0,existing credits paid back duly till now,domestic appliances,10781.0,A65,unemployed,4.0,male : single,none,3.0,"if not A121/A122 : car or other, not in attribute 6",47.0,stores,own,1.0,skilled employee / official,2.0,none,yes,0.134
no checking account,4.0,existing credits paid back duly till now,car (new),276.0,A63,4 <= ... < 7 years,1.0,male : divorced/separated,co-applicant,1.0,if not A121 : building society savings agreement/ life insurance,19.0,none,for free,4.0,unskilled - resident,1.0,none,yes,0.824
... >= 200 DM / salary assignments for at least 1 year,9.0,existing credits paid back duly till now,furniture/equipment,7539.0,A64,.. >= 7 years,1.0,male : divorced/separated,none,3.0,"if not A121/A122 : car or other, not in attribute 6",30.0,none,for free,2.0,skilled employee / official,1.0,"yes, registered under the customers name",yes,0.745
... < 0 DM,18.0,delay in paying off in the past,retraining,10506.0,A65,... < 1 year,2.0,male : divorced/separated,guarantor,4.0,if not A121 : building society savings agreement/ life insurance,43.0,none,rent,4.0,unemployed/ unskilled - non-resident,1.0,none,no,0.883
0 <= ... < 200 DM,43.0,existing credits paid back duly till now,car (new),15945.0,A61,... < 1 year,3.0,male : divorced/separated,co-applicant,4.0,"if not A121/A122 : car or other, not in attribute 6",69.0,none,rent,4.0,unskilled - resident,1.0,none,yes,0.773
... < 0 DM,60.0,all credits at this bank paid back duly,furniture/equipment,13980.0,A65,... < 1 year,4.0,male : divorced/separated,none,4.0,if not A121 : building society savings agreement/ life insurance,75.0,none,for free,4.0,skilled employee / official,1.0,"yes, registered under the customers name",yes,0.855
0 <= ... < 200 DM,30.0,existing credits paid back duly till now,radio/television,4367.0,A61,4 <= ... < 7 years,1.0,female : divorced/separated/married,none,2.0,"if not A121/A122 : car or other, not in attribute 6",26.0,none,own,1.0,management/ self-employed/ highly qualified employee/ officer,1.0,none,yes,0.247
... < 0 DM,51.0,existing credits paid back duly till now,car (new),10613.0,A61,unemployed,3.0,male : single,none,3.0,"if not A121/A122 : car or other, not in attribute 6",44.0,bank,own,1.0,unskilled - resident,2.0,none,yes,0.112
0 <= ... < 200 DM,19.0,existing credits paid back duly till now,radio/television,7101.0,A61,unemployed,4.0,male : married/widowed,none,4.0,"if not A121/A122 : car or other, not in attribute 6",28.0,stores,own,1.0,skilled employee / official,2.0,"yes, registered under the customers name",yes,0.138
... >= 200 DM / salary assignments for at least 1 year,46.0,existing credits paid back duly till now,repairs,11671.0,A62,... < 1 year,4.0,female : divorced/separated/married,none,4.0,"if not A121/A122 : car or other, not in attribute 6",75.0,none,own,4.0,skilled employee / official,2.0,none,yes,0.297
... < 0 DM,39.0,existing credits paid back duly till now,radio/television,4506.0,A61,1 <= ... < 4 years,4.0,female : divorced/separated/married,none,3.0,unknown / no property,30.0,bank,rent,1.0,skilled employee / official,2.0,none,yes,0.147
... >= 200 DM / salary assignments for at least 1 year,60.0,existing credits paid back duly till now,car (used),10242.0,A61,unemployed,4.0,male : divorced/separated,guarantor,4.0,"if not A121/A122 : car or other, not in attribute 6",47.0,none,own,1.0,skilled employee / official,2.0,none,yes,0.275
no checking account,5.0,critical account/ other credits existing (not at this bank),business,1948.0,A61,4 <= ... < 7 years,2.0,female : divorced/separated/married,co-applicant,1.0,real estate,19.0,stores,own,1.0,management/ self-employed/ highly qualified employee/ officer,2.0,"yes, registered under the customers name",no,0.047
... < 0 DM,21.0,all credits at this bank paid back duly,radio/television,6572.0,A64,.. >= 7 years,3.0,female : divorced/separated/married,none,2.0,"if not A121/A122 : car or other, not in attribute 6",30.0,none,own,1.0,unskilled - resident,1.0,none,yes,0.312
... < 0 DM,60.0,no credits taken/ all credits paid back duly,car (new),15945.0,A61,1 <= ... < 4 years,4.0,male : single,co-applicant,3.0,unknown / no property,45.0,none,own,3.0,skilled employee / official,1.0,none,yes,0.255
no checking account,32.0,critical account/ other credits existing (not at this bank),car (new),10435.0,A61,1 <= ... < 4 years,4.0,female : divorced/separated/married,co-applicant,4.0,real estate,75.0,bank,own,4.0,unemployed/ unskilled - non-resident,2.0,"yes, registered under the customers name",no,0.103
... < 0 DM,4.0,existing credits paid back duly till now,car (new),276.0,A63,... < 1 year,1.0,male : divorced/separated,none,1.0,if not A121 : building society savings agreement/ life insurance,19.0,none,rent,4.0,skilled employee / official,1.0,none,no,0.795
no checking account,4.0,all credits at this bank paid back duly,retraining,276.0,A65,.. >= 7 years,1.0,male : single,none,4.0,"if not A121/A122 : car or other, not in attribute 6",29.0,none,for free,2.0,unskilled - resident,1.0,"yes, registered under the customers name",yes,0.766
0 <= ... < 200 DM,22.0,delay in paying off in the past,furniture/equipment,3470.0,A63,... < 1 year,2.0,male : divorced/separated,guarantor,4.0,if not A121 : building society savings agreement/ life insurance,55.0,none,for free,4.0,skilled employee / official,1.0,"yes, registered under the customers name",yes,0.86
no checking account,41.0,critical account/ other credits existing (not at this bank),retraining,7947.0,A61,.. >= 7 years,3.0,male : single,none,4.0,if not A121 : building society savings agreement/ life insurance,72.0,none,rent,3.0,unemployed/ unskilled - non-resident,1.0,"yes, registered under the customers name",no,0.729
no checking account,60.0,all credits at this bank paid back duly,furniture/equipment,15945.0,A65,... < 1 year,4.0,male : divorced/separated,none,4.0,"if not A121/A122 : car or other, not in attribute 6",75.0,none,for free,4.0,skilled employee / official,1.0,none,yes,0.823
0 <= ... < 200 DM,23.0,existing credits paid back duly till now,furniture/equipment,4798.0,A63,... < 1 year,3.0,male : single,guarantor,4.0,"if not A121/A122 : car or other, not in attribute 6",75.0,stores,for free,4.0,unemployed/ unskilled - non-resident,1.0,"yes, registered under the customers name",yes,0.795
0 <= ... < 200 DM,43.0,critical account/ other credits existing (not at this bank),retraining,10463.0,A61,... < 1 year,4.0,male : single,none,4.0,if not A121 : building society savings agreement/ life insurance,75.0,none,rent,4.0,unemployed/ unskilled - non-resident,1.0,none,no,0.844
... < 0 DM,24.0,no credits taken/ all credits paid back duly,business,6186.0,A61,.. >= 7 years,1.0,male : single,none,2.0,"if not A121/A122 : car or other, not in attribute 6",19.0,none,own,1.0,skilled employee / official,2.0,"yes, registered under the customers name",no,0.214
... >= 200 DM / salary assignments for at least 1 year,45.0,no credits taken/ all credits paid back duly,repairs,12187.0,A64,unemployed,2.0,male : single,none,4.0,real estate,21.0,stores,rent,1.0,unemployed/ unskilled - non-resident,1.0,none,yes,0.094
... < 0 DM,4.0,no credits taken/ all credits paid back duly,radio/television,276.0,A62,unemployed,1.0,male : single,co-applicant,1.0,real estate,19.0,bank,own,1.0,management/ self-employed/ highly qualified employee/ officer,2.0,"yes, registered under the customers name",yes,0.015
... >= 200 DM / salary assignments for at least 1 year,7.0,critical account/ other credits existing (not at this bank),business,1436.0,A61,4 <= ... < 7 years,1.0,male : married/widowed,none,1.0,unknown / no property,19.0,none,own,1.0,skilled employee / official,1.0,none,no,0.204
no checking account,23.0,delay in paying off in the past,radio/television,5204.0,A65,1 <= ... < 4 years,2.0,female : divorced/separated/married,none,1.0,real estate,28.0,stores,own,1.0,management/ self-employed/ highly qualified employee/ officer,1.0,"yes, registered under the customers name",no,0.059
0 <= ... < 200 DM,42.0,existing credits paid back duly till now,car (used),10118.0,A65,1 <= ... < 4 years,3.0,male : married/widowed,co-applicant,1.0,unknown / no property,47.0,none,own,1.0,skilled employee / official,2.0,"yes, registered under the customers name",yes,0.119
0 <= ... < 200 DM,60.0,existing credits paid back duly till now,radio/television,15945.0,A62,1 <= ... < 4 years,4.0,male : married/widowed,none,4.0,real estate,75.0,bank,own,4.0,management/ self-employed/ highly qualified employee/ officer,2.0,none,yes,0.036
0 <= ... < 200 DM,60.0,delay in paying off in the past,education,13573.0,A61,1 <= ... < 4 years,4.0,female : divorced/separated/married,co-applicant,3.0,real estate,63.0,none,for free,1.0,skilled employee / official,2.0,none,yes,0.324
... >= 200 DM / salary assignments for at least 1 year,4.0,existing credits paid back duly till now,car (new),276.0,A64,.. >= 7 years,1.0,male : divorced/separated,none,1.0,if not A121 : building society savings agreement/ life insurance,20.0,none,rent,3.0,skilled employee / official,1.0,none,yes,0.792
no checking account,28.0,all credits at this bank paid back duly,retraining,1219.0,A65,... < 1 year,1.0,male : divorced/separated,guarantor,4.0,"if not A121/A122 : car or other, not in attribute 6",19.0,none,for free,4.0,skilled employee / official,1.0,"yes, registered under the customers name",no,0.808
0 <= ... < 200 DM,49.0,existing credits paid back duly till now,furniture/equipment,6947.0,A64,... < 1 year,2.0,male : divorced/separated,none,4.0,if not A121 : building society savings agreement/ life insurance,21.0,none,rent,1.0,skilled employee / official,1.0,"yes, registered under the customers name",yes,0.794
no checking account,60.0,existing credits paid back duly till now,car (new),12762.0,A61,4 <= ... < 7 years,3.0,female : divorced/separated/married,none,4.0,if not A121 : building society savings agreement/ life insurance,44.0,none,for free,3.0,skilled employee / official,1.0,"yes, registered under the customers name",yes,0.764
... < 0 DM,60.0,all credits at this bank paid back duly,furniture/equipment,15945.0,A65,... < 1 year,4.0,male : divorced/separated,guarantor,4.0,if not A121 : building society savings agreement/ life insurance,75.0,none,rent,4.0,skilled employee / official,1.0,none,no,0.838
no checking account,20.0,existing credits paid back duly till now,education,1664.0,A65,4 <= ... < 7 years,4.0,male : single,none,3.0,"if not A121/A122 : car or other, not in attribute 6",28.0,none,rent,2.0,skilled employee / official,1.0,"yes, registered under the customers name",no,0.77
no checking account,60.0,all credits at this bank paid back duly,car (new),12443.0,A63,... < 1 year,1.0,male : single,none,4.0,"if not A121/A122 : car or other, not in attribute 6",75.0,none,rent,4.0,unemployed/ unskilled - non-resident,1.0,"yes, registered under the customers name",yes,0.789
... >= 200 DM / salary assignments for at least 1 year,22.0,existing credits paid back duly till now,repairs,1802.0,A61,.. >= 7 years,3.0,male : single,guarantor,1.0,"if not A121/A122 : car or other, not in attribute 6",19.0,stores,own,1.0,unskilled - resident,2.0,none,no,0.108
... < 0 DM,60.0,existing credits paid back duly till now,car (used),12764.0,A61,4 <= ... < 7 years,4.0,male : married/widowed,none,3.0,if not A121 : building society savings agreement/ life insurance,45.0,none,own,1.0,skilled employee / official,2.0,none,yes,0.246
no checking account,60.0,delay in paying off in the past,furniture/equipment,7792.0,A61,... < 1 year,1.0,male : divorced/separated,none,4.0,"if not A121/A122 : car or other, not in attribute 6",75.0,none,rent,4.0,skilled employee / official,1.0,"yes, registered under the customers name",yes,0.785
... >= 200 DM / salary assignments for at least 1 year,26.0,critical account/ other credits existing (not at this bank),radio/television,5490.0,A62,unemployed,4.0,male : single,none,2.0,real estate,29.0,bank,rent,1.0,management/ self-employed/ highly qualified employee/ officer,1.0,"yes, registered under the customers name",yes,0.061
... < 0 DM,42.0,existing credits paid back duly till now,car (used),9815.0,A61,4 <= ... < 7 years,4.0,male : married/widowed,co-applicant,3.0,unknown / no property,46.0,none,own,1.0,skilled employee / official,2.0,none,yes,0.115
no checking account,4.0,delay in paying off in the past,car (new),276.0,A64,... < 1 year,1.0,male : divorced/separated,none,1.0,if not A121 : building society savings agreement/ life insurance,19.0,none,for free,2.0,skilled employee / official,1.0,"yes, registered under the customers name",yes,0.745
... < 0 DM,12.0,existing credits paid back duly till now,furniture/equipment,276.0,A63,4 <= ... < 7 years,4.0,male : single,none,4.0,"if not A121/A122 : car or other, not in attribute 6",30.0,none,rent,1.0,skilled employee / official,1.0,none,no,0.748
0 <= ... < 200 DM,36.0,all credits at this bank paid back duly,retraining,276.0,A65,... < 1 year,4.0,male : divorced/separated,guarantor,4.0,if not A121 : building society savings agreement/ life insurance,53.0,none,for free,4.0,unemployed/ unskilled - non-resident,1.0,"yes, registered under the customers name",yes,0.908
no checking account,55.0,existing credits paid back duly till now,car (new),5969.0,A63,.. >= 7 years,4.0,male : single,none,4.0,"if not A121/A122 : car or other, not in attribute 6",71.0,none,for free,3.0,skilled employee / official,1.0,none,yes,0.731
0 <= ... < 200 DM,60.0,delay in paying off in the past,retraining,15945.0,A65,... < 1 year,4.0,male : divorced/separated,none,4.0,if not A121 : building society savings agreement/ life insurance,75.0,none,rent,4.0,skilled employee / official,1.0,"yes, registered under the customers name",no,0.872
no checking account,4.0,no credits taken/ all credits paid back duly,car (used),276.0,A62,unemployed,1.0,female : divorced/separated/married,co-applicant,1.0,unknown / no property,19.0,bank,own,1.0,management/ self-employed/ highly qualified employee/ officer,2.0,"yes, registered under the customers name",yes,0.019
0 <= ... < 200 DM,4.0,existing credits paid back duly till now,others,9136.0,A65,unemployed,1.0,male : single,none,1.0,"if not A121/A122 : car or other, not in attribute 6",19.0,bank,own,1.0,unemployed/ unskilled - non-resident,2.0,none,no,0.084
... >= 200 DM / salary assignments for at least 1 year,11.0,critical account/ other credits existing (not at this bank),car (new),15945.0,A61,1 <= ... < 4 years,1.0,male : single,co-applicant,2.0,if not A121 : building society savings agreement/ life insurance,19.0,none,own,1.0,unemployed/ unskilled - non-resident,1.0,"yes, registered under the customers name",yes,0.254
0 <= ... < 200 DM,40.0,existing credits paid back duly till now,radio/television,15945.0,A65,.. >= 7 years,1.0,female : divorced/separated/married,none,3.0,real estate,49.0,stores,own,1.0,unemployed/ unskilled - non-resident,2.0,"yes, registered under the customers name",yes,0.077
0 <= ... < 200 DM,4.0,all credits at this bank paid back duly,furniture/equipment,276.0,A63,1 <= ... < 4 years,2.0,male : divorced/separated,guarantor,4.0,unknown / no property,40.0,none,rent,2.0,management/ self-employed/ highly qualified employee/ officer,1.0,"yes, registered under the customers name",yes,0.734
... >= 200 DM / salary assignments for at least 1 year,24.0,delay in paying off in the past,car (new),2732.0,A65,.. >= 7 years,3.0,male : divorced/separated,none,4.0,unknown / no property,55.0,none,for free,1.0,skilled employee / official,1.0,none,no,0.771
... >= 200 DM / salary assignments for at least 1 year,48.0,existing credits paid back duly till now,furniture/equipment,9565.0,A61,.. >= 7 years,4.0,male : divorced/separated,none,4.0,unknown / no property,75.0,none,for free,4.0,unemployed/ unskilled - non-resident,1.0,none,yes,0.749
0 <= ... < 200 DM,60.0,all credits at this bank paid back duly,furniture/equipment,15071.0,A65,4 <= ... < 7 years,4.0,male : divorced/separated,none,4.0,if not A121 : building society savings agreement/ life insurance,64.0,none,rent,4.0,skilled employee / official,1.0,"yes, registered under the customers name",yes,0.851
... < 0 DM,4.0,delay in paying off in the past,car (new),276.0,A65,... < 1 year,1.0,male : divorced/separated,co-applicant,1.0,if not A121 : building society savings agreement/ life insurance,19.0,none,for free,3.0,skilled employee / official,1.0,none,yes,0.836
no checking account,12.0,existing credits paid back duly till now,furniture/equipment,276.0,A61,4 <= ... < 7 years,3.0,male : single,none,2.0,"if not A121/A122 : car or other, not in attribute 6",40.0,none,rent,3.0,skilled employee / official,1.0,"yes, registered under the customers name",yes,0.688
0 <= ... < 200 DM,27.0,delay in paying off in the past,education,3922.0,A65,4 <= ... < 7 years,4.0,male : divorced/separated,guarantor,3.0,if not A121 : building society savings agreement/ life insurance,54.0,none,for free,4.0,unemployed/ unskilled - non-resident,1.0,none,no,0.914
no checking account,45.0,critical account/ other credits existing (not at this bank),retraining,9780.0,A61,... < 1 year,4.0,male : single,co-applicant,4.0,if not A121 : building society savings agreement/ life insurance,69.0,none,for free,3.0,skilled employee / official,1.0,none,yes,0.747
0 <= ... < 200 DM,60.0,delay in paying off in the past,car (new),15945.0,A63,... < 1 year,4.0,male : divorced/separated,guarantor,4.0,"if not A121/A122 : car or other, not in attribute 6",75.0,none,rent,4.0,skilled employee / official,1.0,"yes, registered under the customers name",yes,0.819
... < 0 DM,12.0,existing credits paid back duly till now,education,276.0,A63,4 <= ... < 7 years,4.0,male : single,none,4.0,"if not A121/A122 : car or other, not in attribute 6",30.0,none,rent,1.0,skilled employee / official,1.0,none,no,0.784
no checking account,55.0,existing credits paid back duly till now,car (new),5981.0,A63,.. >= 7 years,4.0,male : single,none,4.0,"if not A121/A122 : car or other, not in attribute 6",72.0,none,for free,3.0,skilled employee / official,1.0,none,yes,0.732
... < 0 DM,32.0,all credits at this bank paid back duly,others,5578.0,A64,.. >= 7 years,1.0,male : single,guarantor,1.0,unknown / no property,21.0,bank,for free,1.0,unemployed/ unskilled - non-resident,1.0,"yes, registered under the customers name",no,0.182
no checking account,60.0,critical account/ other credits existing (not at this bank),car (new),15744.0,A63,unemployed,3.0,male : married/widowed,none,3.0,real estate,56.0,bank,for free,1.0,skilled employee / official,2.0,none,yes,0.193
0 <= ... < 200 DM,4.0,critical account/ other credits existing (not at this bank),retraining,276.0,A63,... < 1 year,3.0,female : divorced/separated/married,guarantor,1.0,if not A121 : building society savings agreement/ life insurance,19.0,none,own,4.0,management/ self-employed/ highly qualified employee/ officer,1.0,"yes, registered under the customers name",yes,0.709
no checking account,4.0,critical account/ other credits existing (not at this bank),business,276.0,A61,1 <= ... < 4 years,4.0,female : divorced/separated/married,guarantor,2.0,real estate,25.0,none,rent,3.0,management/ self-employed/ highly qualified employee/ officer,1.0,"yes, registered under the customers name",yes,0.501
no checking account,7.0,critical account/ other credits existing (not at this bank),business,276.0,A61,1 <= ... < 4 years,4.0,female : divorced/separated/married,guarantor,3.0,real estate,37.0,none,for free,4.0,management/ self-employed/ highly qualified employee/ officer,1.0,"yes, registered under the customers name",yes,0.586
no checking account,24.0,critical account/ other credits existing (not at this bank),business,4205.0,A61,1 <= ... < 4 years,4.0,female : divorced/separated/married,guarantor,3.0,real estate,55.0,none,rent,4.0,management/ self-employed/ highly qualified employee/ officer,1.0,"yes, registered under the customers name",yes,0.524
no checking account,33.0,critical account/ other credits existing (not at this bank),business,5559.0,A61,1 <= ... < 4 years,4.0,female : divorced/separated/married,guarantor,3.0,if not A121 : building society savings agreement/ life insurance,48.0,none,for free,4.0,management/ self-employed/ highly qualified employee/ officer,1.0,"yes, registered under the customers name",yes,0.663
... >= 200 DM / salary assignments for at least 1 year,7.0,critical account/ other credits existing (not at this bank),business,1434.0,A61,4 <= ... < 7 years,1.0,male : married/widowed,none,1.0,unknown / no property,19.0,none,own,1.0,skilled employee / official,1.0,none,no,0.204
no checking account,23.0,delay in paying off in the past,radio/television,5205.0,A65,1 <= ... < 4 years,2.0,female : divorced/separated/married,none,1.0,real estate,28.0,stores,own,1.0,management/ self-employed/ highly qualified employee/ officer,1.0,"yes, registered under the customers name",no,0.059
0 <= ... < 200 DM,42.0,existing credits paid back duly till now,car (used),10112.0,A65,1 <= ... < 4 years,3.0,male : married/widowed,co-applicant,1.0,unknown / no property,47.0,none,own,1.0,skilled employee / official,2.0,"yes, registered under the customers name",yes,0.119
... >= 200 DM / salary assignments for at least 1 year,48.0,delay in paying off in the past,radio/television,6223.0,A62,.. >= 7 years,3.0,male : married/widowed,none,4.0,unknown / no property,43.0,none,for free,1.0,skilled employee / official,1.0,none,yes,0.334
... >= 200 DM / salary assignments for at least 1 year,4.0,no credits taken/ all credits paid back duly,business,276.0,A62,unemployed,1.0,male : married/widowed,co-applicant,1.0,unknown / no property,19.0,bank,own,1.0,management/ self-employed/ highly qualified employee/ officer,1.0,none,no,0.028
no checking account,32.0,all credits at this bank paid back duly,radio/television,3613.0,A64,.. >= 7 years,1.0,female : divorced/separated/married,none,2.0,real estate,19.0,none,own,1.0,unskilled - resident,2.0,none,yes,0.194
... < 0 DM,48.0,critical account/ other credits existing (not at this bank),business,7820.0,A61,4 <= ... < 7 years,2.0,female : divorced/separated/married,guarantor,4.0,unknown / no property,31.0,bank,own,1.0,management/ self-employed/ highly qualified employee/ officer,2.0,none,yes,0.052
... < 0 DM,60.0,all credits at this bank paid back duly,business,15106.0,A61,4 <= ... < 7 years,4.0,male : married/widowed,co-applicant,4.0,"if not A121/A122 : car or other, not in attribute 6",50.0,stores,rent,1.0,skilled employee / official,2.0,none,no,0.2
no checking account,60.0,all credits at this bank paid back duly,repairs,15945.0,A62,.. >= 7 years,2.0,female : divorced/separated/married,guarantor,4.0,real estate,75.0,bank,own,1.0,unskilled - resident,2.0,"yes, registered under the customers name",yes,0.051
... >= 200 DM / salary assignments for at least 1 year,24.0,delay in paying off in the past,car (new),2741.0,A65,.. >= 7 years,3.0,male : divorced/separated,none,4.0,unknown / no property,55.0,none,for free,1.0,skilled employee / official,1.0,none,no,0.771
... >= 200 DM / salary assignments for at least 1 year,48.0,existing credits paid back duly till now,furniture/equipment,9607.0,A61,.. >= 7 years,4.0,male : divorced/separated,none,4.0,unknown / no property,75.0,none,for free,4.0,unemployed/ unskilled - non-resident,1.0,none,yes,0.748
no checking account,4.0,critical account/ other credits existing (not at this bank),furniture/equipment,1677.0,A65,.. >= 7 years,1.0,male : divorced/separated,none,1.0,if not A121 : building society savings agreement/ life insurance,19.0,none,for free,4.0,skilled employee / official,1.0,"yes, registered under the customers name",no,0.704
no checking account,43.0,all credits at this bank paid back duly,car (new),8333.0,A63,... < 1 year,1.0,male : divorced/separated,guarantor,4.0,if not A121 : building society savings agreement/ life insurance,40.0,none,for free,3.0,unskilled - resident,1.0,none,yes,0.822
0 <= ... < 200 DM,6.0,delay in paying off in the past,car (new),276.0,A63,... < 1 year,4.0,male : divorced/separated,none,4.0,"if not A121/A122 : car or other, not in attribute 6",75.0,none,rent,3.0,unskilled - resident,1.0,"yes, registered under the customers name",yes,0.902
0 <= ... < 200 DM,60.0,critical account/ other credits existing (not at this bank),car (new),13763.0,A65,.. >= 7 years,2.0,male : single,none,4.0,if not A121 : building society savings agreement/ life insurance,75.0,none,for free,4.0,unemployed/ unskilled - non-resident,1.0,"yes, registered under the customers name",yes,0.811
no checking account,60.0,existing credits paid back duly till now,retraining,15644.0,A63,... < 1 year,4.0,male : divorced/separated,guarantor,4.0,if not A121 : building society savings agreement/ life insurance,75.0,none,rent,4.0,skilled employee / official,1.0,none,no,0.784
... >= 200 DM / salary assignments for at least 1 year,4.0,existing credits paid back duly till now,car (new),7157.0,A64,... < 1 year,1.0,male : divorced/separated,none,1.0,if not A121 : building society savings agreement/ life insurance,19.0,none,own,2.0,skilled employee / official,1.0,"yes, registered under the customers name",yes,0.737
no checking account,4.0,delay in paying off in the past,retraining,276.0,A65,1 <= ... < 4 years,3.0,female : divorced/separated/married,guarantor,4.0,if not A121 : building society savings agreement/ life insurance,20.0,none,for free,2.0,skilled employee / official,1.0,"yes, registered under the customers name",no,0.766
... >= 200 DM / salary assignments for at least 1 year,12.0,all credits at this bank paid back duly,furniture/equipment,276.0,A61,.. >= 7 years,4.0,male : divorced/separated,none,4.0,if not A121 : building society savings agreement/ life insurance,49.0,none,rent,3.0,skilled employee / official,1.0,none,yes,0.814
no checking account,40.0,critical account/ other credits existing (not at this bank),car (new),276.0,A63,... < 1 year,4.0,male : single,none,4.0,"if not A121/A122 : car or other, not in attribute 6",75.0,none,for free,4.0,unemployed/ unskilled - non-resident,1.0,"yes, registered under the customers name",yes,0.838
0 <= ... < 200 DM,60.0,all credits at this bank paid back duly,car (new),15945.0,A65,... < 1 year,4.0,male : divorced/separated,none,4.0,if not A121 : building society savings agreement/ life insurance,75.0,none,for free,4.0,skilled employee / official,1.0,"yes, registered under the customers name",no,0.855
... < 0 DM,4.0,all credits at this bank paid back duly,retraining,276.0,A63,... < 1 year,4.0,male : single,guarantor,3.0,"if not A121/A122 : car or other, not in attribute 6",23.0,none,for free,3.0,unskilled - resident,1.0,none,no,0.805
0 <= ... < 200 DM,27.0,existing credits paid back duly till now,education,276.0,A65,1 <= ... < 4 years,4.0,male : divorced/separated,none,4.0,"if not A121/A122 : car or other, not in attribute 6",46.0,none,rent,4.0,unskilled - resident,1.0,"yes, registered under the customers name",yes,0.88
no checking account,46.0,existing credits paid back duly till now,retraining,6205.0,A61,... < 1 year,4.0,male : married/widowed,none,4.0,if not A121 : building society savings agreement/ life insurance,65.0,none,own,4.0,unemployed/ unskilled - non-resident,1.0,none,yes,0.701
... < 0 DM,60.0,delay in paying off in the past,retraining,15945.0,A63,... < 1 year,3.0,male : divorced/separated,guarantor,4.0,"if not A121/A122 : car or other, not in attribute 6",75.0,none,for free,4.0,unskilled - resident,1.0,"yes, registered under the customers name",no,0.852
no checking account,5.0,critical account/ other credits existing (not at this bank),business,1951.0,A61,4 <= ... < 7 years,2.0,female : divorced/separated/married,co-applicant,1.0,real estate,19.0,stores,own,1.0,management/ self-employed/ highly qualified employee/ officer,2.0,"yes, registered under the customers name",no,0.047
... < 0 DM,21.0,all credits at this bank paid back duly,radio/television,6567.0,A64,.. >= 7 years,3.0,female : divorced/separated/married,none,2.0,"if not A121/A122 : car or other, not in attribute 6",30.0,none,own,1.0,unskilled - resident,1.0,none,yes,0.313
no checking account,32.0,critical account/ other credits existing (not at this bank),car (new),10434.0,A61,1 <= ... < 4 years,4.0,female : divorced/separated/married,co-applicant,4.0,real estate,75.0,bank,own,4.0,unemployed/ unskilled - non-resident,2.0,"yes, registered under the customers name",no,0.103
... < 0 DM,50.0,no credits taken/ all credits paid back duly,business,3584.0,A61,unemployed,4.0,male : single,none,4.0,real estate,19.0,none,rent,1.0,management/ self-employed/ highly qualified employee/ officer,1.0,"yes, registered under the customers name",no,0.278
... < 0 DM,60.0,existing credits paid back duly till now,car (used),9691.0,A61,1 <= ... < 4 years,4.0,male : married/widowed,co-applicant,4.0,unknown / no property,40.0,none,for free,1.0,skilled employee / official,2.0,"yes, registered under the customers name",yes,0.242
0 <= ... < 200 DM,23.0,no credits taken/ all credits paid back duly,car (used),6108.0,A61,4 <= ... < 7 years,3.0,female : divorced/separated/married,guarantor,4.0,real estate,19.0,stores,own,1.0,skilled employee / official,2.0,none,yes,0.105
... < 0 DM,38.0,critical account/ other credits existing (not at this bank),furniture/equipment,9920.0,A61,1 <= ... < 4 years,4.0,female : divorced/separated/married,none,4.0,real estate,75.0,stores,own,1.0,management/ self-employed/ highly qualified employee/ officer,2.0,"yes, registered under the customers name",no,0.117
0 <= ... < 200 DM,6.0,all credits at this bank paid back duly,furniture/equipment,276.0,A65,... < 1 year,1.0,male : divorced/separated,none,1.0,if not A121 : building society savings agreement/ life insurance,19.0,none,for free,4.0,skilled employee / official,1.0,none,no,0.811
no checking account,4.0,delay in paying off in the past,education,276.0,A61,4 <= ... < 7 years,4.0,male : married/widowed,none,4.0,"if not A121/A122 : car or other, not in attribute 6",24.0,none,rent,2.0,unemployed/ unskilled - non-resident,1.0,"yes, registered under the customers name",yes,0.736
... >= 200 DM / salary assignments for at least 1 year,18.0,existing credits paid back duly till now,retraining,2040.0,A63,... < 1 year,4.0,male : single,guarantor,4.0,if not A121 : building society savings agreement/ life insurance,56.0,none,for free,3.0,management/ self-employed/ highly qualified employee/ officer,1.0,"yes, registered under the customers name",yes,0.779
... >= 200 DM / salary assignments for at least 1 year,41.0,all credits at this bank paid back duly,education,8327.0,A61,.. >= 7 years,4.0,male : single,none,4.0,if not A121 : building society savings agreement/ life insurance,75.0,none,rent,4.0,management/ self-employed/ highly qualified employee/ officer,1.0,"yes, registered under the customers name",no,0.674
0 <= ... < 200 DM,60.0,existing credits paid back duly till now,furniture/equipment,15945.0,A65,... < 1 year,4.0,male : divorced/separated,none,4.0,"if not A121/A122 : car or other, not in attribute 6",58.0,none,for free,4.0,skilled employee / official,1.0,none,yes,0.835
0 <= ... < 200 DM,14.0,delay in paying off in the past,car (new),1966.0,A63,1 <= ... < 4 years,4.0,male : single,none,3.0,"if not A121/A122 : car or other, not in attribute 6",56.0,none,own,2.0,unskilled - resident,1.0,none,yes,0.696
... < 0 DM,33.0,existing credits paid back duly till now,furniture/equipment,8004.0,A65,... < 1 year,4.0,male : single,none,4.0,real estate,75.0,none,for free,3.0,skilled employee / official,1.0,"yes, registered under the customers name",yes,0.843
0 <= ... < 200 DM,14.0,existing credits paid back duly till now,retraining,2876.0,A63,... < 1 year,4.0,male : divorced/separated,none,4.0,if not A121 : building society savings agreement/ life insurance,57.0,none,for free,3.0,skilled employee / official,1.0,"yes, registered under the customers name",yes,0.846
no checking account,37.0,existing credits paid back duly till now,furniture/equipment,8950.0,A65,... < 1 year,4.0,male : single,none,4.0,if not A121 : building society savings agreement/ life insurance,75.0,none,rent,4.0,management/ self-employed/ highly qualified employee/ officer,1.0,none,no,0.805
... >= 200 DM / salary assignments for at least 1 year,15.0,existing credits paid back duly till now,retraining,2767.0,A63,... < 1 year,4.0,male : divorced/separated,guarantor,3.0,if not A121 : building society savings agreement/ life insurance,57.0,none,for free,4.0,skilled employee / official,1.0,none,yes,0.834
... < 0 DM,60.0,all credits at this bank paid back duly,business,15107.0,A61,4 <= ... < 7 years,4.0,male : married/widowed,co-applicant,4.0,"if not A121/A122 : car or other, not in attribute 6",50.0,stores,rent,1.0,skilled employee / official,2.0,none,no,0.2
0 <= ... < 200 DM,4.0,critical account/ other credits existing (not at this bank),retraining,276.0,A63,... < 1 year,1.0,male : divorced/separated,guarantor,1.0,"if not A121/A122 : car or other, not in attribute 6",19.0,bank,for free,2.0,unskilled - resident,1.0,"yes, registered under the customers name",no,0.804
no checking account,4.0,existing credits paid back duly till now,furniture/equipment,276.0,A65,.. >= 7 years,1.0,male : divorced/separated,none,4.0,if not A121 : building society savings agreement/ life insurance,45.0,none,rent,4.0,unskilled - resident,1.0,none,yes,0.824
... >= 200 DM / salary assignments for at least 1 year,13.0,delay in paying off in the past,car (new),3091.0,A61,... < 1 year,3.0,male : divorced/separated,none,4.0,"if not A121/A122 : car or other, not in attribute 6",71.0,none,for free,4.0,skilled employee / official,1.0,none,yes,0.838
0 <= ... < 200 DM,37.0,critical account/ other credits existing (not at this bank),education,9509.0,A63,.. >= 7 years,4.0,female : divorced/separated/married,guarantor,4.0,unknown / no property,75.0,none,for free,4.0,unemployed/ unskilled - non-resident,1.0,none,no,0.781
... < 0 DM,60.0,delay in paying off in the past,retraining,15945.0,A65,... < 1 year,3.0,male : divorced/separated,none,4.0,if not A121 : building society savings agreement/ life insurance,75.0,none,rent,3.0,unskilled - resident,1.0,"yes, registered under the customers name",yes,0.858
... >= 200 DM / salary assignments for at least 1 year,60.0,existing credits paid back duly till now,others,944.0,A61,4 <= ... < 7 years,2.0,male : single,none,2.0,unknown / no property,19.0,bank,for free,1.0,skilled employee / official,2.0,none,no,0.188
no checking account,60.0,no credits taken/ all credits paid back duly,car (used),6280.0,A62,unemployed,3.0,male : single,co-applicant,3.0,unknown / no property,33.0,stores,rent,1.0,management/ self-employed/ highly qualified employee/ officer,1.0,"yes, registered under the customers name",yes,0.036
... < 0 DM,12.0,existing credits paid back duly till now,car (new),1155.0,A61,4 <= ... < 7 years,4.0,male : single,guarantor,4.0,"if not A121/A122 : car or other, not in attribute 6",23.0,none,for free,4.0,skilled employee / official,1.0,"yes, registered under the customers name",yes,0.787
no checking account,17.0,critical account/ other credits existing (not at this bank),others,15945.0,A61,1 <= ... < 4 years,1.0,female : divorced/separated/married,guarantor,1.0,real estate,19.0,bank,own,1.0,unemployed/ unskilled - non-resident,2.0,none,yes,0.067
no checking account,60.0,delay in paying off in the past,business,9577.0,A61,1 <= ... < 4 years,4.0,male : single,none,4.0,"if not A121/A122 : car or other, not in attribute 6",75.0,stores,own,4.0,unemployed/ unskilled - non-resident,1.0,none,yes,0.259
... < 0 DM,33.0,existing credits paid back duly till now,repairs,2127.0,A61,1 <= ... < 4 years,1.0,female : divorced/separated/married,guarantor,1.0,real estate,19.0,none,own,1.0,unemployed/ unskilled - non-resident,1.0,none,yes,0.308
no checking account,54.0,critical account/ other credits existing (not at this bank),radio/television,7823.0,A62,unemployed,2.0,male : single,none,2.0,real estate,19.0,none,own,1.0,skilled employee / official,1.0,none,no,0.103
0 <= ... < 200 DM,4.0,existing credits paid back duly till now,retraining,276.0,A63,... < 1 year,1.0,male : divorced/separated,guarantor,1.0,if not A121 : building society savings agreement/ life insurance,19.0,none,rent,4.0,skilled employee / official,1.0,none,no,0.821
... >= 200 DM / salary assignments for at least 1 year,4.0,all credits at this bank paid back duly,car (new),276.0,A65,1 <= ... < 4 years,1.0,male : single,none,2.0,if not A121 : building society savings agreement/ life insurance,30.0,none,for free,2.0,unskilled - resident,1.0,none,yes,0.802
... < 0 DM,4.0,critical account/ other credits existing (not at this bank),furniture/equipment,3338.0,A65,... < 1 year,2.0,male : divorced/separated,none,4.0,"if not A121/A122 : car or other, not in attribute 6",58.0,none,rent,4.0,unemployed/ unskilled - non-resident,1.0,"yes, registered under the customers name",yes,0.84
no checking account,31.0,critical account/ other credits existing (not at this bank),retraining,7635.0,A63,1 <= ... < 4 years,4.0,male : single,none,4.0,if not A121 : building society savings agreement/ life insurance,75.0,none,for free,4.0,unemployed/ unskilled - non-resident,1.0,none,no,0.816
no checking account,60.0,delay in paying off in the past,retraining,15945.0,A65,... < 1 year,3.0,male : divorced/separated,none,4.0,if not A121 : building society savings agreement/ life insurance,61.0,none,for free,4.0,unskilled - resident,1.0,none,yes,0.872
no checking account,4.0,all credits at this bank paid back duly,car (new),276.0,A63,... < 1 year,1.0,male : divorced/separated,co-applicant,1.0,if not A121 : building society savings agreement/ life insurance,19.0,none,for free,3.0,skilled employee / official,1.0,"yes, registered under the customers name",yes,0.747
0 <= ... < 200 DM,22.0,existing credits paid back duly till now,education,3270.0,A61,4 <= ... < 7 years,3.0,male : divorced/separated,none,2.0,"if not A121/A122 : car or other, not in attribute 6",24.0,none,rent,3.0,skilled employee / official,1.0,none,no,0.784
... < 0 DM,4.0,delay in paying off in the past,retraining,276.0,A65,4 <= ... < 7 years,4.0,male : divorced/separated,guarantor,4.0,"if not A121/A122 : car or other, not in attribute 6",75.0,stores,for free,4.0,unskilled - resident,1.0,"yes, registered under the customers name",yes,0.843
... >= 200 DM / salary assignments for at least 1 year,42.0,existing credits paid back duly till now,retraining,9189.0,A61,... < 1 year,4.0,male : single,none,4.0,if not A121 : building society savings agreement/ life insurance,45.0,none,for free,4.0,unemployed/ unskilled - non-resident,1.0,none,yes,0.823
0 <= ... < 200 DM,60.0,delay in paying off in the past,car (new),15945.0,A63,4 <= ... < 7 years,4.0,male : divorced/separated,guarantor,4.0,"if not A121/A122 : car or other, not in attribute 6",75.0,none,for free,4.0,skilled employee / official,1.0,"yes, registered under the customers name",yes,0.828
0 <= ... < 200 DM,4.0,delay in paying off in the past,car (new),276.0,A65,... < 1 year,1.0,male : divorced/separated,none,1.0,if not A121 : building society savings agreement/ life insurance,19.0,none,for free,1.0,skilled employee / official,1.0,none,no,0.815
0 <= ... < 200 DM,4.0,all credits at this bank paid back duly,education,276.0,A61,1 <= ... < 4 years,2.0,female : divorced/separated/married,guarantor,3.0,"if not A121/A122 : car or other, not in attribute 6",23.0,none,rent,4.0,unskilled - resident,1.0,"yes, registered under the customers name",yes,0.768
... < 0 DM,22.0,all credits at this bank paid back duly,business,3730.0,A65,.. >= 7 years,3.0,male : single,none,3.0,if not A121 : building society savings agreement/ life insurance,40.0,none,rent,2.0,skilled employee / official,1.0,none,yes,0.782
0 <= ... < 200 DM,41.0,critical account/ other credits existing (not at this bank),business,8800.0,A61,4 <= ... < 7 years,4.0,male : single,none,4.0,if not A121 : building society savings agreement/ life insurance,59.0,none,for free,4.0,unemployed/ unskilled - non-resident,1.0,none,no,0.734
... < 0 DM,60.0,critical account/ other credits existing (not at this bank),furniture/equipment,15945.0,A65,... < 1 year,4.0,male : divorced/separated,guarantor,4.0,if not A121 : building society savings agreement/ life insurance,75.0,none,rent,4.0,skilled employee / official,1.0,"yes, registered under the customers name",yes,0.802
no checking account,7.0,all credits at this bank paid back duly,business,276.0,A63,1 <= ... < 4 years,1.0,male : divorced/separated,none,4.0,"if not A121/A122 : car or other, not in attribute 6",29.0,none,rent,3.0,skilled employee / official,1.0,none,yes,0.78
no checking account,50.0,critical account/ other credits existing (not at this bank),car (new),7090.0,A64,1 <= ... < 4 years,3.0,male : divorced/separated,none,4.0,if not A121 : building society savings agreement/ life insurance,75.0,none,rent,4.0,unemployed/ unskilled - non-resident,1.0,"yes, registered under the customers name",no,0.775
0 <= ... < 200 DM,60.0,existing credits paid back duly till now,retraining,15945.0,A63,... < 1 year,4.0,male : divorced/separated,none,4.0,if not A121 : building society savings agreement/ life insurance,41.0,none,for free,4.0,skilled employee / official,1.0,none,yes,0.8
... >= 200 DM / salary assignments for at least 1 year,7.0,critical account/ other credits existing (not at this bank),business,1435.0,A61,4 <= ... < 7 years,1.0,male : married/widowed,none,1.0,unknown / no property,19.0,none,own,1.0,skilled employee / official,1.0,none,no,0.204
0 <= ... < 200 DM,42.0,existing credits paid back duly till now,car (used),10117.0,A65,1 <= ... < 4 years,3.0,male : married/widowed,co-applicant,1.0,unknown / no property,47.0,none,own,1.0,skilled employee / official,2.0,"yes, registered under the customers name",yes,0.119
0 <= ... < 200 DM,4.0,existing credits paid back duly till now,retraining,276.0,A65,... < 1 year,1.0,male : divorced/separated,none,1.0,if not A121 : building society savings agreement/ life insurance,19.0,none,for free,4.0,skilled employee / official,1.0,"yes, registered under the customers name",yes,0.827
... < 0 DM,4.0,all credits at this bank paid back duly,furniture/equipment,276.0,A65,4 <= ... < 7 years,4.0,male : single,guarantor,3.0,if not A121 : building society savings agreement/ life insurance,31.0,none,rent,1.0,skilled employee / official,1.0,none,no,0.809
no checking account,21.0,delay in paying off in the past,car (new),2955.0,A64,... < 1 year,4.0,male : divorced/separated,co-applicant,4.0,if not A121 : building society savings agreement/ life insurance,52.0,none,rent,2.0,skilled employee / official,1.0,"yes, registered under the customers name",yes,0.809
no checking account,42.0,existing credits paid back duly till now,radio/television,8303.0,A65,.. >= 7 years,4.0,male : single,none,4.0,if not A121 : building society savings agreement/ life insurance,74.0,none,for free,3.0,unemployed/ unskilled - non-resident,1.0,"yes, registered under the customers name",yes,0.757
... < 0 DM,60.0,all credits at this bank paid back duly,retraining,15945.0,A65,... < 1 year,4.0,male : divorced/separated,guarantor,4.0,if not A121 : building society savings agreement/ life insurance,75.0,none,rent,4.0,skilled employee / official,1.0,"yes, registered under the customers name",no,0.82
0 <= ... < 200 DM,19.0,existing credits paid back duly till now,radio/television,7099.0,A61,unemployed,4.0,male : married/widowed,none,4.0,"if not A121/A122 : car or other, not in attribute 6",28.0,stores,own,1.0,skilled employee / official,2.0,"yes, registered under the customers name",yes,0.138
... >= 200 DM / salary assignments for at least 1 year,46.0,existing credits paid back duly till now,repairs,11665.0,A62,... < 1 year,4.0,female : divorced/separated/married,none,4.0,"if not A121/A122 : car or other, not in attribute 6",75.0,none,own,4.0,skilled employee / official,2.0,none,yes,0.297
... >= 200 DM / salary assignments for at least 1 year,4.0,existing credits paid back duly till now,retraining,276.0,A65,... < 1 year,1.0,male : divorced/separated,none,1.0,if not A121 : building society savings agreement/ life insurance,19.0,none,for free,4.0,skilled employee / official,1.0,"yes, registered under the customers name",yes,0.788
0 <= ... < 200 DM,4.0,all credits at this bank paid back duly,education,276.0,A61,4 <= ... < 7 years,4.0,male : single,guarantor,4.0,real estate,19.0,none,rent,2.0,skilled employee / official,1.0,none,no,0.752
0 <= ... < 200 DM,18.0,delay in paying off in the past,furniture/equipment,276.0,A63,1 <= ... < 4 years,4.0,male : divorced/separated,none,4.0,"if not A121/A122 : car or other, not in attribute 6",75.0,none,own,4.0,unskilled - resident,1.0,"yes, registered under the customers name",yes,0.834
... < 0 DM,38.0,critical account/ other credits existing (not at this bank),radio/television,7500.0,A61,... < 1 year,4.0,male : single,guarantor,4.0,real estate,43.0,none,for free,4.0,unemployed/ unskilled - non-resident,1.0,none,yes,0.7
0 <= ... < 200 DM,60.0,all credits at this bank paid back duly,retraining,15945.0,A63,... < 1 year,4.0,male : divorced/separated,guarantor,4.0,if not A121 : building society savings agreement/ life insurance,75.0,none,rent,4.0,skilled employee / official,1.0,none,no,0.82
0 <= ... < 200 DM,4.0,existing credits paid back duly till now,others,9131.0,A65,unemployed,1.0,male : single,none,1.0,"if not A121/A122 : car or other, not in attribute 6",19.0,bank,own,1.0,unemployed/ unskilled - non-resident,2.0,none,no,0.084
no checking account,4.0,delay in paying off in the past,furniture/equipment,276.0,A65,... < 1 year,1.0,male : divorced/separated,none,1.0,if not A121 : building society savings agreement/ life insurance,19.0,none,rent,4.0,skilled employee / official,1.0,"yes, registered under the customers name",no,0.752
0 <= ... < 200 DM,28.0,existing credits paid back duly till now,education,2208.0,A65,1 <= ... < 4 years,2.0,female : divorced/separated/married,none,2.0,if not A121 : building society savings agreement/ life insurance,30.0,none,for free,2.0,unskilled - resident,1.0,none,yes,0.774
no checking account,46.0,all credits at this bank paid back duly,retraining,6726.0,A64,... < 1 year,2.0,male : divorced/separated,guarantor,2.0,if not A121 : building society savings agreement/ life insurance,44.0,none,for free,4.0,skilled employee / official,1.0,none,yes,0.787
no checking account,60.0,no credits taken/ all credits paid back duly,furniture/equipment,11134.0,A65,1 <= ... < 4 years,4.0,male : divorced/separated,none,4.0,if not A121 : building society savings agreement/ life insurance,75.0,none,rent,4.0,skilled employee / official,1.0,none,no,0.818
0 <= ... < 200 DM,57.0,delay in paying off in the past,furniture/equipment,15945.0,A65,... < 1 year,3.0,male : divorced/separated,none,3.0,if not A121 : building society savings agreement/ life insurance,58.0,none,for free,4.0,unskilled - resident,1.0,"yes, registered under the customers name",yes,0.862
... < 0 DM,4.0,no credits taken/ all credits paid back duly,radio/television,3904.0,A62,unemployed,3.0,male : single,none,1.0,unknown / no property,19.0,stores,for free,1.0,management/ self-employed/ highly qualified employee/ officer,2.0,none,no,0.072
0 <= ... < 200 DM,4.0,existing credits paid back duly till now,education,2521.0,A65,... < 1 year,3.0,male : divorced/separated,none,4.0,"if not A121/A122 : car or other, not in attribute 6",65.0,none,for free,4.0,skilled employee / official,1.0,none,yes,0.88
... >= 200 DM / salary assignments for at least 1 year,30.0,delay in paying off in the past,repairs,6776.0,A62,unemployed,3.0,male : single,co-applicant,1.0,real estate,30.0,bank,own,1.0,unemployed/ unskilled - non-resident,2.0,"yes, registered under the customers name",yes,0.019
no checking account,45.0,existing credits paid back duly till now,radio/television,10672.0,A63,1 <= ... < 4 years,3.0,male : married/widowed,none,3.0,unknown / no property,46.0,none,own,1.0,management/ self-employed/ highly qualified employee/ officer,2.0,none,yes,0.1
no checking account,21.0,delay in paying off in the past,car (new),2960.0,A64,... < 1 year,4.0,male : divorced/separated,co-applicant,4.0,if not A121 : building society savings agreement/ life insurance,52.0,none,rent,2.0,skilled employee / official,1.0,"yes, registered under the customers name",yes,0.809
no checking account,42.0,existing credits paid back duly till now,radio/television,8298.0,A65,.. >= 7 years,4.0,male : single,none,4.0,if not A121 : building society savings agreement/ life insurance,74.0,none,for free,3.0,unemployed/ unskilled - non-resident,1.0,"yes, registered under the customers name",yes,0.757
no checking account,6.0,existing credits paid back duly till now,radio/television,746.0,A61,unemployed,2.0,female : divorced/separated/married,none,1.0,real estate,19.0,none,own,1.0,management/ self-employed/ highly qualified employee/ officer,1.0,"yes, registered under the customers name",yes,0.117
... >= 200 DM / salary assignments for at least 1 year,60.0,existing credits paid back duly till now,radio/television,14895.0,A62,1 <= ... < 4 years,4.0,female : divorced/separated/married,none,3.0,unknown / no property,46.0,none,rent,1.0,unskilled - resident,2.0,none,no,0.139
no checking account,43.0,existing credits paid back duly till now,furniture/equipment,7494.0,A63,.. >= 7 years,4.0,male : single,none,4.0,if not A121 : building society savings agreement/ life insurance,75.0,none,rent,3.0,skilled employee / official,1.0,"yes, registered under the customers name",yes,0.777
no checking account,20.0,delay in paying off in the past,repairs,1371.0,A61,1 <= ... < 4 years,2.0,female : divorced/separated/married,none,2.0,real estate,19.0,none,rent,1.0,unemployed/ unskilled - non-resident,2.0,"yes, registered under the customers name",no,0.23
... < 0 DM,36.0,no credits taken/ all credits paid back duly,domestic appliances,5714.0,A62,unemployed,3.0,male : married/widowed,co-applicant,3.0,real estate,19.0,bank,rent,1.0,management/ self-employed/ highly qualified employee/ officer,1.0,none,yes,0.058
no checking account,55.0,existing credits paid back duly till now,car (used),10886.0,A61,1 <= ... < 4 years,4.0,male : single,none,4.0,unknown / no property,38.0,stores,own,1.0,skilled employee / official,2.0,none,yes,0.069
no checking account,4.0,existing credits paid back duly till now,retraining,276.0,A65,.. >= 7 years,4.0,female : divorced/separated/married,guarantor,1.0,if not A121 : building society savings agreement/ life insurance,23.0,none,for free,4.0,skilled employee / official,1.0,"yes, registered under the customers name",yes,0.77
no checking account,60.0,existing credits paid back duly till now,furniture/equipment,5812.0,A61,1 <= ... < 4 years,4.0,male : divorced/separated,none,3.0,if not A121 : building society savings agreement/ life insurance,75.0,none,for free,3.0,skilled employee / official,1.0,none,yes,0.818
no checking account,38.0,existing credits paid back duly till now,car (new),15945.0,A64,... < 1 year,4.0,male : divorced/separated,none,4.0,if not A121 : building society savings agreement/ life insurance,55.0,none,for free,4.0,skilled employee / official,1.0,"yes, registered under the customers name",yes,0.817
... >= 200 DM / salary assignments for at least 1 year,4.0,existing credits paid back duly till now,retraining,276.0,A61,... < 1 year,1.0,male : divorced/separated,guarantor,1.0,"if not A121/A122 : car or other, not in attribute 6",19.0,none,for free,4.0,skilled employee / official,1.0,"yes, registered under the customers name",no,0.743
... < 0 DM,4.0,delay in paying off in the past,car (new),276.0,A65,4 <= ... < 7 years,4.0,male : single,none,1.0,if not A121 : building society savings agreement/ life insurance,26.0,none,rent,1.0,unemployed/ unskilled - non-resident,1.0,none,yes,0.773
0 <= ... < 200 DM,12.0,existing credits paid back duly till now,car (new),276.0,A63,... < 1 year,4.0,male : single,co-applicant,3.0,if not A121 : building society savings agreement/ life insurance,65.0,none,rent,3.0,unskilled - resident,1.0,none,no,0.84
no checking account,35.0,existing credits paid back duly till now,education,7364.0,A65,.. >= 7 years,4.0,male : divorced/separated,co-applicant,4.0,if not A121 : building society savings agreement/ life insurance,75.0,none,for free,4.0,unemployed/ unskilled - non-resident,1.0,none,yes,0.853
0 <= ... < 200 DM,60.0,delay in paying off in the past,car (new),15945.0,A65,... < 1 year,4.0,male : divorced/separated,none,4.0,if not A121 : building society savings agreement/ life insurance,75.0,none,rent,4.0,skilled employee / official,1.0,"yes, registered under the customers name",no,0.869
0 <= ... < 200 DM,29.0,no credits taken/ all credits paid back duly,others,10016.0,A61,1 <= ... < 4 years,4.0,female : divorced/separated/married,none,1.0,if not A121 : building society savings agreement/ life insurance,19.0,bank,own,1.0,management/ self-employed/ highly qualified employee/ officer,2.0,none,yes,0.074
0 <= ... < 200 DM,7.0,existing credits paid back duly till now,education,3563.0,A63,1 <= ... < 4 years,1.0,female : divorced/separated/married,none,4.0,"if not A121/A122 : car or other, not in attribute 6",22.0,none,for free,2.0,unemployed/ unskilled - non-resident,1.0,none,yes,0.764
0 <= ... < 200 DM,44.0,existing credits paid back duly till now,car (new),8848.0,A65,... < 1 year,2.0,female : divorced/separated/married,none,4.0,unknown / no property,46.0,none,rent,4.0,skilled employee / official,1.0,none,no,0.775
... < 0 DM,4.0,existing credits paid back duly till now,retraining,276.0,A65,... < 1 year,1.0,female : divorced/separated/married,none,1.0,if not A121 : building society savings agreement/ life insurance,19.0,none,rent,4.0,unskilled - resident,1.0,none,yes,0.82
0 <= ... < 200 DM,4.0,existing credits paid back duly till now,car (new),276.0,A63,1 <= ... < 4 years,4.0,male : single,guarantor,3.0,if not A121 : building society savings agreement/ life insurance,28.0,none,for free,2.0,skilled employee / official,1.0,"yes, registered under the customers name",no,0.774
no checking account,13.0,all credits at this bank paid back duly,education,276.0,A61,4 <= ... < 7 years,4.0,female : divorced/separated/married,none,4.0,"if not A121/A122 : car or other, not in attribute 6",60.0,none,own,4.0,unemployed/ unskilled - non-resident,1.0,"yes, registered under the customers name",yes,0.629
no checking account,35.0,existing credits paid back duly till now,retraining,7656.0,A65,4 <= ... < 7 years,4.0,female : divorced/separated/married,none,4.0,if not A121 : building society savings agreement/ life insurance,75.0,none,for free,2.0,skilled employee / official,1.0,none,yes,0.797
0 <= ... < 200 DM,60.0,existing credits paid back duly till now,retraining,15636.0,A65,1 <= ... < 4 years,4.0,male : divorced/separated,guarantor,4.0,if not A121 : building society savings agreement/ life insurance,75.0,none,rent,4.0,skilled employee / official,1.0,"yes, registered under the customers name",no,0.788
... >= 200 DM / salary assignments for at least 1 year,31.0,critical account/ other credits existing (not at this bank),domestic appliances,2175.0,A61,1 <= ... < 4 years,2.0,male : single,guarantor,2.0,unknown / no property,25.0,bank,for free,1.0,unskilled - resident,2.0,"yes, registered under the customers name",yes,0.177
no checking account,50.0,critical account/ other credits existing (not at this bank),car (new),7091.0,A64,1 <= ... < 4 years,3.0,male : divorced/separated,none,4.0,if not A121 : building society savings agreement/ life insurance,75.0,none,rent,4.0,unemployed/ unskilled - non-resident,1.0,"yes, registered under the customers name",no,0.775
... < 0 DM,32.0,all credits at this bank paid back duly,others,5590.0,A64,.. >= 7 years,1.0,male : single,guarantor,1.0,unknown / no property,21.0,bank,for free,1.0,unemployed/ unskilled - non-resident,1.0,"yes, registered under the customers name",no,0.182
no checking account,60.0,critical account/ other credits existing (not at this bank),car (new),15747.0,A63,unemployed,3.0,male : married/widowed,none,3.0,real estate,56.0,bank,for free,1.0,skilled employee / official,2.0,none,yes,0.193
... >= 200 DM / salary assignments for at least 1 year,4.0,no credits taken/ all credits paid back duly,retraining,276.0,A65,... < 1 year,1.0,male : divorced/separated,guarantor,1.0,if not A121 : building society savings agreement/ life insurance,19.0,none,for free,4.0,skilled employee / official,1.0,none,no,0.764
... < 0 DM,4.0,existing credits paid back duly till now,education,276.0,A63,1 <= ... < 4 years,4.0,male : single,none,4.0,unknown / no property,41.0,none,rent,2.0,skilled employee / official,1.0,"yes, registered under the customers name",yes,0.723
0 <= ... < 200 DM,24.0,all credits at this bank paid back duly,car (new),276.0,A65,.. >= 7 years,4.0,male : divorced/separated,guarantor,4.0,"if not A121/A122 : car or other, not in attribute 6",73.0,none,for free,4.0,skilled employee / official,1.0,none,yes,0.868
no checking account,48.0,delay in paying off in the past,education,8188.0,A61,... < 1 year,4.0,male : single,none,4.0,if not A121 : building society savings agreement/ life insurance,75.0,none,for free,4.0,unemployed/ unskilled - non-resident,1.0,none,no,0.84
0 <= ... < 200 DM,60.0,all credits at this bank paid back duly,retraining,15945.0,A65,1 <= ... < 4 years,4.0,male : divorced/separated,guarantor,4.0,if not A121 : building society savings agreement/ life insurance,75.0,none,rent,4.0,skilled employee / official,1.0,"yes, registered under the customers name",yes,0.816
... < 0 DM,30.0,no credits taken/ all credits paid back duly,car (used),6615.0,A62,1 <= ... < 4 years,3.0,female : divorced/separated/married,co-applicant,2.0,unknown / no property,19.0,bank,rent,1.0,management/ self-employed/ highly qualified employee/ officer,2.0,none,yes,0.033
... >= 200 DM / salary assignments for at least 1 year,48.0,existing credits paid back duly till now,domestic appliances,10782.0,A65,unemployed,4.0,male : single,none,3.0,"if not A121/A122 : car or other, not in attribute 6",47.0,stores,own,1.0,skilled employee / official,2.0,none,yes,0.134
no checking account,4.0,all credits at this bank paid back duly,furniture/equipment,276.0,A64,... < 1 year,4.0,female : divorced/separated/married,none,3.0,if not A121 : building society savings agreement/ life insurance,23.0,none,for free,1.0,skilled employee / official,1.0,"yes, registered under the customers name",yes,0.766
no checking account,16.0,delay in paying off in the past,retraining,1699.0,A65,1 <= ... < 4 years,4.0,male : divorced/separated,co-applicant,4.0,"if not A121/A122 : car or other, not in attribute 6",46.0,stores,rent,4.0,skilled employee / official,1.0,none,yes,0.793
... < 0 DM,36.0,delay in paying off in the past,car (new),6497.0,A61,1 <= ... < 4 years,4.0,male : married/widowed,none,4.0,if not A121 : building society savings agreement/ life insurance,67.0,none,for free,4.0,unemployed/ unskilled - non-resident,1.0,none,no,0.8
no checking account,22.0,critical account/ other credits existing (not at this bank),business,4537.0,A62,.. >= 7 years,1.0,male : single,none,3.0,"if not A121/A122 : car or other, not in attribute 6",31.0,none,own,3.0,management/ self-employed/ highly qualified employee/ officer,1.0,none,no,0.195
0 <= ... < 200 DM,40.0,delay in paying off in the past,car (new),9813.0,A61,unemployed,3.0,male : married/widowed,co-applicant,4.0,"if not A121/A122 : car or other, not in attribute 6",61.0,none,own,3.0,management/ self-employed/ highly qualified employee/ officer,2.0,"yes, registered under the customers name",yes,0.189
no checking account,50.0,critical account/ other credits existing (not at this bank),car (new),7089.0,A64,1 <= ... < 4 years,3.0,male : divorced/separated,none,4.0,if not A121 : building society savings agreement/ life insurance,75.0,none,rent,4.0,unemployed/ unskilled - non-resident,1.0,"yes, registered under the customers name",no,0.775
0 <= ... < 200 DM,54.0,critical account/ other credits existing (not at this bank),car (new),6478.0,A61,1 <= ... < 4 years,3.0,female : divorced/separated/married,guarantor,4.0,"if not A121/A122 : car or other, not in attribute 6",67.0,none,rent,3.0,unskilled - resident,1.0,"yes, registered under the customers name",yes,0.694
no checking account,60.0,existing credits paid back duly till now,furniture/equipment,15945.0,A65,... < 1 year,4.0,male : divorced/separated,none,4.0,if not A121 : building society savings agreement/ life insurance,75.0,none,for free,4.0,skilled employee / official,1.0,"yes, registered under the customers name",yes,0.833
no checking account,4.0,all credits at this bank paid back duly,radio/television,590.0,A61,1 <= ... < 4 years,3.0,male : single,none,1.0,unknown / no property,19.0,bank,for free,1.0,skilled employee / official,1.0,none,no,0.204
... < 0 DM,4.0,all credits at this bank paid back duly,furniture/equipment,276.0,A65,... < 1 year,1.0,male : divorced/separated,none,1.0,if not A121 : building society savings agreement/ life insurance,19.0,none,own,4.0,skilled employee / official,1.0,"yes, registered under the customers name",no,0.744
no checking account,4.0,delay in paying off in the past,retraining,276.0,A63,unemployed,4.0,male : single,none,4.0,if not A121 : building society savings agreement/ life insurance,22.0,none,for free,1.0,management/ self-employed/ highly qualified employee/ officer,1.0,none,yes,0.682
0 <= ... < 200 DM,4.0,existing credits paid back duly till now,car (new),276.0,A65,... < 1 year,4.0,male : divorced/separated,guarantor,4.0,"if not A121/A122 : car or other, not in attribute 6",73.0,none,rent,3.0,unemployed/ unskilled - non-resident,1.0,"yes, registered under the customers name",no,0.88
no checking account,31.0,existing credits paid back duly till now,retraining,7979.0,A65,unemployed,4.0,male : single,none,4.0,if not A121 : building society savings agreement/ life insurance,75.0,none,rent,4.0,management/ self-employed/ highly qualified employee/ officer,1.0,"yes, registered under the customers name",yes,0.742
0 <= ... < 200 DM,60.0,delay in paying off in the past,retraining,15945.0,A65,... < 1 year,4.0,male : divorced/separated,guarantor,4.0,if not A121 : building society savings agreement/ life insurance,48.0,none,for free,4.0,skilled employee / official,1.0,"yes, registered under the customers name",yes,0.847
no checking account,4.0,delay in paying off in the past,retraining,276.0,A65,.. >= 7 years,1.0,male : divorced/separated,guarantor,1.0,if not A121 : building society savings agreement/ life insurance,19.0,none,for free,2.0,unemployed/ unskilled - non-resident,1.0,none,yes,0.833
0 <= ... < 200 DM,7.0,all credits at this bank paid back duly,car (new),276.0,A63,1 <= ... < 4 years,1.0,male : divorced/separated,none,3.0,if not A121 : building society savings agreement/ life insurance,37.0,none,rent,4.0,unskilled - resident,1.0,"yes, registered under the customers name",no,0.85
... < 0 DM,4.0,critical account/ other credits existing (not at this bank),furniture/equipment,276.0,A65,1 <= ... < 4 years,3.0,female : divorced/separated/married,none,4.0,if not A121 : building society savings agreement/ life insurance,69.0,none,rent,1.0,unskilled - resident,1.0,none,yes,0.767
... >= 200 DM / salary assignments for at least 1 year,27.0,delay in paying off in the past,education,6214.0,A61,... < 1 year,4.0,male : divorced/separated,guarantor,4.0,if not A121 : building society savings agreement/ life insurance,75.0,none,rent,4.0,unemployed/ unskilled - non-resident,1.0,none,yes,0.881
0 <= ... < 200 DM,60.0,all credits at this bank paid back duly,retraining,15945.0,A65,1 <= ... < 4 years,4.0,male : divorced/separated,none,4.0,if not A121 : building society savings agreement/ life insurance,75.0,none,for free,4.0,unskilled - resident,1.0,"yes, registered under the customers name",yes,0.858
no checking account,10.0,no credits taken/ all credits paid back duly,others,3233.0,A62,unemployed,1.0,male : single,co-applicant,2.0,real estate,27.0,bank,own,1.0,management/ self-employed/ highly qualified employee/ officer,1.0,"yes, registered under the customers name",yes,0.022
... < 0 DM,4.0,existing credits paid back duly till now,car (used),9517.0,A61,.. >= 7 years,1.0,male : single,none,3.0,unknown / no property,49.0,bank,own,1.0,management/ self-employed/ highly qualified employee/ officer,2.0,"yes, registered under the customers name",yes,0.03
no checking account,35.0,existing credits paid back duly till now,education,7365.0,A65,.. >= 7 years,4.0,male : divorced/separated,co-applicant,4.0,if not A121 : building society savings agreement/ life insurance,75.0,none,for free,4.0,unemployed/ unskilled - non-resident,1.0,none,yes,0.853
